{
"type": "FeatureCollection",
"features": [
{
  "type": "Feature",
  "id": "way/26658456",
  "properties": {
    "building": "yes",
    "building:levels": "8",
    "height": "27.3",
    "name": "세운전자상가",
    "name:en": "SeWoon Shopping Center",
    "name:ja": "世運電子商街",
    "name:ko": "세운전자상가",
    "website": "http://sewoonplaza.com/",
    "wikidata": "Q7457030",
    "wikipedia": "ko:세운상가",
    "id": "way/26658456"
  },
  "geometry": {
    "type": "Polygon",
    "coordinates": [
      [
        [
          126.9950635,
          37.5696626
        ],
        [
          126.9950692,
          37.569593
        ],
        [
          126.9950787,
          37.5694146
        ],
        [
          126.9951154,
          37.5688273
        ],
        [
          126.9951491,
          37.5688276
        ],
        [
          126.9952699,
          37.5688315
        ],
        [
          126.9954855,
          37.5688426
        ],
        [
          126.9954044,
          37.5696844
        ],
        [
          126.995279,
          37.5696729
        ],
        [
          126.9952745,
          37.5697093
        ],
        [
          126.9952246,
          37.5697052
        ],
        [
          126.995229,
          37.5696763
        ],
        [
          126.9950635,
          37.5696626
        ]
      ]
    ]
  }
},
{
  "type": "Feature",
  "id": "way/142096704",
  "properties": {
    "addr:city": "서울특별시",
    "addr:district": "중구",
    "addr:housenumber": "125",
    "addr:postcode": "04521",
    "addr:street": "남대문로",
    "addr:subdistrict": "다동",
    "building": "commercial",
    "building:levels": "16",
    "height": "68",
    "name": "DGB금융센터",
    "name:en": "DGB Finance Center",
    "name:ja": "DGB金融センター",
    "office": "yes",
    "start_date": "1986",
    "id": "way/142096704"
  },
  "geometry": {
    "type": "Polygon",
    "coordinates": [
      [
        [
          126.9821265,
          37.5685286
        ],
        [
          126.9821147,
          37.568161
        ],
        [
          126.9823135,
          37.568157
        ],
        [
          126.9823146,
          37.5681914
        ],
        [
          126.9823532,
          37.5681907
        ],
        [
          126.9823542,
          37.5682223
        ],
        [
          126.9823919,
          37.5682215
        ],
        [
          126.9823996,
          37.5684602
        ],
        [
          126.9823669,
          37.5684608
        ],
        [
          126.9823679,
          37.5684945
        ],
        [
          126.9823299,
          37.5684953
        ],
        [
          126.9823308,
          37.5685244
        ],
        [
          126.9821265,
          37.5685286
        ]
      ]
    ]
  }
},
{
  "type": "Feature",
  "id": "way/142096706",
  "properties": {
    "building": "yes",
    "building:levels": "20",
    "height": "82",
    "name": "관정빌딩",
    "start_date": "1986",
    "id": "way/142096706"
  },
  "geometry": {
    "type": "Polygon",
    "coordinates": [
      [
        [
          126.981116,
          37.5694435
        ],
        [
          126.981108,
          37.5694224
        ],
        [
          126.9810932,
          37.5694199
        ],
        [
          126.9810793,
          37.569274
        ],
        [
          126.9811082,
          37.569271
        ],
        [
          126.9811114,
          37.5692607
        ],
        [
          126.9815828,
          37.5692313
        ],
        [
          126.9816077,
          37.5694038
        ],
        [
          126.981116,
          37.5694435
        ]
      ]
    ]
  }
},
{
  "type": "Feature",
  "id": "way/223166193",
  "properties": {
    "addr:city": "서울특별시",
    "addr:district": "종로구",
    "addr:housenumber": "1",
    "addr:postcode": "03187",
    "addr:street": "청계천로",
    "addr:subdistrict": "서린동",
    "building": "yes",
    "building:levels": "20",
    "height": "103",
    "name": "동아일보사",
    "name:en": "Dong-a ilbo",
    "name:ja": "東亜日報社",
    "name:ko": "동아일보사",
    "name:zh": "东亚日报",
    "office": "newspaper",
    "start_date": "1999",
    "website": "https://www.donga.com/",
    "id": "way/223166193"
  },
  "geometry": {
    "type": "Polygon",
    "coordinates": [
      [
        [
          126.9776136,
          37.5695316
        ],
        [
          126.977615,
          37.569512
        ],
        [
          126.9776227,
          37.5694932
        ],
        [
          126.9776361,
          37.5694766
        ],
        [
          126.9776568,
          37.5694619
        ],
        [
          126.9776819,
          37.5694524
        ],
        [
          126.977712,
          37.5694455
        ],
        [
          126.9777552,
          37.5694617
        ],
        [
          126.9782782,
          37.56943
        ],
        [
          126.9782896,
          37.5695326
        ],
        [
          126.978214,
          37.569537
        ],
        [
          126.9782148,
          37.5695474
        ],
        [
          126.9782434,
          37.5696008
        ],
        [
          126.9781574,
          37.5695993
        ],
        [
          126.9781608,
          37.5696113
        ],
        [
          126.9777558,
          37.5696015
        ],
        [
          126.9777289,
          37.5696044
        ],
        [
          126.9776952,
          37.5696025
        ],
        [
          126.9776688,
          37.569596
        ],
        [
          126.9776458,
          37.5695838
        ],
        [
          126.9776295,
          37.5695688
        ],
        [
          126.9776185,
          37.569551
        ],
        [
          126.9776136,
          37.5695316
        ]
      ]
    ]
  }
},
{
  "type": "Feature",
  "id": "way/256815224",
  "properties": {
    "addr:city": "서울특별시",
    "addr:district": "중구",
    "addr:housename": "Korea Tourism Organization",
    "addr:housenumber": "40",
    "addr:postcode": "04521",
    "addr:street": "청계천로",
    "addr:subdistrict": "다동",
    "alt_name": "한국관광공사",
    "building": "commercial",
    "building:levels": "16",
    "height": "70",
    "name": "한국관광공사 서울센터",
    "name:en": "Korea Tourism Organization Seoul Center",
    "name:ja": "韓国観光公社 ソウルセンター",
    "name:ko": "한국관광공사 서울센터",
    "office": "yes",
    "smoking": "no",
    "source": "http://kto.visitkorea.or.kr/eng/overview/howto.kto",
    "start_date": "1984",
    "id": "way/256815224"
  },
  "geometry": {
    "type": "Polygon",
    "coordinates": [
      [
        [
          126.9812787,
          37.5686382
        ],
        [
          126.9812619,
          37.5685001
        ],
        [
          126.9813411,
          37.5684919
        ],
        [
          126.9813357,
          37.5684703
        ],
        [
          126.9819033,
          37.5684315
        ],
        [
          126.9819074,
          37.5684481
        ],
        [
          126.9819702,
          37.568444
        ],
        [
          126.9819861,
          37.568585
        ],
        [
          126.9818355,
          37.5685959
        ],
        [
          126.981839,
          37.5686142
        ],
        [
          126.981433,
          37.5686422
        ],
        [
          126.9814329,
          37.5686287
        ],
        [
          126.9812787,
          37.5686382
        ]
      ]
    ]
  }
},
{
  "type": "Feature",
  "id": "way/258898493",
  "properties": {
    "name": "청계광장",
    "name:en": "Cheonggye Plaza",
    "name:ja": "清渓広場",
    "name:ko": "청계광장",
    "place": "square",
    "id": "way/258898493"
  },
  "geometry": {
    "type": "Polygon",
    "coordinates": [
      [
        [
          126.9775104,
          37.5693289
        ],
        [
          126.9774636,
          37.5693255
        ],
        [
          126.9774486,
          37.5693152
        ],
        [
          126.9774385,
          37.5693028
        ],
        [
          126.9774251,
          37.5692856
        ],
        [
          126.9774141,
          37.5692668
        ],
        [
          126.9774108,
          37.5692483
        ],
        [
          126.9774114,
          37.5692282
        ],
        [
          126.9774183,
          37.5691968
        ],
        [
          126.9774315,
          37.5691683
        ],
        [
          126.9774536,
          37.5691476
        ],
        [
          126.9774795,
          37.5691314
        ],
        [
          126.977522,
          37.5691208
        ],
        [
          126.9775583,
          37.5691179
        ],
        [
          126.9775809,
          37.5691167
        ],
        [
          126.9777912,
          37.5691053
        ],
        [
          126.9785359,
          37.5690609
        ],
        [
          126.9785576,
          37.5692752
        ],
        [
          126.977708,
          37.5693211
        ],
        [
          126.9776049,
          37.5693266
        ],
        [
          126.9775104,
          37.5693289
        ]
      ]
    ]
  }
},
{
  "type": "Feature",
  "id": "way/332565589",
  "properties": {
    "addr:city": "서울특별시",
    "addr:district": "종로구",
    "addr:housenumber": "11",
    "addr:postcode": "03187",
    "addr:street": "청계천로",
    "addr:subdistrict": "서린동",
    "building": "yes",
    "building:levels": "20",
    "height": "72",
    "name": "청계11빌딩",
    "start_date": "1973",
    "id": "way/332565589"
  },
  "geometry": {
    "type": "Polygon",
    "coordinates": [
      [
        [
          126.978579,
          37.5693852
        ],
        [
          126.9789738,
          37.5693636
        ],
        [
          126.9789909,
          37.5695606
        ],
        [
          126.9788858,
          37.5695664
        ],
        [
          126.9788919,
          37.5696361
        ],
        [
          126.9787204,
          37.5696455
        ],
        [
          126.9787147,
          37.5695793
        ],
        [
          126.9785965,
          37.5695858
        ],
        [
          126.978579,
          37.5693852
        ]
      ]
    ]
  }
},
{
  "type": "Feature",
  "id": "way/332565595",
  "properties": {
    "addr:city": "서울특별시",
    "addr:district": "중구",
    "addr:housenumber": "8",
    "addr:postcode": "04520",
    "addr:street": "청계천로",
    "addr:subdistrict": "무교동",
    "building": "yes",
    "building:levels": "15",
    "height": "65",
    "name": "서울특별시청 청계청사",
    "name:en": "Seoul City Hall Cheonggye Office",
    "name:ja": "ソウル特別市庁 清渓庁舎",
    "name:ko": "서울특별시청 청계청사",
    "name:ko-Latn": "Seoulteukbyeolsicheong Cheonggyecheongsa",
    "name:zh": "首尔市政府清溪事务所",
    "office": "government",
    "id": "way/332565595"
  },
  "geometry": {
    "type": "Polygon",
    "coordinates": [
      [
        [
          126.9779554,
          37.5689254
        ],
        [
          126.9779479,
          37.5688109
        ],
        [
          126.9779857,
          37.5688093
        ],
        [
          126.9779822,
          37.5687554
        ],
        [
          126.9784288,
          37.568737
        ],
        [
          126.9784352,
          37.5688348
        ],
        [
          126.9784064,
          37.568836
        ],
        [
          126.9784111,
          37.5689066
        ],
        [
          126.9779554,
          37.5689254
        ]
      ]
    ]
  }
},
{
  "type": "Feature",
  "id": "way/332565598",
  "properties": {
    "building": "yes",
    "building:levels": "15",
    "height": "65",
    "start_date": "1985",
    "id": "way/332565598"
  },
  "geometry": {
    "type": "Polygon",
    "coordinates": [
      [
        [
          126.9785942,
          37.5688929
        ],
        [
          126.9785832,
          37.5687529
        ],
        [
          126.9787729,
          37.5687436
        ],
        [
          126.978769,
          37.5686942
        ],
        [
          126.9789973,
          37.568683
        ],
        [
          126.9790003,
          37.5687216
        ],
        [
          126.9790415,
          37.5687196
        ],
        [
          126.9790533,
          37.5688704
        ],
        [
          126.9785942,
          37.5688929
        ]
      ]
    ]
  }
},
{
  "type": "Feature",
  "id": "way/332565601",
  "properties": {
    "building": "yes",
    "building:levels": "20",
    "height": "106",
    "name": "씨티은행",
    "name:ja": "シティ銀行",
    "start_date": "1997",
    "id": "way/332565601"
  },
  "geometry": {
    "type": "Polygon",
    "coordinates": [
      [
        [
          126.9799863,
          37.5687427
        ],
        [
          126.9799817,
          37.5686974
        ],
        [
          126.9799921,
          37.568697
        ],
        [
          126.9799899,
          37.5686772
        ],
        [
          126.980011,
          37.5686763
        ],
        [
          126.9799978,
          37.5685361
        ],
        [
          126.9799928,
          37.5684793
        ],
        [
          126.9799981,
          37.5684787
        ],
        [
          126.9799851,
          37.568466
        ],
        [
          126.9800148,
          37.5684623
        ],
        [
          126.9800013,
          37.5684459
        ],
        [
          126.9801002,
          37.5684307
        ],
        [
          126.9802208,
          37.5684259
        ],
        [
          126.9803357,
          37.5684266
        ],
        [
          126.9803242,
          37.5684435
        ],
        [
          126.9803261,
          37.5684649
        ],
        [
          126.9803417,
          37.568458
        ],
        [
          126.9803734,
          37.5684569
        ],
        [
          126.9803851,
          37.5684665
        ],
        [
          126.9804074,
          37.5687297
        ],
        [
          126.9799863,
          37.5687427
        ]
      ]
    ]
  }
},
{
  "type": "Feature",
  "id": "way/332565604",
  "properties": {
    "building": "yes",
    "building:levels": "20",
    "height": "102",
    "name": "예금보험공사",
    "start_date": "1994",
    "id": "way/332565604"
  },
  "geometry": {
    "type": "Polygon",
    "coordinates": [
      [
        [
          126.9805927,
          37.568642
        ],
        [
          126.9805272,
          37.5686446
        ],
        [
          126.9805137,
          37.5684988
        ],
        [
          126.9805723,
          37.5684934
        ],
        [
          126.9805662,
          37.5684521
        ],
        [
          126.980736,
          37.5684232
        ],
        [
          126.980861,
          37.5684249
        ],
        [
          126.9809778,
          37.5684238
        ],
        [
          126.9809952,
          37.5686082
        ],
        [
          126.9809413,
          37.5686105
        ],
        [
          126.980948,
          37.5686683
        ],
        [
          126.9805983,
          37.5686888
        ],
        [
          126.9805927,
          37.568642
        ]
      ]
    ]
  }
},
{
  "type": "Feature",
  "id": "way/332565607",
  "properties": {
    "building": "yes",
    "building:levels": "15",
    "height": "60",
    "name": "효령 빌딩",
    "name:ko": "효령빌딩",
    "start_date": "1985",
    "id": "way/332565607"
  },
  "geometry": {
    "type": "Polygon",
    "coordinates": [
      [
        [
          126.9793414,
          37.5688231
        ],
        [
          126.9793208,
          37.5686084
        ],
        [
          126.9795744,
          37.5685931
        ],
        [
          126.9795877,
          37.5687317
        ],
        [
          126.9796747,
          37.5687264
        ],
        [
          126.979682,
          37.5688026
        ],
        [
          126.9793414,
          37.5688231
        ]
      ]
    ]
  }
},
{
  "type": "Feature",
  "id": "way/355849651",
  "properties": {
    "building": "yes",
    "id": "way/355849651"
  },
  "geometry": {
    "type": "Polygon",
    "coordinates": [
      [
        [
          126.9830499,
          37.5694921
        ],
        [
          126.9830495,
          37.5693351
        ],
        [
          126.9832662,
          37.5693347
        ],
        [
          126.9832661,
          37.5692714
        ],
        [
          126.9833504,
          37.5692713
        ],
        [
          126.9833505,
          37.5693122
        ],
        [
          126.9833912,
          37.5693121
        ],
        [
          126.9833913,
          37.5693647
        ],
        [
          126.9833469,
          37.5693647
        ],
        [
          126.9833473,
          37.5694916
        ],
        [
          126.9830499,
          37.5694921
        ]
      ]
    ]
  }
},
{
  "type": "Feature",
  "id": "way/355849652",
  "properties": {
    "building": "yes",
    "id": "way/355849652"
  },
  "geometry": {
    "type": "Polygon",
    "coordinates": [
      [
        [
          126.9830405,
          37.5693283
        ],
        [
          126.9830404,
          37.5692449
        ],
        [
          126.9831706,
          37.5692448
        ],
        [
          126.9831707,
          37.5693282
        ],
        [
          126.9830405,
          37.5693283
        ]
      ]
    ]
  }
},
{
  "type": "Feature",
  "id": "way/355849659",
  "properties": {
    "building": "yes",
    "id": "way/355849659"
  },
  "geometry": {
    "type": "Polygon",
    "coordinates": [
      [
        [
          126.9830397,
          37.5692357
        ],
        [
          126.983021,
          37.5691559
        ],
        [
          126.9830542,
          37.5691238
        ],
        [
          126.9831494,
          37.5691099
        ],
        [
          126.9831742,
          37.5692159
        ],
        [
          126.9830397,
          37.5692357
        ]
      ]
    ]
  }
},
{
  "type": "Feature",
  "id": "way/355849660",
  "properties": {
    "building": "yes",
    "id": "way/355849660"
  },
  "geometry": {
    "type": "Polygon",
    "coordinates": [
      [
        [
          126.9831954,
          37.5692604
        ],
        [
          126.9831776,
          37.5691632
        ],
        [
          126.9833246,
          37.569146
        ],
        [
          126.9832989,
          37.5692371
        ],
        [
          126.9831954,
          37.5692604
        ]
      ]
    ]
  }
},
{
  "type": "Feature",
  "id": "way/355849661",
  "properties": {
    "building": "yes",
    "building:levels": "15",
    "height": "57",
    "name": "교원투어빌딩",
    "start_date": "1995",
    "id": "way/355849661"
  },
  "geometry": {
    "type": "Polygon",
    "coordinates": [
      [
        [
          126.9835484,
          37.5692322
        ],
        [
          126.9835295,
          37.5691678
        ],
        [
          126.98337,
          37.5691974
        ],
        [
          126.9833496,
          37.5691281
        ],
        [
          126.9833722,
          37.5691239
        ],
        [
          126.9833478,
          37.5691063
        ],
        [
          126.9833347,
          37.5690637
        ],
        [
          126.9833463,
          37.5690566
        ],
        [
          126.9835357,
          37.5690216
        ],
        [
          126.9835624,
          37.5691124
        ],
        [
          126.9836187,
          37.569102
        ],
        [
          126.9836514,
          37.5692131
        ],
        [
          126.9835484,
          37.5692322
        ]
      ]
    ]
  }
},
{
  "type": "Feature",
  "id": "way/355849662",
  "properties": {
    "building": "yes",
    "id": "way/355849662"
  },
  "geometry": {
    "type": "Polygon",
    "coordinates": [
      [
        [
          126.9837392,
          37.56921
        ],
        [
          126.9837384,
          37.5691816
        ],
        [
          126.9837587,
          37.5691813
        ],
        [
          126.9837568,
          37.5691143
        ],
        [
          126.9839255,
          37.5691113
        ],
        [
          126.9839281,
          37.5692067
        ],
        [
          126.9837392,
          37.56921
        ]
      ]
    ]
  }
},
{
  "type": "Feature",
  "id": "way/355849663",
  "properties": {
    "building": "yes",
    "building:levels": "9",
    "start_date": "1964",
    "id": "way/355849663"
  },
  "geometry": {
    "type": "Polygon",
    "coordinates": [
      [
        [
          126.9837401,
          37.5691133
        ],
        [
          126.9837247,
          37.5690565
        ],
        [
          126.9836998,
          37.5690583
        ],
        [
          126.9836765,
          37.5689679
        ],
        [
          126.983871,
          37.5689333
        ],
        [
          126.9839284,
          37.5689715
        ],
        [
          126.9839209,
          37.5691029
        ],
        [
          126.9837401,
          37.5691133
        ]
      ]
    ]
  }
},
{
  "type": "Feature",
  "id": "way/355863760",
  "properties": {
    "building": "yes",
    "id": "way/355863760"
  },
  "geometry": {
    "type": "Polygon",
    "coordinates": [
      [
        [
          126.9840108,
          37.5691531
        ],
        [
          126.9840111,
          37.5690121
        ],
        [
          126.9841906,
          37.5690124
        ],
        [
          126.9841902,
          37.5691533
        ],
        [
          126.9841826,
          37.5691533
        ],
        [
          126.9840108,
          37.5691531
        ]
      ]
    ]
  }
},
{
  "type": "Feature",
  "id": "way/355863761",
  "properties": {
    "building": "yes",
    "id": "way/355863761"
  },
  "geometry": {
    "type": "Polygon",
    "coordinates": [
      [
        [
          126.9840122,
          37.5690016
        ],
        [
          126.9840122,
          37.5689077
        ],
        [
          126.984039,
          37.5688922
        ],
        [
          126.9840896,
          37.5688922
        ],
        [
          126.9840895,
          37.5690016
        ],
        [
          126.9840122,
          37.5690016
        ]
      ]
    ]
  }
},
{
  "type": "Feature",
  "id": "way/355863762",
  "properties": {
    "building": "yes",
    "id": "way/355863762"
  },
  "geometry": {
    "type": "Polygon",
    "coordinates": [
      [
        [
          126.9841942,
          37.5692231
        ],
        [
          126.9841959,
          37.569091
        ],
        [
          126.9843629,
          37.5690923
        ],
        [
          126.9843613,
          37.5692244
        ],
        [
          126.9841942,
          37.5692231
        ]
      ]
    ]
  }
},
{
  "type": "Feature",
  "id": "way/355863763",
  "properties": {
    "building": "yes",
    "id": "way/355863763"
  },
  "geometry": {
    "type": "Polygon",
    "coordinates": [
      [
        [
          126.9841978,
          37.5690861
        ],
        [
          126.9841987,
          37.5690108
        ],
        [
          126.984247,
          37.5690112
        ],
        [
          126.9842484,
          37.5688917
        ],
        [
          126.9843833,
          37.5688928
        ],
        [
          126.984381,
          37.5690875
        ],
        [
          126.9841978,
          37.5690861
        ]
      ]
    ]
  }
},
{
  "type": "Feature",
  "id": "way/355881801",
  "properties": {
    "building": "yes",
    "id": "way/355881801"
  },
  "geometry": {
    "type": "Polygon",
    "coordinates": [
      [
        [
          126.9844928,
          37.5689437
        ],
        [
          126.9844728,
          37.5688612
        ],
        [
          126.9845871,
          37.5688438
        ],
        [
          126.9846072,
          37.5689262
        ],
        [
          126.9844928,
          37.5689437
        ]
      ]
    ]
  }
},
{
  "type": "Feature",
  "id": "way/355881802",
  "properties": {
    "building": "yes",
    "id": "way/355881802"
  },
  "geometry": {
    "type": "Polygon",
    "coordinates": [
      [
        [
          126.9844717,
          37.5690589
        ],
        [
          126.984477,
          37.5689495
        ],
        [
          126.9845708,
          37.5689747
        ],
        [
          126.9845389,
          37.5690659
        ],
        [
          126.9844717,
          37.5690589
        ]
      ]
    ]
  }
},
{
  "type": "Feature",
  "id": "way/355881804",
  "properties": {
    "building": "yes",
    "id": "way/355881804"
  },
  "geometry": {
    "type": "Polygon",
    "coordinates": [
      [
        [
          126.9845022,
          37.5691659
        ],
        [
          126.9844683,
          37.5691388
        ],
        [
          126.9844704,
          37.5690666
        ],
        [
          126.9845361,
          37.5690678
        ],
        [
          126.9845739,
          37.5690828
        ],
        [
          126.9845838,
          37.5690828
        ],
        [
          126.9845838,
          37.5690137
        ],
        [
          126.9847095,
          37.5690137
        ],
        [
          126.9847095,
          37.5691659
        ],
        [
          126.9845022,
          37.5691659
        ]
      ]
    ]
  }
},
{
  "type": "Feature",
  "id": "way/355881805",
  "properties": {
    "building": "yes",
    "id": "way/355881805"
  },
  "geometry": {
    "type": "Polygon",
    "coordinates": [
      [
        [
          126.9846597,
          37.5689408
        ],
        [
          126.9846878,
          37.5688921
        ],
        [
          126.9848444,
          37.5689489
        ],
        [
          126.9848163,
          37.5689975
        ],
        [
          126.9846597,
          37.5689408
        ]
      ]
    ]
  }
},
{
  "type": "Feature",
  "id": "way/355881808",
  "properties": {
    "building": "yes",
    "id": "way/355881808"
  },
  "geometry": {
    "type": "Polygon",
    "coordinates": [
      [
        [
          126.9847018,
          37.5688171
        ],
        [
          126.9847819,
          37.5688076
        ],
        [
          126.9847924,
          37.5688633
        ],
        [
          126.9847503,
          37.5688483
        ],
        [
          126.9846985,
          37.568854
        ],
        [
          126.9846947,
          37.5688322
        ],
        [
          126.9847018,
          37.5688171
        ]
      ]
    ]
  }
},
{
  "type": "Feature",
  "id": "way/355884895",
  "properties": {
    "building": "apartments",
    "building:flats": "152",
    "building:levels": "15",
    "height": "65",
    "name": "종로1번가 오피스텔",
    "name:ko": "종로1번가오피스텔",
    "start_date": "2005",
    "id": "way/355884895"
  },
  "geometry": {
    "type": "Polygon",
    "coordinates": [
      [
        [
          126.9849363,
          37.5688037
        ],
        [
          126.9851386,
          37.5687686
        ],
        [
          126.9851475,
          37.568795
        ],
        [
          126.9852133,
          37.568788
        ],
        [
          126.9852288,
          37.5688392
        ],
        [
          126.9852131,
          37.5688445
        ],
        [
          126.9852268,
          37.5688919
        ],
        [
          126.9852135,
          37.5688948
        ],
        [
          126.9852014,
          37.5689579
        ],
        [
          126.9851841,
          37.5689663
        ],
        [
          126.9851682,
          37.5689688
        ],
        [
          126.9851524,
          37.5689642
        ],
        [
          126.9851352,
          37.568955
        ],
        [
          126.9851254,
          37.5689365
        ],
        [
          126.984972,
          37.5689578
        ],
        [
          126.9849568,
          37.5689053
        ],
        [
          126.9849318,
          37.5689064
        ],
        [
          126.9849077,
          37.5689014
        ],
        [
          126.9848803,
          37.5688921
        ],
        [
          126.9848653,
          37.568884
        ],
        [
          126.9848541,
          37.5688728
        ],
        [
          126.9848471,
          37.5688627
        ],
        [
          126.9848429,
          37.5688519
        ],
        [
          126.9848444,
          37.568842
        ],
        [
          126.9848507,
          37.5688328
        ],
        [
          126.9848689,
          37.5688198
        ],
        [
          126.9848871,
          37.568814
        ],
        [
          126.9849081,
          37.5688125
        ],
        [
          126.9849253,
          37.5688143
        ],
        [
          126.9849415,
          37.5688188
        ],
        [
          126.9849363,
          37.5688037
        ]
      ]
    ]
  }
},
{
  "type": "Feature",
  "id": "way/355884899",
  "properties": {
    "building": "yes",
    "building:levels": "14",
    "height": "54",
    "start_date": "1990",
    "id": "way/355884899"
  },
  "geometry": {
    "type": "Polygon",
    "coordinates": [
      [
        [
          126.9855119,
          37.5689127
        ],
        [
          126.9855087,
          37.5688385
        ],
        [
          126.9853704,
          37.5688376
        ],
        [
          126.9853589,
          37.5688312
        ],
        [
          126.9853474,
          37.5688173
        ],
        [
          126.9853436,
          37.5687187
        ],
        [
          126.9856401,
          37.5686804
        ],
        [
          126.9856622,
          37.5686878
        ],
        [
          126.9856713,
          37.568702
        ],
        [
          126.985674,
          37.5687167
        ],
        [
          126.9856747,
          37.5689125
        ],
        [
          126.9855119,
          37.5689127
        ]
      ]
    ]
  }
},
{
  "type": "Feature",
  "id": "way/355891989",
  "properties": {
    "building": "yes",
    "id": "way/355891989"
  },
  "geometry": {
    "type": "Polygon",
    "coordinates": [
      [
        [
          126.9858095,
          37.5688018
        ],
        [
          126.9858105,
          37.56865
        ],
        [
          126.9858226,
          37.5686187
        ],
        [
          126.9858556,
          37.5685952
        ],
        [
          126.9859096,
          37.568577
        ],
        [
          126.985905,
          37.568799
        ],
        [
          126.9858095,
          37.5688018
        ]
      ]
    ]
  }
},
{
  "type": "Feature",
  "id": "way/355891994",
  "properties": {
    "building": "yes",
    "id": "way/355891994"
  },
  "geometry": {
    "type": "Polygon",
    "coordinates": [
      [
        [
          126.98594,
          37.5688257
        ],
        [
          126.9859413,
          37.5687025
        ],
        [
          126.9860448,
          37.5687032
        ],
        [
          126.9860434,
          37.5688264
        ],
        [
          126.98594,
          37.5688257
        ]
      ]
    ]
  }
},
{
  "type": "Feature",
  "id": "way/355891998",
  "properties": {
    "building": "yes",
    "id": "way/355891998"
  },
  "geometry": {
    "type": "Polygon",
    "coordinates": [
      [
        [
          126.9859451,
          37.5686702
        ],
        [
          126.9859383,
          37.5685807
        ],
        [
          126.9859897,
          37.5685655
        ],
        [
          126.9860033,
          37.5686525
        ],
        [
          126.9859451,
          37.5686702
        ]
      ]
    ]
  }
},
{
  "type": "Feature",
  "id": "way/355892000",
  "properties": {
    "building": "yes",
    "id": "way/355892000"
  },
  "geometry": {
    "type": "Polygon",
    "coordinates": [
      [
        [
          126.9860633,
          37.5688278
        ],
        [
          126.9860629,
          37.5687383
        ],
        [
          126.9861214,
          37.5687381
        ],
        [
          126.9861211,
          37.5686753
        ],
        [
          126.986196,
          37.568675
        ],
        [
          126.9861971,
          37.5688277
        ],
        [
          126.9860633,
          37.5688278
        ]
      ]
    ]
  }
},
{
  "type": "Feature",
  "id": "way/355892004",
  "properties": {
    "building": "yes",
    "id": "way/355892004"
  },
  "geometry": {
    "type": "Polygon",
    "coordinates": [
      [
        [
          126.986201,
          37.5687416
        ],
        [
          126.986199,
          37.5686671
        ],
        [
          126.9863148,
          37.5686651
        ],
        [
          126.9863142,
          37.5686417
        ],
        [
          126.9864289,
          37.5686397
        ],
        [
          126.9864338,
          37.5688186
        ],
        [
          126.9863153,
          37.5688206
        ],
        [
          126.9863136,
          37.5687592
        ],
        [
          126.9862933,
          37.5687596
        ],
        [
          126.9862928,
          37.56874
        ],
        [
          126.986201,
          37.5687416
        ]
      ]
    ]
  }
},
{
  "type": "Feature",
  "id": "way/355892007",
  "properties": {
    "building": "yes",
    "id": "way/355892007"
  },
  "geometry": {
    "type": "Polygon",
    "coordinates": [
      [
        [
          126.9860196,
          37.5686524
        ],
        [
          126.9859997,
          37.5685609
        ],
        [
          126.9860752,
          37.5685406
        ],
        [
          126.9861136,
          37.5686188
        ],
        [
          126.9860196,
          37.5686524
        ]
      ]
    ]
  }
},
{
  "type": "Feature",
  "id": "way/355892009",
  "properties": {
    "building": "yes",
    "id": "way/355892009"
  },
  "geometry": {
    "type": "Polygon",
    "coordinates": [
      [
        [
          126.9861241,
          37.5686163
        ],
        [
          126.9860898,
          37.5685374
        ],
        [
          126.9862119,
          37.568507
        ],
        [
          126.9862253,
          37.5685528
        ],
        [
          126.9862121,
          37.5685562
        ],
        [
          126.9862264,
          37.5685955
        ],
        [
          126.9861241,
          37.5686163
        ]
      ]
    ]
  }
},
{
  "type": "Feature",
  "id": "way/355901258",
  "properties": {
    "building": "retail",
    "id": "way/355901258"
  },
  "geometry": {
    "type": "Polygon",
    "coordinates": [
      [
        [
          126.9865243,
          37.5686165
        ],
        [
          126.9865213,
          37.5685203
        ],
        [
          126.9866291,
          37.5685183
        ],
        [
          126.9866321,
          37.5686145
        ],
        [
          126.9865243,
          37.5686165
        ]
      ]
    ]
  }
},
{
  "type": "Feature",
  "id": "way/355901259",
  "properties": {
    "building": "retail",
    "id": "way/355901259"
  },
  "geometry": {
    "type": "Polygon",
    "coordinates": [
      [
        [
          126.9866494,
          37.5684936
        ],
        [
          126.9866485,
          37.5684348
        ],
        [
          126.9868289,
          37.568433
        ],
        [
          126.9868298,
          37.5684919
        ],
        [
          126.9866494,
          37.5684936
        ]
      ]
    ]
  }
},
{
  "type": "Feature",
  "id": "way/355901261",
  "properties": {
    "building": "yes",
    "id": "way/355901261"
  },
  "geometry": {
    "type": "Polygon",
    "coordinates": [
      [
        [
          126.9866399,
          37.5686052
        ],
        [
          126.9866387,
          37.5685021
        ],
        [
          126.9868385,
          37.5685007
        ],
        [
          126.9868396,
          37.5686038
        ],
        [
          126.9866399,
          37.5686052
        ]
      ]
    ]
  }
},
{
  "type": "Feature",
  "id": "way/355906424",
  "properties": {
    "amenity": "bank",
    "building": "yes",
    "building:levels": "31",
    "height": "111",
    "name": "삼일빌딩",
    "name:en": "31 building",
    "start_date": "1970",
    "id": "way/355906424"
  },
  "geometry": {
    "type": "Polygon",
    "coordinates": [
      [
        [
          126.9870145,
          37.5688141
        ],
        [
          126.9870059,
          37.5686801
        ],
        [
          126.9869139,
          37.5686838
        ],
        [
          126.9869009,
          37.5684815
        ],
        [
          126.9873609,
          37.568463
        ],
        [
          126.9873741,
          37.5686682
        ],
        [
          126.9871956,
          37.5686754
        ],
        [
          126.987204,
          37.5688065
        ],
        [
          126.9870145,
          37.5688141
        ]
      ]
    ]
  }
},
{
  "type": "Feature",
  "id": "way/355933641",
  "properties": {
    "amenity": "language_school",
    "building": "yes",
    "building:levels": "16",
    "education": "language_school",
    "height": "70",
    "name": "파고다 타워",
    "name:en": "PAGODA tower",
    "start_date": "2011",
    "id": "way/355933641"
  },
  "geometry": {
    "type": "Polygon",
    "coordinates": [
      [
        [
          126.98796,
          37.5685918
        ],
        [
          126.9879542,
          37.5684751
        ],
        [
          126.9880018,
          37.5684349
        ],
        [
          126.9882875,
          37.5684267
        ],
        [
          126.9882938,
          37.5685627
        ],
        [
          126.9882804,
          37.5685742
        ],
        [
          126.9879811,
          37.5686068
        ],
        [
          126.98796,
          37.5685918
        ]
      ]
    ]
  }
},
{
  "type": "Feature",
  "id": "way/355933657",
  "properties": {
    "building": "yes",
    "id": "way/355933657"
  },
  "geometry": {
    "type": "Polygon",
    "coordinates": [
      [
        [
          126.9883232,
          37.5685929
        ],
        [
          126.9883241,
          37.5685034
        ],
        [
          126.9885268,
          37.5685046
        ],
        [
          126.9885259,
          37.5685941
        ],
        [
          126.9883232,
          37.5685929
        ]
      ]
    ]
  }
},
{
  "type": "Feature",
  "id": "way/355933659",
  "properties": {
    "building": "yes",
    "id": "way/355933659"
  },
  "geometry": {
    "type": "Polygon",
    "coordinates": [
      [
        [
          126.9883217,
          37.5684825
        ],
        [
          126.9883183,
          37.568359
        ],
        [
          126.9885256,
          37.5683554
        ],
        [
          126.988529,
          37.568479
        ],
        [
          126.9883217,
          37.5684825
        ]
      ]
    ]
  }
},
{
  "type": "Feature",
  "id": "way/355933662",
  "properties": {
    "addr:city": "종로1·2·3·4가동",
    "addr:district": "종로구",
    "addr:postcode": "03191",
    "addr:province": "서울특별시",
    "addr:street": "35-2",
    "addr:subdistrict": "관철동",
    "building": "commercial",
    "building:levels": "4",
    "name": "이알피어학원 종로센터",
    "id": "way/355933662"
  },
  "geometry": {
    "type": "Polygon",
    "coordinates": [
      [
        [
          126.9885398,
          37.5683781
        ],
        [
          126.9885665,
          37.5683787
        ],
        [
          126.9885669,
          37.5683673
        ],
        [
          126.9887717,
          37.568372
        ],
        [
          126.9887693,
          37.5684351
        ],
        [
          126.9886725,
          37.5684329
        ],
        [
          126.98867,
          37.5685004
        ],
        [
          126.9885989,
          37.5684988
        ],
        [
          126.9886011,
          37.5684371
        ],
        [
          126.9885377,
          37.5684356
        ],
        [
          126.9885398,
          37.5683781
        ]
      ]
    ]
  }
},
{
  "type": "Feature",
  "id": "way/355933664",
  "properties": {
    "building": "yes",
    "id": "way/355933664"
  },
  "geometry": {
    "type": "Polygon",
    "coordinates": [
      [
        [
          126.9885984,
          37.5686706
        ],
        [
          126.9886043,
          37.5685801
        ],
        [
          126.9886252,
          37.568581
        ],
        [
          126.9886283,
          37.5685339
        ],
        [
          126.9887656,
          37.5685395
        ],
        [
          126.9887567,
          37.5686771
        ],
        [
          126.9885984,
          37.5686706
        ]
      ]
    ]
  }
},
{
  "type": "Feature",
  "id": "way/355937396",
  "properties": {
    "building": "yes",
    "id": "way/355937396"
  },
  "geometry": {
    "type": "Polygon",
    "coordinates": [
      [
        [
          126.9888401,
          37.5686776
        ],
        [
          126.9888773,
          37.56853
        ],
        [
          126.9889847,
          37.5685352
        ],
        [
          126.9889824,
          37.5685653
        ],
        [
          126.9890251,
          37.5685674
        ],
        [
          126.9890261,
          37.5686755
        ],
        [
          126.9888401,
          37.5686776
        ]
      ]
    ]
  }
},
{
  "type": "Feature",
  "id": "way/355937400",
  "properties": {
    "building": "yes",
    "id": "way/355937400"
  },
  "geometry": {
    "type": "Polygon",
    "coordinates": [
      [
        [
          126.9890454,
          37.5685484
        ],
        [
          126.9890791,
          37.5685494
        ],
        [
          126.9890785,
          37.5685619
        ],
        [
          126.9891174,
          37.568563
        ],
        [
          126.9891179,
          37.5685515
        ],
        [
          126.9891488,
          37.5685524
        ],
        [
          126.9891467,
          37.5685989
        ],
        [
          126.9890432,
          37.5685959
        ],
        [
          126.9890454,
          37.5685484
        ]
      ]
    ]
  }
},
{
  "type": "Feature",
  "id": "way/355937403",
  "properties": {
    "building": "yes",
    "id": "way/355937403"
  },
  "geometry": {
    "type": "Polygon",
    "coordinates": [
      [
        [
          126.9888782,
          37.568523
        ],
        [
          126.9888815,
          37.5684906
        ],
        [
          126.9889897,
          37.5684975
        ],
        [
          126.9889864,
          37.5685299
        ],
        [
          126.9888782,
          37.568523
        ]
      ]
    ]
  }
},
{
  "type": "Feature",
  "id": "way/355937406",
  "properties": {
    "building": "yes",
    "id": "way/355937406"
  },
  "geometry": {
    "type": "Polygon",
    "coordinates": [
      [
        [
          126.9888912,
          37.5684372
        ],
        [
          126.988896,
          37.5683806
        ],
        [
          126.9889969,
          37.568386
        ],
        [
          126.988993,
          37.5684321
        ],
        [
          126.9889819,
          37.5684315
        ],
        [
          126.988981,
          37.5684419
        ],
        [
          126.9888912,
          37.5684372
        ]
      ]
    ]
  }
},
{
  "type": "Feature",
  "id": "way/355937408",
  "properties": {
    "building": "yes",
    "id": "way/355937408"
  },
  "geometry": {
    "type": "Polygon",
    "coordinates": [
      [
        [
          126.9890205,
          37.5683811
        ],
        [
          126.9890238,
          37.5683496
        ],
        [
          126.9891652,
          37.5683589
        ],
        [
          126.9891619,
          37.5683904
        ],
        [
          126.9890205,
          37.5683811
        ]
      ]
    ]
  }
},
{
  "type": "Feature",
  "id": "way/355937413",
  "properties": {
    "building": "yes",
    "id": "way/355937413"
  },
  "geometry": {
    "type": "Polygon",
    "coordinates": [
      [
        [
          126.9890124,
          37.5684695
        ],
        [
          126.9890159,
          37.5683924
        ],
        [
          126.9891492,
          37.5683962
        ],
        [
          126.9891457,
          37.5684733
        ],
        [
          126.9890124,
          37.5684695
        ]
      ]
    ]
  }
},
{
  "type": "Feature",
  "id": "way/355937417",
  "properties": {
    "building": "yes",
    "id": "way/355937417"
  },
  "geometry": {
    "type": "Polygon",
    "coordinates": [
      [
        [
          126.9892504,
          37.5686517
        ],
        [
          126.9892541,
          37.5685951
        ],
        [
          126.9893632,
          37.5685996
        ],
        [
          126.9893708,
          37.5684814
        ],
        [
          126.9894513,
          37.5684846
        ],
        [
          126.98944,
          37.5686594
        ],
        [
          126.9892504,
          37.5686517
        ]
      ]
    ]
  }
},
{
  "type": "Feature",
  "id": "way/355937418",
  "properties": {
    "building": "yes",
    "building:levels": "5",
    "facebook": "chuntaeilmemorial",
    "instagram": "bytaeil",
    "museum": "history",
    "name": "아름다운청년 전태일기념관",
    "name:ja": "美しき青年 全泰一記念館",
    "tourism": "museum",
    "website": "https://taeil.org/",
    "id": "way/355937418"
  },
  "geometry": {
    "type": "Polygon",
    "coordinates": [
      [
        [
          126.9891559,
          37.5685826
        ],
        [
          126.9891678,
          37.5683652
        ],
        [
          126.9893904,
          37.5683729
        ],
        [
          126.9894401,
          37.5684198
        ],
        [
          126.9894373,
          37.5684733
        ],
        [
          126.989372,
          37.5684712
        ],
        [
          126.9893652,
          37.5684767
        ],
        [
          126.9893589,
          37.5685598
        ],
        [
          126.989327,
          37.5685866
        ],
        [
          126.9891559,
          37.5685826
        ]
      ]
    ]
  }
},
{
  "type": "Feature",
  "id": "way/358098017",
  "properties": {
    "addr:city": "서울특별시",
    "addr:district": "종로구",
    "addr:housenumber": "279",
    "addr:postcode": "03198",
    "addr:street": "청계천로",
    "addr:subdistrict": "종로6가",
    "air_conditioning": "yes",
    "building": "yes",
    "building:levels": "8",
    "name": "JW 메리어트 동대문 스퀘어",
    "name:en": "JW Marriott Dongdaemun Square Seoul",
    "name:ja": "JWマリオット 東大門スクエア",
    "name:zh": "首尔东大门广场JW万豪酒店",
    "name:zh-Hans": "首尔东大门广场JW万豪酒店",
    "name:zh-Hant": "首爾東大門廣場JW萬豪酒店",
    "tourism": "hotel",
    "wheelchair": "yes",
    "id": "way/358098017"
  },
  "geometry": {
    "type": "Polygon",
    "coordinates": [
      [
        [
          127.0086322,
          37.5708403
        ],
        [
          127.0086923,
          37.5699962
        ],
        [
          127.008932,
          37.5700136
        ],
        [
          127.0089995,
          37.5700574
        ],
        [
          127.0089943,
          37.5702058
        ],
        [
          127.0089627,
          37.5705307
        ],
        [
          127.0089279,
          37.5707323
        ],
        [
          127.0089185,
          37.5707611
        ],
        [
          127.0089012,
          37.5707907
        ],
        [
          127.0088823,
          37.570809
        ],
        [
          127.0088554,
          37.5708272
        ],
        [
          127.0088257,
          37.5708378
        ],
        [
          127.008784,
          37.5708445
        ],
        [
          127.0086322,
          37.5708403
        ]
      ]
    ]
  }
},
{
  "type": "Feature",
  "id": "way/358098018",
  "properties": {
    "addr:city": "서울특별시",
    "addr:district": "종로구",
    "addr:housenumber": "266",
    "addr:postcode": "03198",
    "addr:street": "종로",
    "addr:subdistrict": "종로6가",
    "amenity": "marketplace",
    "landuse": "retail",
    "name": "동대문종합시장",
    "name:en": "Dongdaemun Shopping Complex",
    "name:ja": "東大門総合市場",
    "name:ko": "동대문종합시장",
    "name:zh": "东大门综合市场",
    "name:zh-Hans": "东大门综合市场",
    "name:zh-Hant": "東大門綜合市場",
    "wikidata": "Q93429567",
    "wikipedia": "ko:동대문종합시장",
    "id": "way/358098018"
  },
  "geometry": {
    "type": "Polygon",
    "coordinates": [
      [
        [
          127.0067613,
          37.5708015
        ],
        [
          127.006779,
          37.5698928
        ],
        [
          127.0068467,
          37.5698362
        ],
        [
          127.008626,
          37.5699107
        ],
        [
          127.0086737,
          37.5699817
        ],
        [
          127.0086025,
          37.5709681
        ],
        [
          127.0068992,
          37.5709392
        ],
        [
          127.0067613,
          37.5708015
        ]
      ]
    ]
  }
},
{
  "type": "Feature",
  "id": "way/358280932",
  "properties": {
    "amenity": "restaurant",
    "building": "yes",
    "building:levels": "5",
    "name": "계림삼계탕",
    "id": "way/358280932"
  },
  "geometry": {
    "type": "Polygon",
    "coordinates": [
      [
        [
          127.0065105,
          37.5702347
        ],
        [
          127.0065638,
          37.5701342
        ],
        [
          127.0065109,
          37.5701135
        ],
        [
          127.0065342,
          37.5700738
        ],
        [
          127.0066451,
          37.5701127
        ],
        [
          127.0065699,
          37.5702545
        ],
        [
          127.0065105,
          37.5702347
        ]
      ]
    ]
  }
},
{
  "type": "Feature",
  "id": "way/358280938",
  "properties": {
    "building": "commercial",
    "id": "way/358280938"
  },
  "geometry": {
    "type": "Polygon",
    "coordinates": [
      [
        [
          127.0060611,
          37.5701538
        ],
        [
          127.0060632,
          37.570088
        ],
        [
          127.0061631,
          37.57009
        ],
        [
          127.0060611,
          37.5701538
        ]
      ]
    ]
  }
},
{
  "type": "Feature",
  "id": "way/358280939",
  "properties": {
    "building": "commercial",
    "id": "way/358280939"
  },
  "geometry": {
    "type": "Polygon",
    "coordinates": [
      [
        [
          127.0062053,
          37.5700665
        ],
        [
          127.0063154,
          37.5700752
        ],
        [
          127.0063116,
          37.5701054
        ],
        [
          127.0062053,
          37.5700665
        ]
      ]
    ]
  }
},
{
  "type": "Feature",
  "id": "way/358280940",
  "properties": {
    "building": "commercial",
    "id": "way/358280940"
  },
  "geometry": {
    "type": "Polygon",
    "coordinates": [
      [
        [
          127.0062156,
          37.5700498
        ],
        [
          127.0062173,
          37.5699954
        ],
        [
          127.0063165,
          37.5699974
        ],
        [
          127.0063147,
          37.5700519
        ],
        [
          127.0062156,
          37.5700498
        ]
      ]
    ]
  }
},
{
  "type": "Feature",
  "id": "way/358280941",
  "properties": {
    "building": "commercial",
    "id": "way/358280941"
  },
  "geometry": {
    "type": "Polygon",
    "coordinates": [
      [
        [
          127.0064206,
          37.5700878
        ],
        [
          127.0064402,
          37.5700518
        ],
        [
          127.0065225,
          37.57008
        ],
        [
          127.0065029,
          37.570116
        ],
        [
          127.0064206,
          37.5700878
        ]
      ]
    ]
  }
},
{
  "type": "Feature",
  "id": "way/358280942",
  "properties": {
    "building": "commercial",
    "id": "way/358280942"
  },
  "geometry": {
    "type": "Polygon",
    "coordinates": [
      [
        [
          127.0063646,
          37.5700111
        ],
        [
          127.0063653,
          37.5699591
        ],
        [
          127.0064189,
          37.5699595
        ],
        [
          127.0064181,
          37.5700116
        ],
        [
          127.0063646,
          37.5700111
        ]
      ]
    ]
  }
},
{
  "type": "Feature",
  "id": "way/358280943",
  "properties": {
    "addr:city": "서울특별시",
    "addr:district": "종로구",
    "addr:housenumber": "261",
    "addr:postcode": "03197",
    "addr:street": "청계천로",
    "addr:subdistrict": "종로5가",
    "building": "commercial",
    "building:levels": "2",
    "roof:shape": "flat",
    "id": "way/358280943"
  },
  "geometry": {
    "type": "Polygon",
    "coordinates": [
      [
        [
          127.0064941,
          37.5699819
        ],
        [
          127.0064881,
          37.5698884
        ],
        [
          127.0065766,
          37.5698905
        ],
        [
          127.0066664,
          37.5699585
        ],
        [
          127.0066671,
          37.5700754
        ],
        [
          127.006419,
          37.5700489
        ],
        [
          127.0064224,
          37.5699851
        ],
        [
          127.0064941,
          37.5699819
        ]
      ]
    ]
  }
},
{
  "type": "Feature",
  "id": "way/358280944",
  "properties": {
    "building": "commercial",
    "id": "way/358280944"
  },
  "geometry": {
    "type": "Polygon",
    "coordinates": [
      [
        [
          127.0063408,
          37.5699516
        ],
        [
          127.0063392,
          37.569853
        ],
        [
          127.0064202,
          37.5698522
        ],
        [
          127.0064218,
          37.5699507
        ],
        [
          127.0063408,
          37.5699516
        ]
      ]
    ]
  }
},
{
  "type": "Feature",
  "id": "way/358280945",
  "properties": {
    "building": "commercial",
    "id": "way/358280945"
  },
  "geometry": {
    "type": "Polygon",
    "coordinates": [
      [
        [
          127.0062495,
          37.569928
        ],
        [
          127.006247,
          37.5698568
        ],
        [
          127.0062979,
          37.5698556
        ],
        [
          127.0063004,
          37.5699269
        ],
        [
          127.0062495,
          37.569928
        ]
      ]
    ]
  }
},
{
  "type": "Feature",
  "id": "way/358280946",
  "properties": {
    "building": "commercial",
    "id": "way/358280946"
  },
  "geometry": {
    "type": "Polygon",
    "coordinates": [
      [
        [
          127.0060719,
          37.570073
        ],
        [
          127.0060745,
          37.5700263
        ],
        [
          127.0061682,
          37.5700225
        ],
        [
          127.0061701,
          37.5700706
        ],
        [
          127.0060719,
          37.570073
        ]
      ]
    ]
  }
},
{
  "type": "Feature",
  "id": "way/358280947",
  "properties": {
    "building": "commercial",
    "id": "way/358280947"
  },
  "geometry": {
    "type": "Polygon",
    "coordinates": [
      [
        [
          127.0060022,
          37.5700048
        ],
        [
          127.0059992,
          37.5699283
        ],
        [
          127.0061574,
          37.5699243
        ],
        [
          127.0061605,
          37.5700008
        ],
        [
          127.0060022,
          37.5700048
        ]
      ]
    ]
  }
},
{
  "type": "Feature",
  "id": "way/358280949",
  "properties": {
    "building": "commercial",
    "id": "way/358280949"
  },
  "geometry": {
    "type": "Polygon",
    "coordinates": [
      [
        [
          127.0059471,
          37.5701379
        ],
        [
          127.0059459,
          37.5700837
        ],
        [
          127.0060277,
          37.5700826
        ],
        [
          127.0060289,
          37.5701368
        ],
        [
          127.0059471,
          37.5701379
        ]
      ]
    ]
  }
},
{
  "type": "Feature",
  "id": "way/358280950",
  "properties": {
    "amenity": "restaurant",
    "building": "yes",
    "name": "나주식당",
    "id": "way/358280950"
  },
  "geometry": {
    "type": "Polygon",
    "coordinates": [
      [
        [
          127.0058321,
          37.5702267
        ],
        [
          127.0058304,
          37.5701609
        ],
        [
          127.0057579,
          37.570162
        ],
        [
          127.0057555,
          37.5700688
        ],
        [
          127.0059353,
          37.5700659
        ],
        [
          127.0059376,
          37.5701551
        ],
        [
          127.0058683,
          37.5701562
        ],
        [
          127.0058701,
          37.5702261
        ],
        [
          127.0058321,
          37.5702267
        ]
      ]
    ]
  }
},
{
  "type": "Feature",
  "id": "way/358281241",
  "properties": {
    "building": "commercial",
    "id": "way/358281241"
  },
  "geometry": {
    "type": "Polygon",
    "coordinates": [
      [
        [
          127.0057791,
          37.5700324
        ],
        [
          127.0057793,
          37.5699892
        ],
        [
          127.0056944,
          37.5699888
        ],
        [
          127.0056948,
          37.5699136
        ],
        [
          127.0059679,
          37.5699147
        ],
        [
          127.0059672,
          37.5700332
        ],
        [
          127.0057791,
          37.5700324
        ]
      ]
    ]
  }
},
{
  "type": "Feature",
  "id": "way/358281242",
  "properties": {
    "building": "commercial",
    "id": "way/358281242"
  },
  "geometry": {
    "type": "Polygon",
    "coordinates": [
      [
        [
          127.0056677,
          37.5700468
        ],
        [
          127.0056662,
          37.5700044
        ],
        [
          127.005756,
          37.5700024
        ],
        [
          127.0057575,
          37.5700448
        ],
        [
          127.0056677,
          37.5700468
        ]
      ]
    ]
  }
},
{
  "type": "Feature",
  "id": "way/358281243",
  "properties": {
    "building": "commercial",
    "id": "way/358281243"
  },
  "geometry": {
    "type": "Polygon",
    "coordinates": [
      [
        [
          127.0055488,
          37.5700199
        ],
        [
          127.0055435,
          37.5700029
        ],
        [
          127.0056445,
          37.5700015
        ],
        [
          127.0056454,
          37.5700433
        ],
        [
          127.0055488,
          37.5700199
        ]
      ]
    ]
  }
},
{
  "type": "Feature",
  "id": "way/358281244",
  "properties": {
    "building": "commercial",
    "id": "way/358281244"
  },
  "geometry": {
    "type": "Polygon",
    "coordinates": [
      [
        [
          127.0055538,
          37.5699841
        ],
        [
          127.0055534,
          37.5699492
        ],
        [
          127.0056659,
          37.5699484
        ],
        [
          127.0056663,
          37.5699833
        ],
        [
          127.0055538,
          37.5699841
        ]
      ]
    ]
  }
},
{
  "type": "Feature",
  "id": "way/358281246",
  "properties": {
    "building": "yes",
    "name": "충남사",
    "shop": "fabric",
    "id": "way/358281246"
  },
  "geometry": {
    "type": "Polygon",
    "coordinates": [
      [
        [
          127.0051069,
          37.5700499
        ],
        [
          127.005108,
          37.5699743
        ],
        [
          127.0052398,
          37.5699767
        ],
        [
          127.0053,
          37.5700244
        ],
        [
          127.005233,
          37.5700372
        ],
        [
          127.0052114,
          37.5700437
        ],
        [
          127.0051069,
          37.5700499
        ]
      ]
    ]
  }
},
{
  "type": "Feature",
  "id": "way/358281247",
  "properties": {
    "building": "commercial",
    "building:levels": "12",
    "name": "로얄빌딩",
    "start_date": "1969",
    "id": "way/358281247"
  },
  "geometry": {
    "type": "Polygon",
    "coordinates": [
      [
        [
          127.0051083,
          37.5699647
        ],
        [
          127.005109,
          37.5698934
        ],
        [
          127.0051546,
          37.5698552
        ],
        [
          127.0053396,
          37.5698615
        ],
        [
          127.0053281,
          37.569969
        ],
        [
          127.0051083,
          37.5699647
        ]
      ]
    ]
  }
},
{
  "type": "Feature",
  "id": "way/358281248",
  "properties": {
    "building": "commercial",
    "id": "way/358281248"
  },
  "geometry": {
    "type": "Polygon",
    "coordinates": [
      [
        [
          127.0053074,
          37.5700603
        ],
        [
          127.0053381,
          37.5699997
        ],
        [
          127.005455,
          37.5700369
        ],
        [
          127.0054013,
          37.5700752
        ],
        [
          127.0053074,
          37.5700603
        ]
      ]
    ]
  }
},
{
  "type": "Feature",
  "id": "way/358281249",
  "properties": {
    "building": "commercial",
    "id": "way/358281249"
  },
  "geometry": {
    "type": "Polygon",
    "coordinates": [
      [
        [
          127.0053396,
          37.5699646
        ],
        [
          127.0053557,
          37.5699178
        ],
        [
          127.0055274,
          37.5699667
        ],
        [
          127.005493,
          37.5700056
        ],
        [
          127.0054308,
          37.569971
        ],
        [
          127.0053396,
          37.5699646
        ]
      ]
    ]
  }
},
{
  "type": "Feature",
  "id": "way/358281250",
  "properties": {
    "building": "commercial",
    "id": "way/358281250"
  },
  "geometry": {
    "type": "Polygon",
    "coordinates": [
      [
        [
          127.0053799,
          37.5699051
        ],
        [
          127.0053664,
          37.5698647
        ],
        [
          127.005463,
          37.5698604
        ],
        [
          127.0054618,
          37.5699065
        ],
        [
          127.0053799,
          37.5699051
        ]
      ]
    ]
  }
},
{
  "type": "Feature",
  "id": "way/358281251",
  "properties": {
    "building": "commercial",
    "id": "way/358281251"
  },
  "geometry": {
    "type": "Polygon",
    "coordinates": [
      [
        [
          127.0054873,
          37.5699028
        ],
        [
          127.0054883,
          37.5698571
        ],
        [
          127.0055834,
          37.5698584
        ],
        [
          127.0055824,
          37.5699042
        ],
        [
          127.0054873,
          37.5699028
        ]
      ]
    ]
  }
},
{
  "type": "Feature",
  "id": "way/358281252",
  "properties": {
    "building": "commercial",
    "id": "way/358281252"
  },
  "geometry": {
    "type": "Polygon",
    "coordinates": [
      [
        [
          127.0056136,
          37.5698985
        ],
        [
          127.0056102,
          37.5698614
        ],
        [
          127.0057366,
          37.5698541
        ],
        [
          127.0057205,
          37.5698923
        ],
        [
          127.0056136,
          37.5698985
        ]
      ]
    ]
  }
},
{
  "type": "Feature",
  "id": "way/358281253",
  "properties": {
    "building": "commercial",
    "id": "way/358281253"
  },
  "geometry": {
    "type": "Polygon",
    "coordinates": [
      [
        [
          127.0057607,
          37.5698902
        ],
        [
          127.0057554,
          37.5698668
        ],
        [
          127.0058761,
          37.5698668
        ],
        [
          127.0058761,
          37.5698902
        ],
        [
          127.0057607,
          37.5698902
        ]
      ]
    ]
  }
},
{
  "type": "Feature",
  "id": "way/358281254",
  "properties": {
    "building": "commercial",
    "id": "way/358281254"
  },
  "geometry": {
    "type": "Polygon",
    "coordinates": [
      [
        [
          127.0059176,
          37.5698891
        ],
        [
          127.0059123,
          37.5698658
        ],
        [
          127.006033,
          37.5698658
        ],
        [
          127.006033,
          37.5698891
        ],
        [
          127.0059176,
          37.5698891
        ]
      ]
    ]
  }
},
{
  "type": "Feature",
  "id": "way/358281255",
  "properties": {
    "building": "commercial",
    "id": "way/358281255"
  },
  "geometry": {
    "type": "Polygon",
    "coordinates": [
      [
        [
          127.0060651,
          37.569887
        ],
        [
          127.0060598,
          37.5698636
        ],
        [
          127.0061805,
          37.5698636
        ],
        [
          127.0061805,
          37.569887
        ],
        [
          127.0060651,
          37.569887
        ]
      ]
    ]
  }
},
{
  "type": "Feature",
  "id": "way/358283249",
  "properties": {
    "amenity": "marketplace",
    "layer": "1",
    "name": "동대문 생선구이 골목",
    "name:en": "Dongdaemun Baked Fish Alley",
    "tourism": "attraction",
    "id": "way/358283249"
  },
  "geometry": {
    "type": "Polygon",
    "coordinates": [
      [
        [
          127.0053343,
          37.569903
        ],
        [
          127.0061952,
          37.5699008
        ],
        [
          127.0063186,
          37.569971
        ],
        [
          127.006324,
          37.5700667
        ],
        [
          127.0061952,
          37.5700879
        ],
        [
          127.0060182,
          37.570056
        ],
        [
          127.005809,
          37.5700518
        ],
        [
          127.005691,
          37.5700709
        ],
        [
          127.0055086,
          37.570039
        ],
        [
          127.005404,
          37.5700964
        ],
        [
          127.0052801,
          37.5700714
        ],
        [
          127.0053343,
          37.569903
        ]
      ]
    ]
  }
},
{
  "type": "Feature",
  "id": "way/358295170",
  "properties": {
    "building": "yes",
    "building:levels": "29",
    "height": "118",
    "name": "한화빌딩",
    "name:en": "Hanwha Building",
    "name:ko": "한화빌딩",
    "start_date": "1987",
    "id": "way/358295170"
  },
  "geometry": {
    "type": "Polygon",
    "coordinates": [
      [
        [
          126.9859602,
          37.5675558
        ],
        [
          126.985966,
          37.5673483
        ],
        [
          126.98666,
          37.5673491
        ],
        [
          126.9869528,
          37.5675494
        ],
        [
          126.9869537,
          37.5677325
        ],
        [
          126.9862873,
          37.5677301
        ],
        [
          126.9859602,
          37.5675558
        ]
      ]
    ]
  }
},
{
  "type": "Feature",
  "id": "way/358297322",
  "properties": {
    "amenity": "bank",
    "brand": "신한은행",
    "brand:en": "Shinhan Bank",
    "brand:ko": "신한은행",
    "brand:wikidata": "Q487230",
    "brand:wikipedia": "en:Shinhan Bank",
    "building": "yes",
    "building:levels": "13",
    "check_date": "2025-03-21",
    "name": "신한은행",
    "name:en": "Shinhan Bank",
    "name:ja": "新韓銀行",
    "name:ko": "신한은행",
    "start_date": "1966",
    "id": "way/358297322"
  },
  "geometry": {
    "type": "Polygon",
    "coordinates": [
      [
        [
          126.9829365,
          37.5685051
        ],
        [
          126.9829004,
          37.56808
        ],
        [
          126.9831451,
          37.5680669
        ],
        [
          126.9831537,
          37.5681683
        ],
        [
          126.9832652,
          37.5681624
        ],
        [
          126.9832717,
          37.568239
        ],
        [
          126.9836479,
          37.568219
        ],
        [
          126.9837027,
          37.5684602
        ],
        [
          126.983032,
          37.5685668
        ],
        [
          126.9829365,
          37.5685051
        ]
      ]
    ]
  }
},
{
  "type": "Feature",
  "id": "way/358297323",
  "properties": {
    "leisure": "park",
    "name": "청계천 한빛광장",
    "name:ja": "清渓川ハンビッ広場",
    "name:ko": "청계천 한빛광장",
    "id": "way/358297323"
  },
  "geometry": {
    "type": "Polygon",
    "coordinates": [
      [
        [
          126.9847285,
          37.5679565
        ],
        [
          126.9846004,
          37.5678792
        ],
        [
          126.98463,
          37.5677582
        ],
        [
          126.9857074,
          37.5679984
        ],
        [
          126.9857174,
          37.5680206
        ],
        [
          126.9857161,
          37.5680382
        ],
        [
          126.985696,
          37.5680722
        ],
        [
          126.9856659,
          37.5681061
        ],
        [
          126.9856402,
          37.5681277
        ],
        [
          126.9856146,
          37.5681403
        ],
        [
          126.9856204,
          37.5682036
        ],
        [
          126.984774,
          37.5683249
        ],
        [
          126.9847373,
          37.5680282
        ],
        [
          126.9847285,
          37.5679565
        ]
      ]
    ]
  }
},
{
  "type": "Feature",
  "id": "way/358300384",
  "properties": {
    "building": "commercial",
    "building:levels": "17",
    "height": "75",
    "name": "시그니쳐 타워",
    "name:ja": "シグネチャータワー",
    "start_date": "2011",
    "id": "way/358300384"
  },
  "geometry": {
    "type": "Polygon",
    "coordinates": [
      [
        [
          126.9879584,
          37.5677701
        ],
        [
          126.9879454,
          37.567205
        ],
        [
          126.9884871,
          37.5672145
        ],
        [
          126.9884872,
          37.5675064
        ],
        [
          126.9886067,
          37.5675076
        ],
        [
          126.9886028,
          37.5672023
        ],
        [
          126.9890042,
          37.5672328
        ],
        [
          126.9889808,
          37.5677984
        ],
        [
          126.9885933,
          37.5677877
        ],
        [
          126.9879584,
          37.5677701
        ]
      ]
    ]
  }
},
{
  "type": "Feature",
  "id": "way/358300385",
  "properties": {
    "building": "commercial",
    "building:levels": "17",
    "height": "70",
    "start_date": "2021",
    "id": "way/358300385"
  },
  "geometry": {
    "type": "Polygon",
    "coordinates": [
      [
        [
          126.9893242,
          37.5675359
        ],
        [
          126.9894839,
          37.5675412
        ],
        [
          126.9894818,
          37.5675661
        ],
        [
          126.9894743,
          37.5676828
        ],
        [
          126.9894679,
          37.5677826
        ],
        [
          126.9894438,
          37.5678016
        ],
        [
          126.9890963,
          37.5678007
        ],
        [
          126.989097,
          37.5676869
        ],
        [
          126.9890978,
          37.5675607
        ],
        [
          126.9893214,
          37.5675604
        ],
        [
          126.9893242,
          37.5675359
        ]
      ]
    ]
  }
},
{
  "type": "Feature",
  "id": "way/358300389",
  "properties": {
    "building": "yes",
    "name": "한양금속, 한양공구",
    "shop": "electronics",
    "id": "way/358300389"
  },
  "geometry": {
    "type": "Polygon",
    "coordinates": [
      [
        [
          126.9897527,
          37.5679595
        ],
        [
          126.9896944,
          37.5678968
        ],
        [
          126.9896963,
          37.5678359
        ],
        [
          126.9897959,
          37.5678379
        ],
        [
          126.9897957,
          37.5678777
        ],
        [
          126.9900611,
          37.5678877
        ],
        [
          126.9900673,
          37.5678394
        ],
        [
          126.9901503,
          37.5678436
        ],
        [
          126.9901357,
          37.5679832
        ],
        [
          126.9897527,
          37.5679595
        ]
      ]
    ]
  }
},
{
  "type": "Feature",
  "id": "way/358300390",
  "properties": {
    "building": "commercial",
    "id": "way/358300390"
  },
  "geometry": {
    "type": "Polygon",
    "coordinates": [
      [
        [
          126.9896942,
          37.567828
        ],
        [
          126.9897011,
          37.5676282
        ],
        [
          126.9898756,
          37.5676274
        ],
        [
          126.9898733,
          37.5677436
        ],
        [
          126.9897621,
          37.5677414
        ],
        [
          126.9897604,
          37.5678307
        ],
        [
          126.9896942,
          37.567828
        ]
      ]
    ]
  }
},
{
  "type": "Feature",
  "id": "way/358300391",
  "properties": {
    "building": "commercial",
    "id": "way/358300391"
  },
  "geometry": {
    "type": "Polygon",
    "coordinates": [
      [
        [
          126.9899827,
          37.5677288
        ],
        [
          126.989985,
          37.5676604
        ],
        [
          126.9901324,
          37.5676618
        ],
        [
          126.9901281,
          37.5677349
        ],
        [
          126.9899827,
          37.5677288
        ]
      ]
    ]
  }
},
{
  "type": "Feature",
  "id": "way/358300392",
  "properties": {
    "building": "commercial",
    "id": "way/358300392"
  },
  "geometry": {
    "type": "Polygon",
    "coordinates": [
      [
        [
          126.9906727,
          37.5679988
        ],
        [
          126.9906751,
          37.5678727
        ],
        [
          126.990828,
          37.5678753
        ],
        [
          126.9908256,
          37.5679841
        ],
        [
          126.9907981,
          37.5680011
        ],
        [
          126.9906727,
          37.5679988
        ]
      ]
    ]
  }
},
{
  "type": "Feature",
  "id": "way/358300393",
  "properties": {
    "building": "commercial",
    "id": "way/358300393"
  },
  "geometry": {
    "type": "Polygon",
    "coordinates": [
      [
        [
          126.9907091,
          37.5678716
        ],
        [
          126.9907006,
          37.567772
        ],
        [
          126.9908202,
          37.5677663
        ],
        [
          126.9908269,
          37.5678718
        ],
        [
          126.9907091,
          37.5678716
        ]
      ]
    ]
  }
},
{
  "type": "Feature",
  "id": "way/358300394",
  "properties": {
    "amenity": "restaurant",
    "building": "yes",
    "name": "영광분식",
    "id": "way/358300394"
  },
  "geometry": {
    "type": "Polygon",
    "coordinates": [
      [
        [
          126.9907254,
          37.5677575
        ],
        [
          126.9907283,
          37.5676734
        ],
        [
          126.9907974,
          37.5676728
        ],
        [
          126.990837,
          37.5677195
        ],
        [
          126.9908365,
          37.567761
        ],
        [
          126.9907254,
          37.5677575
        ]
      ]
    ]
  }
},
{
  "type": "Feature",
  "id": "way/358300395",
  "properties": {
    "building": "commercial",
    "id": "way/358300395"
  },
  "geometry": {
    "type": "Polygon",
    "coordinates": [
      [
        [
          126.9903749,
          37.5679967
        ],
        [
          126.9903861,
          37.5679023
        ],
        [
          126.990665,
          37.5679124
        ],
        [
          126.9906655,
          37.5679775
        ],
        [
          126.9906537,
          37.5680145
        ],
        [
          126.9903749,
          37.5679967
        ]
      ]
    ]
  }
},
{
  "type": "Feature",
  "id": "way/358300396",
  "properties": {
    "building": "commercial",
    "name": "대한전기협회",
    "id": "way/358300396"
  },
  "geometry": {
    "type": "Polygon",
    "coordinates": [
      [
        [
          126.9903774,
          37.5678967
        ],
        [
          126.9903951,
          37.5676571
        ],
        [
          126.9905628,
          37.5676667
        ],
        [
          126.9905556,
          37.5678012
        ],
        [
          126.990669,
          37.5678024
        ],
        [
          126.9906651,
          37.5679071
        ],
        [
          126.9903774,
          37.5678967
        ]
      ]
    ]
  }
},
{
  "type": "Feature",
  "id": "way/358300397",
  "properties": {
    "building": "commercial",
    "id": "way/358300397"
  },
  "geometry": {
    "type": "Polygon",
    "coordinates": [
      [
        [
          126.9905687,
          37.56767
        ],
        [
          126.9905872,
          37.5676636
        ],
        [
          126.9907006,
          37.5676694
        ],
        [
          126.9906925,
          37.5677959
        ],
        [
          126.9905833,
          37.5677938
        ],
        [
          126.9905687,
          37.56767
        ]
      ]
    ]
  }
},
{
  "type": "Feature",
  "id": "way/358389841",
  "properties": {
    "landuse": "commercial",
    "name": "동대문패션타운",
    "name:en": "Dongdaemun Fashion Town",
    "name:ja": "東大門ファッションタウン",
    "name:ko": "동대문패션타운",
    "id": "way/358389841"
  },
  "geometry": {
    "type": "Polygon",
    "coordinates": [
      [
        [
          127.0071133,
          37.569264
        ],
        [
          127.0072085,
          37.5679697
        ],
        [
          127.0076912,
          37.5678365
        ],
        [
          127.0072559,
          37.5672675
        ],
        [
          127.0070815,
          37.5670186
        ],
        [
          127.0067873,
          37.5662359
        ],
        [
          127.0066313,
          37.5655626
        ],
        [
          127.0072222,
          37.5653655
        ],
        [
          127.0078062,
          37.565085
        ],
        [
          127.0084256,
          37.564897
        ],
        [
          127.0088333,
          37.5656457
        ],
        [
          127.0098581,
          37.5654252
        ],
        [
          127.0099191,
          37.5655354
        ],
        [
          127.009959,
          37.5656046
        ],
        [
          127.0100137,
          37.5656727
        ],
        [
          127.010083,
          37.5657408
        ],
        [
          127.0101577,
          37.5658002
        ],
        [
          127.0102434,
          37.5658509
        ],
        [
          127.0103474,
          37.5658929
        ],
        [
          127.010455,
          37.5659263
        ],
        [
          127.0111163,
          37.5660642
        ],
        [
          127.0114155,
          37.5661266
        ],
        [
          127.0114992,
          37.566144
        ],
        [
          127.0122932,
          37.5661889
        ],
        [
          127.0127533,
          37.5663091
        ],
        [
          127.0127096,
          37.5666035
        ],
        [
          127.0128323,
          37.5666212
        ],
        [
          127.0133342,
          37.5666674
        ],
        [
          127.0132567,
          37.5671133
        ],
        [
          127.0138149,
          37.5672009
        ],
        [
          127.0142547,
          37.5672337
        ],
        [
          127.0141269,
          37.5674863
        ],
        [
          127.0142566,
          37.5675626
        ],
        [
          127.0142803,
          37.5676257
        ],
        [
          127.0142826,
          37.5679041
        ],
        [
          127.0136571,
          37.5679156
        ],
        [
          127.0132389,
          37.5678776
        ],
        [
          127.012809,
          37.5677826
        ],
        [
          127.0124947,
          37.5680661
        ],
        [
          127.0124574,
          37.5684927
        ],
        [
          127.0130662,
          37.5686691
        ],
        [
          127.013667,
          37.5690044
        ],
        [
          127.0139187,
          37.5691617
        ],
        [
          127.0142582,
          37.5689878
        ],
        [
          127.0156985,
          37.5689978
        ],
        [
          127.0156687,
          37.5695826
        ],
        [
          127.0102983,
          37.5695436
        ],
        [
          127.0095045,
          37.5695479
        ],
        [
          127.0095442,
          37.5693754
        ],
        [
          127.009439,
          37.5693681
        ],
        [
          127.008365,
          37.5692718
        ],
        [
          127.0081984,
          37.5692708
        ],
        [
          127.0071133,
          37.569264
        ]
      ]
    ]
  }
},
{
  "type": "Feature",
  "id": "way/367041076",
  "properties": {
    "building": "yes",
    "height": "7",
    "id": "way/367041076"
  },
  "geometry": {
    "type": "Polygon",
    "coordinates": [
      [
        [
          126.9793893,
          37.5696438
        ],
        [
          126.9793832,
          37.5694693
        ],
        [
          126.9795323,
          37.569466
        ],
        [
          126.9795383,
          37.5696405
        ],
        [
          126.9793893,
          37.5696438
        ]
      ]
    ]
  }
},
{
  "type": "Feature",
  "id": "way/370027259",
  "properties": {
    "natural": "water",
    "water": "fountain",
    "id": "way/370027259"
  },
  "geometry": {
    "type": "Polygon",
    "coordinates": [
      [
        [
          126.9785566,
          37.5692158
        ],
        [
          126.9785447,
          37.5691088
        ],
        [
          126.978634,
          37.5691025
        ],
        [
          126.9786459,
          37.5692095
        ],
        [
          126.9785566,
          37.5692158
        ]
      ]
    ]
  }
},
{
  "type": "Feature",
  "id": "way/506246950",
  "properties": {
    "addr:city": "서울특별시",
    "addr:district": "중구",
    "addr:housenumber": "20",
    "addr:postcode": "04546",
    "addr:street": "동호로37길",
    "addr:subdistrict": "주교동",
    "building": "commercial",
    "name": "방산종합시장 A동",
    "website": "http://www.bangsanmarket.net/",
    "id": "way/506246950"
  },
  "geometry": {
    "type": "Polygon",
    "coordinates": [
      [
        [
          127.0001837,
          37.5688345
        ],
        [
          127.0001908,
          37.5685228
        ],
        [
          127.0005806,
          37.5685327
        ],
        [
          127.0009971,
          37.5685434
        ],
        [
          127.0014136,
          37.568554
        ],
        [
          127.0013847,
          37.568898
        ],
        [
          127.0001837,
          37.5688345
        ]
      ]
    ]
  }
},
{
  "type": "Feature",
  "id": "way/506246951",
  "properties": {
    "amenity": "doctors",
    "building": "yes",
    "healthcare": "doctor",
    "name": "신승호내과",
    "id": "way/506246951"
  },
  "geometry": {
    "type": "Polygon",
    "coordinates": [
      [
        [
          127.0001356,
          37.5690864
        ],
        [
          127.0001457,
          37.5689422
        ],
        [
          127.0003993,
          37.5689629
        ],
        [
          127.0003599,
          37.5691245
        ],
        [
          127.0001356,
          37.5690864
        ]
      ]
    ]
  }
},
{
  "type": "Feature",
  "id": "way/506246952",
  "properties": {
    "building": "commercial",
    "id": "way/506246952"
  },
  "geometry": {
    "type": "Polygon",
    "coordinates": [
      [
        [
          127.0003632,
          37.5691257
        ],
        [
          127.0004027,
          37.5689634
        ],
        [
          127.0006851,
          37.5689698
        ],
        [
          127.0006282,
          37.569182
        ],
        [
          127.0003632,
          37.5691257
        ]
      ]
    ]
  }
},
{
  "type": "Feature",
  "id": "way/506246953",
  "properties": {
    "building": "commercial",
    "name": "한양섬유",
    "id": "way/506246953"
  },
  "geometry": {
    "type": "Polygon",
    "coordinates": [
      [
        [
          127.0006471,
          37.5691723
        ],
        [
          127.0007023,
          37.5689965
        ],
        [
          127.0009087,
          37.5689961
        ],
        [
          127.000848,
          37.5692156
        ],
        [
          127.0006471,
          37.5691723
        ]
      ]
    ]
  }
},
{
  "type": "Feature",
  "id": "way/506246954",
  "properties": {
    "building": "commercial",
    "id": "way/506246954"
  },
  "geometry": {
    "type": "Polygon",
    "coordinates": [
      [
        [
          127.0008526,
          37.5692181
        ],
        [
          127.0009112,
          37.5689927
        ],
        [
          127.001184,
          37.5689918
        ],
        [
          127.0011785,
          37.5691363
        ],
        [
          127.0011446,
          37.5692727
        ],
        [
          127.0008526,
          37.5692181
        ]
      ]
    ]
  }
},
{
  "type": "Feature",
  "id": "way/506246955",
  "properties": {
    "building": "commercial",
    "id": "way/506246955"
  },
  "geometry": {
    "type": "Polygon",
    "coordinates": [
      [
        [
          127.0011615,
          37.5692758
        ],
        [
          127.0011902,
          37.5691476
        ],
        [
          127.001184,
          37.5689918
        ],
        [
          127.0014485,
          37.5689832
        ],
        [
          127.0014407,
          37.5693306
        ],
        [
          127.0011615,
          37.5692758
        ]
      ]
    ]
  }
},
{
  "type": "Feature",
  "id": "way/506246958",
  "properties": {
    "addr:city": "서울특별시",
    "addr:district": "중구",
    "addr:housenumber": "70",
    "addr:postcode": "04546",
    "addr:street": "창경궁로",
    "addr:subdistrict": "주교동",
    "building": "commercial",
    "building:levels": "5",
    "id": "way/506246958"
  },
  "geometry": {
    "type": "Polygon",
    "coordinates": [
      [
        [
          126.9981141,
          37.5685819
        ],
        [
          126.9981263,
          37.5684779
        ],
        [
          126.9982871,
          37.5684897
        ],
        [
          126.9982776,
          37.5685956
        ],
        [
          126.9981141,
          37.5685819
        ]
      ]
    ]
  }
},
{
  "type": "Feature",
  "id": "way/506246959",
  "properties": {
    "addr:city": "서울특별시",
    "addr:district": "중구",
    "addr:housenumber": "186",
    "addr:postcode": "04546",
    "addr:street": "청계천로",
    "addr:subdistrict": "주교동",
    "building": "commercial",
    "height": "10.6",
    "id": "way/506246959"
  },
  "geometry": {
    "type": "Polygon",
    "coordinates": [
      [
        [
          126.9982245,
          37.5687338
        ],
        [
          126.9982776,
          37.5685956
        ],
        [
          126.998409,
          37.5686164
        ],
        [
          126.99833,
          37.5687492
        ],
        [
          126.9982245,
          37.5687338
        ]
      ]
    ]
  }
},
{
  "type": "Feature",
  "id": "way/506252753",
  "properties": {
    "addr:housenumber": "17",
    "addr:street": "청계천로",
    "building": "yes",
    "height": "12",
    "id": "way/506252753"
  },
  "geometry": {
    "type": "Polygon",
    "coordinates": [
      [
        [
          126.9793849,
          37.5694686
        ],
        [
          126.9793841,
          37.5694306
        ],
        [
          126.9794563,
          37.5693617
        ],
        [
          126.9795322,
          37.5693561
        ],
        [
          126.9795585,
          37.5693948
        ],
        [
          126.9795668,
          37.5694509
        ],
        [
          126.9795323,
          37.569466
        ],
        [
          126.9793849,
          37.5694686
        ]
      ]
    ]
  }
},
{
  "type": "Feature",
  "id": "way/506252756",
  "properties": {
    "building": "yes",
    "height": "4",
    "id": "way/506252756"
  },
  "geometry": {
    "type": "Polygon",
    "coordinates": [
      [
        [
          126.9795787,
          37.5695427
        ],
        [
          126.9795786,
          37.569437
        ],
        [
          126.979791,
          37.569437
        ],
        [
          126.9797911,
          37.5695226
        ],
        [
          126.9797475,
          37.5695427
        ],
        [
          126.9795787,
          37.5695427
        ]
      ]
    ]
  }
},
{
  "type": "Feature",
  "id": "way/524296628",
  "properties": {
    "addr:city": "서울특별시",
    "addr:district": "종로구",
    "addr:housenumber": "245-1",
    "addr:postcode": "03197",
    "addr:street": "청계천로",
    "addr:subdistrict": "종로5가",
    "building": "yes",
    "cuisine": "coffee_shop;sandwich",
    "internet_access": "wlan",
    "outdoor_seating": "yes",
    "id": "way/524296628"
  },
  "geometry": {
    "type": "Polygon",
    "coordinates": [
      [
        [
          127.0049321,
          37.570005
        ],
        [
          127.0049307,
          37.5698876
        ],
        [
          127.0049834,
          37.5698885
        ],
        [
          127.0050181,
          37.5699192
        ],
        [
          127.0050192,
          37.5700033
        ],
        [
          127.0049321,
          37.570005
        ]
      ]
    ]
  }
},
{
  "type": "Feature",
  "id": "way/628936822",
  "properties": {
    "building": "retail",
    "building:levels": "3",
    "name": "평화시장",
    "name:en": "PyeongHwa Market",
    "name:ja": "平和市場",
    "id": "way/628936822"
  },
  "geometry": {
    "type": "Polygon",
    "coordinates": [
      [
        [
          127.0094243,
          37.5695293
        ],
        [
          127.0093915,
          37.5695392
        ],
        [
          127.0093546,
          37.5695496
        ],
        [
          127.00672,
          37.5694366
        ],
        [
          127.0066644,
          37.5693883
        ],
        [
          127.0066632,
          37.5693604
        ],
        [
          127.0066628,
          37.5693434
        ],
        [
          127.0066623,
          37.5693194
        ],
        [
          127.0066623,
          37.5693006
        ],
        [
          127.0070676,
          37.5693075
        ],
        [
          127.0094306,
          37.5694165
        ],
        [
          127.0094243,
          37.5695293
        ]
      ]
    ]
  }
},
{
  "type": "Feature",
  "id": "way/705817017",
  "properties": {
    "bridge": "yes",
    "bridge:structure": "beam",
    "layer": "1",
    "man_made": "bridge",
    "material": "concrete",
    "name": "세운교",
    "name:en": "Sewoon Bridge",
    "name:ja": "世運橋",
    "id": "way/705817017"
  },
  "geometry": {
    "type": "Polygon",
    "coordinates": [
      [
        [
          126.9950424,
          37.5686625
        ],
        [
          126.9950982,
          37.5684118
        ],
        [
          126.9955568,
          37.568449
        ],
        [
          126.9955735,
          37.5684499
        ],
        [
          126.9955437,
          37.56871
        ],
        [
          126.9952046,
          37.5686779
        ],
        [
          126.9950424,
          37.5686625
        ]
      ]
    ]
  }
},
{
  "type": "Feature",
  "id": "way/710342471",
  "properties": {
    "building": "hotel",
    "building:levels": "12",
    "height": "49",
    "start_date": "1994",
    "id": "way/710342471"
  },
  "geometry": {
    "type": "Polygon",
    "coordinates": [
      [
        [
          126.9906257,
          37.5687334
        ],
        [
          126.9906469,
          37.5684766
        ],
        [
          126.9908763,
          37.5684886
        ],
        [
          126.990855,
          37.5687453
        ],
        [
          126.9906257,
          37.5687334
        ]
      ]
    ]
  }
},
{
  "type": "Feature",
  "id": "way/759395656",
  "properties": {
    "building": "yes",
    "name": "동대문지하쇼핑센터 2번출구",
    "id": "way/759395656"
  },
  "geometry": {
    "type": "Polygon",
    "coordinates": [
      [
        [
          127.0093627,
          37.5700152
        ],
        [
          127.0094494,
          37.5700525
        ],
        [
          127.0094287,
          37.5700827
        ],
        [
          127.009342,
          37.5700453
        ],
        [
          127.0093627,
          37.5700152
        ]
      ]
    ]
  }
},
{
  "type": "Feature",
  "id": "way/759395659",
  "properties": {
    "leisure": "garden",
    "id": "way/759395659"
  },
  "geometry": {
    "type": "Polygon",
    "coordinates": [
      [
        [
          127.0092657,
          37.5702976
        ],
        [
          127.0090083,
          37.5702919
        ],
        [
          127.0090172,
          37.5700404
        ],
        [
          127.0092311,
          37.5700451
        ],
        [
          127.009274,
          37.5700611
        ],
        [
          127.0092657,
          37.5702976
        ]
      ]
    ]
  }
},
{
  "type": "Feature",
  "id": "way/759409643",
  "properties": {
    "building": "retail",
    "building:levels": "3",
    "name": "평화시장",
    "name:en": "Pyeonghwa Market",
    "name:ja": "平和市場",
    "id": "way/759409643"
  },
  "geometry": {
    "type": "Polygon",
    "coordinates": [
      [
        [
          127.0064916,
          37.5694419
        ],
        [
          127.0029816,
          37.5694267
        ],
        [
          127.0025818,
          37.5694245
        ],
        [
          127.0025818,
          37.5694051
        ],
        [
          127.0025818,
          37.5693212
        ],
        [
          127.0029406,
          37.5693243
        ],
        [
          127.0029476,
          37.5693428
        ],
        [
          127.0032117,
          37.5693494
        ],
        [
          127.0032793,
          37.5693315
        ],
        [
          127.0036921,
          37.5693351
        ],
        [
          127.0040439,
          37.5693297
        ],
        [
          127.0044544,
          37.5692975
        ],
        [
          127.0053995,
          37.5692958
        ],
        [
          127.0054401,
          37.5693118
        ],
        [
          127.0054785,
          37.5693109
        ],
        [
          127.0057841,
          37.5693037
        ],
        [
          127.0058029,
          37.5693033
        ],
        [
          127.0058769,
          37.5693015
        ],
        [
          127.0058992,
          37.569301
        ],
        [
          127.005997,
          37.5692987
        ],
        [
          127.0063536,
          37.5692903
        ],
        [
          127.006543,
          37.5692894
        ],
        [
          127.0065428,
          37.5693144
        ],
        [
          127.0065428,
          37.5693188
        ],
        [
          127.0065427,
          37.5693455
        ],
        [
          127.0065426,
          37.5693614
        ],
        [
          127.0065394,
          37.5693871
        ],
        [
          127.0064916,
          37.5694419
        ]
      ]
    ]
  }
},
{
  "type": "Feature",
  "id": "way/759420980",
  "properties": {
    "building": "yes",
    "building:levels": "5",
    "id": "way/759420980"
  },
  "geometry": {
    "type": "Polygon",
    "coordinates": [
      [
        [
          127.0070676,
          37.5693075
        ],
        [
          127.0066623,
          37.5693006
        ],
        [
          127.0066687,
          37.5689179
        ],
        [
          127.0065669,
          37.5689179
        ],
        [
          127.0065697,
          37.5688754
        ],
        [
          127.0066704,
          37.5688739
        ],
        [
          127.0066996,
          37.5682048
        ],
        [
          127.0071472,
          37.5681086
        ],
        [
          127.0070676,
          37.5693075
        ]
      ]
    ]
  }
},
{
  "type": "Feature",
  "id": "way/759420981",
  "properties": {
    "building": "yes",
    "id": "way/759420981"
  },
  "geometry": {
    "type": "Polygon",
    "coordinates": [
      [
        [
          127.0024031,
          37.5694478
        ],
        [
          127.0023075,
          37.5693643
        ],
        [
          127.0023047,
          37.5692495
        ],
        [
          127.0023014,
          37.5691125
        ],
        [
          127.0022988,
          37.5690081
        ],
        [
          127.0022979,
          37.5689699
        ],
        [
          127.0023393,
          37.5689699
        ],
        [
          127.0023587,
          37.5690078
        ],
        [
          127.0024095,
          37.5691015
        ],
        [
          127.0024798,
          37.5692443
        ],
        [
          127.0025244,
          37.5693315
        ],
        [
          127.0025307,
          37.5694478
        ],
        [
          127.0024031,
          37.5694478
        ]
      ]
    ]
  }
},
{
  "type": "Feature",
  "id": "way/760259688",
  "properties": {
    "area": "yes",
    "highway": "pedestrian",
    "id": "way/760259688"
  },
  "geometry": {
    "type": "Polygon",
    "coordinates": [
      [
        [
          127.0086946,
          37.5699924
        ],
        [
          127.0086404,
          37.569909
        ],
        [
          127.0092418,
          37.5699579
        ],
        [
          127.0093489,
          37.569997
        ],
        [
          127.0094267,
          37.5700202
        ],
        [
          127.0094586,
          37.570043
        ],
        [
          127.0094618,
          37.5700733
        ],
        [
          127.0094267,
          37.5702756
        ],
        [
          127.00939,
          37.5704045
        ],
        [
          127.0093549,
          37.5704727
        ],
        [
          127.0090965,
          37.570809
        ],
        [
          127.0090375,
          37.5708874
        ],
        [
          127.0089674,
          37.5709392
        ],
        [
          127.0089232,
          37.5709482
        ],
        [
          127.0088238,
          37.5709683
        ],
        [
          127.0086213,
          37.5709695
        ],
        [
          127.0086324,
          37.5708558
        ],
        [
          127.0087845,
          37.5708597
        ],
        [
          127.0088347,
          37.5708522
        ],
        [
          127.0088451,
          37.570873
        ],
        [
          127.008751,
          37.5708964
        ],
        [
          127.0087725,
          37.5709634
        ],
        [
          127.0089424,
          37.5709198
        ],
        [
          127.00892,
          37.570854
        ],
        [
          127.0090126,
          37.5708098
        ],
        [
          127.009023,
          37.5708065
        ],
        [
          127.009058,
          37.5707953
        ],
        [
          127.0091114,
          37.5707517
        ],
        [
          127.0091393,
          37.5707074
        ],
        [
          127.0091665,
          37.5706562
        ],
        [
          127.0092964,
          37.5704483
        ],
        [
          127.0092988,
          37.5704312
        ],
        [
          127.0093507,
          37.5703118
        ],
        [
          127.0092725,
          37.5702941
        ],
        [
          127.0092787,
          37.5701277
        ],
        [
          127.0092813,
          37.5700589
        ],
        [
          127.0092334,
          37.5700412
        ],
        [
          127.0090078,
          37.5700349
        ],
        [
          127.0090086,
          37.570057
        ],
        [
          127.008936,
          37.5700134
        ],
        [
          127.0087486,
          37.5699983
        ],
        [
          127.0086946,
          37.5699924
        ]
      ]
    ]
  }
},
{
  "type": "Feature",
  "id": "way/760260969",
  "properties": {
    "area:highway": "footway",
    "id": "way/760260969"
  },
  "geometry": {
    "type": "Polygon",
    "coordinates": [
      [
        [
          127.0095045,
          37.5695479
        ],
        [
          127.0094716,
          37.5695572
        ],
        [
          127.0093546,
          37.5695496
        ],
        [
          127.0094243,
          37.5695293
        ],
        [
          127.0094306,
          37.5694165
        ],
        [
          127.009439,
          37.5693681
        ],
        [
          127.0095442,
          37.5693754
        ],
        [
          127.0095045,
          37.5695479
        ]
      ]
    ]
  }
},
{
  "type": "Feature",
  "id": "way/767530797",
  "properties": {
    "landuse": "residential",
    "name": "힐스테이트세운",
    "id": "way/767530797"
  },
  "geometry": {
    "type": "Polygon",
    "coordinates": [
      [
        [
          126.9926308,
          37.5681693
        ],
        [
          126.9925436,
          37.5681001
        ],
        [
          126.992585,
          37.5677614
        ],
        [
          126.9927674,
          37.5677784
        ],
        [
          126.9929492,
          37.5677472
        ],
        [
          126.993041,
          37.56783
        ],
        [
          126.993586,
          37.5676845
        ],
        [
          126.9936474,
          37.5678385
        ],
        [
          126.9940343,
          37.5677543
        ],
        [
          126.994114,
          37.5677604
        ],
        [
          126.994679,
          37.5677967
        ],
        [
          126.9946815,
          37.5677159
        ],
        [
          126.9951163,
          37.5677474
        ],
        [
          126.9950477,
          37.5683279
        ],
        [
          126.9946602,
          37.5682805
        ],
        [
          126.994368,
          37.5682657
        ],
        [
          126.9943273,
          37.5682636
        ],
        [
          126.9939471,
          37.5682444
        ],
        [
          126.9938183,
          37.5682382
        ],
        [
          126.993636,
          37.5682294
        ],
        [
          126.9930405,
          37.5681903
        ],
        [
          126.9926308,
          37.5681693
        ]
      ]
    ]
  }
},
{
  "type": "Feature",
  "id": "way/773003428",
  "properties": {
    "area": "yes",
    "highway": "pedestrian",
    "id": "way/773003428"
  },
  "geometry": {
    "type": "Polygon",
    "coordinates": [
      [
        [
          126.9859207,
          37.5681148
        ],
        [
          126.9859227,
          37.5681191
        ],
        [
          126.985921,
          37.5681234
        ],
        [
          126.9859173,
          37.5681256
        ],
        [
          126.9859056,
          37.5681276
        ],
        [
          126.9858904,
          37.5681306
        ],
        [
          126.9857662,
          37.5681554
        ],
        [
          126.9857529,
          37.5681546
        ],
        [
          126.9857453,
          37.5681479
        ],
        [
          126.9857453,
          37.5681373
        ],
        [
          126.9857538,
          37.5681283
        ],
        [
          126.9857613,
          37.5681226
        ],
        [
          126.9857709,
          37.5681088
        ],
        [
          126.9857766,
          37.56809
        ],
        [
          126.9857794,
          37.5680712
        ],
        [
          126.985788,
          37.5680614
        ],
        [
          126.985805,
          37.5680577
        ],
        [
          126.9858221,
          37.5680592
        ],
        [
          126.9859207,
          37.5681148
        ]
      ]
    ]
  }
},
{
  "type": "Feature",
  "id": "way/773004581",
  "properties": {
    "area": "yes",
    "bridge": "yes",
    "highway": "pedestrian",
    "layer": "1",
    "surface": "paving_stones",
    "id": "way/773004581"
  },
  "geometry": {
    "type": "Polygon",
    "coordinates": [
      [
        [
          127.0093163,
          37.5697811
        ],
        [
          127.0093174,
          37.5697598
        ],
        [
          127.0093191,
          37.5697446
        ],
        [
          127.0093206,
          37.5697334
        ],
        [
          127.0093228,
          37.5697203
        ],
        [
          127.0093287,
          37.5696928
        ],
        [
          127.0093346,
          37.5696707
        ],
        [
          127.0093451,
          37.5696386
        ],
        [
          127.0094582,
          37.5696461
        ],
        [
          127.0094518,
          37.5697287
        ],
        [
          127.0094407,
          37.5698727
        ],
        [
          127.0093599,
          37.5698705
        ],
        [
          127.0093292,
          37.5698697
        ],
        [
          127.0093204,
          37.5698343
        ],
        [
          127.009319,
          37.5698236
        ],
        [
          127.009317,
          37.5698047
        ],
        [
          127.0093163,
          37.5697811
        ]
      ]
    ]
  }
},
{
  "type": "Feature",
  "id": "way/773004589",
  "properties": {
    "historic": "archaeological_site",
    "id": "way/773004589"
  },
  "geometry": {
    "type": "Polygon",
    "coordinates": [
      [
        [
          127.0098875,
          37.5698499
        ],
        [
          127.0098396,
          37.5698474
        ],
        [
          127.0098588,
          37.5696723
        ],
        [
          127.0099098,
          37.5696698
        ],
        [
          127.0098875,
          37.5698499
        ]
      ]
    ]
  }
},
{
  "type": "Feature",
  "id": "way/779874288",
  "properties": {
    "building": "yes",
    "name": "통일연쇄상가",
    "name:en": "Tongil Yeonsoe sangga",
    "name:ja": "統一連鎖商街",
    "name:ko": "통일연쇄상가",
    "shop": "wholesale",
    "id": "way/779874288"
  },
  "geometry": {
    "type": "Polygon",
    "coordinates": [
      [
        [
          127.0058045,
          37.5692681
        ],
        [
          127.0058029,
          37.5693033
        ],
        [
          127.0057841,
          37.5693037
        ],
        [
          127.0054785,
          37.5693109
        ],
        [
          127.0054129,
          37.5691299
        ],
        [
          127.0056959,
          37.5690582
        ],
        [
          127.0057638,
          37.5691889
        ],
        [
          127.0058045,
          37.5692681
        ]
      ]
    ]
  }
},
{
  "type": "Feature",
  "id": "way/779874289",
  "properties": {
    "building": "yes",
    "building:levels": "4",
    "historic": "building",
    "id": "way/779874289"
  },
  "geometry": {
    "type": "Polygon",
    "coordinates": [
      [
        [
          127.006543,
          37.5692894
        ],
        [
          127.0063536,
          37.5692903
        ],
        [
          127.0063528,
          37.5692647
        ],
        [
          127.0060016,
          37.5692695
        ],
        [
          127.005997,
          37.5692987
        ],
        [
          127.0058769,
          37.5693015
        ],
        [
          127.0058826,
          37.5692647
        ],
        [
          127.0058527,
          37.5691938
        ],
        [
          127.0057838,
          37.5690424
        ],
        [
          127.0059912,
          37.5689232
        ],
        [
          127.005979,
          37.5688507
        ],
        [
          127.0063327,
          37.5687975
        ],
        [
          127.0063306,
          37.5687616
        ],
        [
          127.0063286,
          37.5687282
        ],
        [
          127.0065807,
          37.568704
        ],
        [
          127.0065697,
          37.5688754
        ],
        [
          127.0065669,
          37.5689179
        ],
        [
          127.006543,
          37.5692894
        ]
      ]
    ]
  }
},
{
  "type": "Feature",
  "id": "way/829964064",
  "properties": {
    "leisure": "park",
    "id": "way/829964064"
  },
  "geometry": {
    "type": "Polygon",
    "coordinates": [
      [
        [
          126.979979,
          37.5692954
        ],
        [
          126.9806611,
          37.5692476
        ],
        [
          126.9806613,
          37.5695296
        ],
        [
          126.9799882,
          37.5695361
        ],
        [
          126.979979,
          37.5692954
        ]
      ]
    ]
  }
},
{
  "type": "Feature",
  "id": "way/892929341",
  "properties": {
    "addr:city": "서울특별시",
    "addr:district": "종로구",
    "addr:housenumber": "185",
    "addr:postcode": "03195",
    "addr:street": "청계천로",
    "addr:subdistrict": "예지동",
    "building": "yes",
    "id": "way/892929341"
  },
  "geometry": {
    "type": "Polygon",
    "coordinates": [
      [
        [
          126.9980391,
          37.5693988
        ],
        [
          126.9980513,
          37.5692231
        ],
        [
          126.9981626,
          37.5691598
        ],
        [
          126.9983878,
          37.5692028
        ],
        [
          126.9983154,
          37.5694451
        ],
        [
          126.9980391,
          37.5693988
        ]
      ]
    ]
  }
},
{
  "type": "Feature",
  "id": "way/892929347",
  "properties": {
    "addr:city": "서울특별시",
    "addr:district": "종로구",
    "addr:housenumber": "187",
    "addr:postcode": "03195",
    "addr:street": "청계천로",
    "addr:subdistrict": "예지동",
    "building": "yes",
    "building:levels": "9",
    "name:en": "Gwangjang Fashion Town",
    "name:ko": "광장패션타운",
    "shop": "wholesale",
    "id": "way/892929347"
  },
  "geometry": {
    "type": "Polygon",
    "coordinates": [
      [
        [
          126.9985889,
          37.5694371
        ],
        [
          126.9984957,
          37.5694479
        ],
        [
          126.9983805,
          37.5694392
        ],
        [
          126.9984427,
          37.5692058
        ],
        [
          126.9985812,
          37.569226
        ],
        [
          126.9985569,
          37.5692897
        ],
        [
          126.9985812,
          37.569295
        ],
        [
          126.9985715,
          37.5693291
        ],
        [
          126.9985993,
          37.5693353
        ],
        [
          126.9985901,
          37.5693665
        ],
        [
          126.9986144,
          37.5693733
        ],
        [
          126.9985889,
          37.5694371
        ]
      ]
    ]
  }
},
{
  "type": "Feature",
  "id": "way/945015848",
  "properties": {
    "building": "commercial",
    "height": "28.5",
    "name": "세운청계상가",
    "name:ja": "世運清渓商街",
    "name:ko": "세운청계상가",
    "id": "way/945015848"
  },
  "geometry": {
    "type": "Polygon",
    "coordinates": [
      [
        [
          126.9951906,
          37.5683427
        ],
        [
          126.995197,
          37.5682772
        ],
        [
          126.9952758,
          37.5674647
        ],
        [
          126.9956216,
          37.5674984
        ],
        [
          126.9955895,
          37.5678448
        ],
        [
          126.9955547,
          37.5682204
        ],
        [
          126.9955418,
          37.5683594
        ],
        [
          126.9951906,
          37.5683427
        ]
      ]
    ]
  }
},
{
  "type": "Feature",
  "id": "way/980060169",
  "properties": {
    "building": "yes",
    "id": "way/980060169"
  },
  "geometry": {
    "type": "Polygon",
    "coordinates": [
      [
        [
          126.9981293,
          37.5684494
        ],
        [
          126.9981316,
          37.5684009
        ],
        [
          126.9981802,
          37.568401
        ],
        [
          126.9981779,
          37.5684531
        ],
        [
          126.9981293,
          37.5684494
        ]
      ]
    ]
  }
},
{
  "type": "Feature",
  "id": "way/980060170",
  "properties": {
    "building": "yes",
    "id": "way/980060170"
  },
  "geometry": {
    "type": "Polygon",
    "coordinates": [
      [
        [
          126.9981792,
          37.5684531
        ],
        [
          126.9981812,
          37.5684009
        ],
        [
          126.9982457,
          37.568399
        ],
        [
          126.9982378,
          37.5684588
        ],
        [
          126.9981792,
          37.5684531
        ]
      ]
    ]
  }
},
{
  "type": "Feature",
  "id": "way/980060171",
  "properties": {
    "building": "yes",
    "id": "way/980060171"
  },
  "geometry": {
    "type": "Polygon",
    "coordinates": [
      [
        [
          126.9982381,
          37.568463
        ],
        [
          126.9982483,
          37.5683831
        ],
        [
          126.9983443,
          37.5683908
        ],
        [
          126.9983341,
          37.5684707
        ],
        [
          126.9982381,
          37.568463
        ]
      ]
    ]
  }
},
{
  "type": "Feature",
  "id": "way/980060172",
  "properties": {
    "building": "yes",
    "id": "way/980060172"
  },
  "geometry": {
    "type": "Polygon",
    "coordinates": [
      [
        [
          126.9983359,
          37.5684709
        ],
        [
          126.998347,
          37.5683912
        ],
        [
          126.9984191,
          37.5684024
        ],
        [
          126.9984085,
          37.5684932
        ],
        [
          126.9983359,
          37.5684709
        ]
      ]
    ]
  }
},
{
  "type": "Feature",
  "id": "way/980060173",
  "properties": {
    "building": "yes",
    "id": "way/980060173"
  },
  "geometry": {
    "type": "Polygon",
    "coordinates": [
      [
        [
          126.9985055,
          37.5685191
        ],
        [
          126.9984092,
          37.5684932
        ],
        [
          126.9984198,
          37.5684028
        ],
        [
          126.9985295,
          37.5684225
        ],
        [
          126.9985055,
          37.5685191
        ]
      ]
    ]
  }
},
{
  "type": "Feature",
  "id": "way/980060174",
  "properties": {
    "building": "yes",
    "id": "way/980060174"
  },
  "geometry": {
    "type": "Polygon",
    "coordinates": [
      [
        [
          126.9985935,
          37.5685407
        ],
        [
          126.9985096,
          37.5685203
        ],
        [
          126.9985313,
          37.5684321
        ],
        [
          126.9986081,
          37.5684429
        ],
        [
          126.9985935,
          37.5685407
        ]
      ]
    ]
  }
},
{
  "type": "Feature",
  "id": "way/980060175",
  "properties": {
    "building": "yes",
    "id": "way/980060175"
  },
  "geometry": {
    "type": "Polygon",
    "coordinates": [
      [
        [
          126.9990152,
          37.568685
        ],
        [
          126.9988847,
          37.5686434
        ],
        [
          126.9989525,
          37.5685505
        ],
        [
          126.9990176,
          37.5685669
        ],
        [
          126.9990152,
          37.568685
        ]
      ]
    ]
  }
},
{
  "type": "Feature",
  "id": "way/980060176",
  "properties": {
    "building": "yes",
    "id": "way/980060176"
  },
  "geometry": {
    "type": "Polygon",
    "coordinates": [
      [
        [
          126.9988813,
          37.5686415
        ],
        [
          126.9988316,
          37.568625
        ],
        [
          126.9988828,
          37.5685515
        ],
        [
          126.998934,
          37.5685684
        ],
        [
          126.9988813,
          37.5686415
        ]
      ]
    ]
  }
},
{
  "type": "Feature",
  "id": "way/980060177",
  "properties": {
    "building": "yes",
    "id": "way/980060177"
  },
  "geometry": {
    "type": "Polygon",
    "coordinates": [
      [
        [
          126.9988278,
          37.5686242
        ],
        [
          126.9987708,
          37.568604
        ],
        [
          126.9988225,
          37.568529
        ],
        [
          126.998878,
          37.5685496
        ],
        [
          126.9988278,
          37.5686242
        ]
      ]
    ]
  }
},
{
  "type": "Feature",
  "id": "way/980060178",
  "properties": {
    "building": "yes",
    "id": "way/980060178"
  },
  "geometry": {
    "type": "Polygon",
    "coordinates": [
      [
        [
          126.9987665,
          37.5686032
        ],
        [
          126.998697,
          37.5685776
        ],
        [
          126.9987637,
          37.568449
        ],
        [
          126.9988407,
          37.5684752
        ],
        [
          126.9987665,
          37.5686032
        ]
      ]
    ]
  }
},
{
  "type": "Feature",
  "id": "way/980060179",
  "properties": {
    "building": "yes",
    "id": "way/980060179"
  },
  "geometry": {
    "type": "Polygon",
    "coordinates": [
      [
        [
          126.9986938,
          37.5685749
        ],
        [
          126.9986017,
          37.5685424
        ],
        [
          126.9986222,
          37.568431
        ],
        [
          126.9987392,
          37.5684736
        ],
        [
          126.9986938,
          37.5685749
        ]
      ]
    ]
  }
},
{
  "type": "Feature",
  "id": "way/980060180",
  "properties": {
    "building": "yes",
    "man_made": "works",
    "name": "대우정밀",
    "phone": "+82 02 2277 0458",
    "product": "machinery",
    "id": "way/980060180"
  },
  "geometry": {
    "type": "Polygon",
    "coordinates": [
      [
        [
          126.9986722,
          37.5685892
        ],
        [
          126.9987778,
          37.5686207
        ],
        [
          126.998749,
          37.5686952
        ],
        [
          126.9986377,
          37.5686617
        ],
        [
          126.9986722,
          37.5685892
        ]
      ]
    ]
  }
},
{
  "type": "Feature",
  "id": "way/980060181",
  "properties": {
    "addr:city": "서울특별시",
    "addr:district": "중구",
    "addr:housenumber": "190",
    "addr:postcode": "04546",
    "addr:street": "청계천로",
    "addr:subdistrict": "주교동",
    "building": "yes",
    "building:levels": "6",
    "height": "20",
    "name:en": "Cheonggye Building",
    "name:ko": "청계빌딩",
    "id": "way/980060181"
  },
  "geometry": {
    "type": "Polygon",
    "coordinates": [
      [
        [
          126.9987142,
          37.5688037
        ],
        [
          126.9987885,
          37.5686231
        ],
        [
          126.9988949,
          37.5686617
        ],
        [
          126.9988563,
          37.5687486
        ],
        [
          126.9988471,
          37.5687739
        ],
        [
          126.9988308,
          37.5688289
        ],
        [
          126.9987142,
          37.5688037
        ]
      ]
    ]
  }
},
{
  "type": "Feature",
  "id": "way/980060183",
  "properties": {
    "building": "yes",
    "id": "way/980060183"
  },
  "geometry": {
    "type": "Polygon",
    "coordinates": [
      [
        [
          126.9984369,
          37.5685269
        ],
        [
          126.9984099,
          37.5686077
        ],
        [
          126.9982862,
          37.5685869
        ],
        [
          126.9982922,
          37.5684936
        ],
        [
          126.9984369,
          37.5685269
        ]
      ]
    ]
  }
},
{
  "type": "Feature",
  "id": "way/981451732",
  "properties": {
    "amenity": "restaurant",
    "building": "yes",
    "cuisine": "콩국수;콩비지",
    "diet:vegetarian": "yes",
    "name": "강산옥",
    "opening_hours": "11:00-15:00",
    "id": "way/981451732"
  },
  "geometry": {
    "type": "Polygon",
    "coordinates": [
      [
        [
          126.999314,
          37.5687829
        ],
        [
          126.9994267,
          37.5687989
        ],
        [
          126.9994232,
          37.5688591
        ],
        [
          126.9994075,
          37.5689559
        ],
        [
          126.9992975,
          37.5689308
        ],
        [
          126.9992652,
          37.5689234
        ],
        [
          126.999314,
          37.5687829
        ]
      ]
    ]
  }
},
{
  "type": "Feature",
  "id": "way/1002205229",
  "properties": {
    "addr:city": "서울특별시",
    "addr:district": "종로구",
    "addr:housenumber": "10-7",
    "addr:postcode": "03187",
    "addr:street": "종로",
    "addr:subdistrict": "서린동",
    "building": "yes",
    "height": "35",
    "id": "way/1002205229"
  },
  "geometry": {
    "type": "Polygon",
    "coordinates": [
      [
        [
          126.9785762,
          37.5694702
        ],
        [
          126.9784705,
          37.5694766
        ],
        [
          126.9784644,
          37.5693929
        ],
        [
          126.9785681,
          37.569388
        ],
        [
          126.9785762,
          37.5694702
        ]
      ]
    ]
  }
},
{
  "type": "Feature",
  "id": "way/1002205230",
  "properties": {
    "addr:city": "서울특별시",
    "addr:district": "종로구",
    "addr:housenumber": "37",
    "addr:postcode": "03187",
    "addr:street": "무교로",
    "addr:subdistrict": "서린동",
    "building": "yes",
    "height": "3",
    "id": "way/1002205230"
  },
  "geometry": {
    "type": "Polygon",
    "coordinates": [
      [
        [
          126.9789982,
          37.5693537
        ],
        [
          126.9790755,
          37.5693505
        ],
        [
          126.9791608,
          37.5694101
        ],
        [
          126.9790043,
          37.5694166
        ],
        [
          126.9789982,
          37.5693537
        ]
      ]
    ]
  }
},
{
  "type": "Feature",
  "id": "way/1002205231",
  "properties": {
    "addr:city": "서울특별시",
    "addr:district": "종로구",
    "addr:housenumber": "39",
    "addr:postcode": "03187",
    "addr:street": "무교로",
    "addr:subdistrict": "서린동",
    "building": "yes",
    "height": "18",
    "id": "way/1002205231"
  },
  "geometry": {
    "type": "Polygon",
    "coordinates": [
      [
        [
          126.9790143,
          37.5695612
        ],
        [
          126.9790042,
          37.5694233
        ],
        [
          126.9791572,
          37.5694189
        ],
        [
          126.9791667,
          37.5695596
        ],
        [
          126.9790143,
          37.5695612
        ]
      ]
    ]
  }
},
{
  "type": "Feature",
  "id": "way/1002205234",
  "properties": {
    "leisure": "park",
    "id": "way/1002205234"
  },
  "geometry": {
    "type": "Polygon",
    "coordinates": [
      [
        [
          126.9807266,
          37.5692348
        ],
        [
          126.9809564,
          37.5692167
        ],
        [
          126.9808492,
          37.5700525
        ],
        [
          126.9808141,
          37.5700525
        ],
        [
          126.9806526,
          37.5700524
        ],
        [
          126.9806413,
          37.5696132
        ],
        [
          126.980693,
          37.5695977
        ],
        [
          126.9807178,
          37.5695685
        ],
        [
          126.9807266,
          37.5692348
        ]
      ]
    ]
  }
},
{
  "type": "Feature",
  "id": "way/1002205339",
  "properties": {
    "amenity": "parking",
    "id": "way/1002205339"
  },
  "geometry": {
    "type": "Polygon",
    "coordinates": [
      [
        [
          126.9837392,
          37.5684372
        ],
        [
          126.9836803,
          37.5682036
        ],
        [
          126.98329,
          37.5682149
        ],
        [
          126.9832554,
          37.5678662
        ],
        [
          126.9833472,
          37.5678562
        ],
        [
          126.983568,
          37.5678954
        ],
        [
          126.9837782,
          37.5679328
        ],
        [
          126.9837983,
          37.5678716
        ],
        [
          126.9838218,
          37.567871
        ],
        [
          126.9839075,
          37.5679594
        ],
        [
          126.9840549,
          37.5679458
        ],
        [
          126.9840645,
          37.5681005
        ],
        [
          126.9839425,
          37.5684018
        ],
        [
          126.9837392,
          37.5684372
        ]
      ]
    ]
  }
},
{
  "type": "Feature",
  "id": "way/1004718836",
  "properties": {
    "amenity": "restaurant",
    "building": "yes",
    "cuisine": "asian",
    "id": "way/1004718836"
  },
  "geometry": {
    "type": "Polygon",
    "coordinates": [
      [
        [
          126.9996983,
          37.5687842
        ],
        [
          126.9995465,
          37.568769
        ],
        [
          126.9995592,
          37.5686052
        ],
        [
          126.9997213,
          37.5686194
        ],
        [
          126.9996983,
          37.5687842
        ]
      ]
    ]
  }
},
{
  "type": "Feature",
  "id": "way/1004718838",
  "properties": {
    "building": "yes",
    "id": "way/1004718838"
  },
  "geometry": {
    "type": "Polygon",
    "coordinates": [
      [
        [
          126.9996199,
          37.5689765
        ],
        [
          126.9994719,
          37.5689633
        ],
        [
          126.9994946,
          37.5688893
        ],
        [
          126.9995267,
          37.5688076
        ],
        [
          126.9996492,
          37.5688177
        ],
        [
          126.9996199,
          37.5689765
        ]
      ]
    ]
  }
},
{
  "type": "Feature",
  "id": "way/1004718839",
  "properties": {
    "building": "yes",
    "id": "way/1004718839"
  },
  "geometry": {
    "type": "Polygon",
    "coordinates": [
      [
        [
          126.9992511,
          37.5689209
        ],
        [
          126.9990521,
          37.5688823
        ],
        [
          126.9990865,
          37.5687318
        ],
        [
          126.9993022,
          37.5687793
        ],
        [
          126.9992511,
          37.5689209
        ]
      ]
    ]
  }
},
{
  "type": "Feature",
  "id": "way/1004718840",
  "properties": {
    "building": "yes",
    "id": "way/1004718840"
  },
  "geometry": {
    "type": "Polygon",
    "coordinates": [
      [
        [
          126.9994129,
          37.5689554
        ],
        [
          126.9994252,
          37.5688848
        ],
        [
          126.9994848,
          37.5688946
        ],
        [
          126.9994665,
          37.5689622
        ],
        [
          126.9994129,
          37.5689554
        ]
      ]
    ]
  }
},
{
  "type": "Feature",
  "id": "way/1004718841",
  "properties": {
    "building": "yes",
    "id": "way/1004718841"
  },
  "geometry": {
    "type": "Polygon",
    "coordinates": [
      [
        [
          126.9994268,
          37.5688789
        ],
        [
          126.9994322,
          37.5687976
        ],
        [
          126.9995267,
          37.5688076
        ],
        [
          126.9994946,
          37.5688893
        ],
        [
          126.9994268,
          37.5688789
        ]
      ]
    ]
  }
},
{
  "type": "Feature",
  "id": "way/1004718842",
  "properties": {
    "building": "yes",
    "id": "way/1004718842"
  },
  "geometry": {
    "type": "Polygon",
    "coordinates": [
      [
        [
          126.9995266,
          37.5687675
        ],
        [
          126.9993649,
          37.5687593
        ],
        [
          126.999344,
          37.5687427
        ],
        [
          126.9993467,
          37.5687129
        ],
        [
          126.9994443,
          37.5687235
        ],
        [
          126.9994443,
          37.5687109
        ],
        [
          126.9995413,
          37.5687174
        ],
        [
          126.9995406,
          37.568766
        ],
        [
          126.9995266,
          37.5687675
        ]
      ]
    ]
  }
},
{
  "type": "Feature",
  "id": "way/1004718843",
  "properties": {
    "building": "yes",
    "id": "way/1004718843"
  },
  "geometry": {
    "type": "Polygon",
    "coordinates": [
      [
        [
          126.9993467,
          37.5686805
        ],
        [
          126.9993754,
          37.5686011
        ],
        [
          126.9995502,
          37.5686153
        ],
        [
          126.9995413,
          37.5687063
        ],
        [
          126.9993467,
          37.5686805
        ]
      ]
    ]
  }
},
{
  "type": "Feature",
  "id": "way/1004718849",
  "properties": {
    "building": "yes",
    "id": "way/1004718849"
  },
  "geometry": {
    "type": "Polygon",
    "coordinates": [
      [
        [
          126.9992814,
          37.5687211
        ],
        [
          126.9991344,
          37.5687058
        ],
        [
          126.9990947,
          37.5686769
        ],
        [
          126.9991001,
          37.568563
        ],
        [
          126.9992278,
          37.5685664
        ],
        [
          126.9992278,
          37.5686174
        ],
        [
          126.9993104,
          37.5686267
        ],
        [
          126.9992814,
          37.5687211
        ]
      ]
    ]
  }
},
{
  "type": "Feature",
  "id": "way/1010028773",
  "properties": {
    "building": "yes",
    "id": "way/1010028773"
  },
  "geometry": {
    "type": "Polygon",
    "coordinates": [
      [
        [
          127.0024228,
          37.5689327
        ],
        [
          127.002471,
          37.5688987
        ],
        [
          127.0024888,
          37.5689818
        ],
        [
          127.0025127,
          37.5690029
        ],
        [
          127.0025673,
          37.5691306
        ],
        [
          127.0025668,
          37.5691441
        ],
        [
          127.0025826,
          37.5691695
        ],
        [
          127.0026178,
          37.5691752
        ],
        [
          127.0026253,
          37.5693155
        ],
        [
          127.0025753,
          37.5693144
        ],
        [
          127.0024464,
          37.5689704
        ],
        [
          127.0024228,
          37.5689327
        ]
      ]
    ]
  }
},
{
  "type": "Feature",
  "id": "way/1010028774",
  "properties": {
    "leisure": "park",
    "id": "way/1010028774"
  },
  "geometry": {
    "type": "Polygon",
    "coordinates": [
      [
        [
          126.9951906,
          37.5683427
        ],
        [
          126.9950853,
          37.5683354
        ],
        [
          126.9951228,
          37.567968
        ],
        [
          126.9951829,
          37.5674671
        ],
        [
          126.9952355,
          37.5670402
        ],
        [
          126.995258,
          37.5666516
        ],
        [
          126.995273,
          37.5665674
        ],
        [
          126.9953685,
          37.5665691
        ],
        [
          126.9953606,
          37.5667184
        ],
        [
          126.9952758,
          37.5674647
        ],
        [
          126.995197,
          37.5682772
        ],
        [
          126.9951906,
          37.5683427
        ]
      ]
    ]
  }
},
{
  "type": "Feature",
  "id": "way/1010028775",
  "properties": {
    "leisure": "park",
    "id": "way/1010028775"
  },
  "geometry": {
    "type": "Polygon",
    "coordinates": [
      [
        [
          126.9955418,
          37.5683594
        ],
        [
          126.9955547,
          37.5682204
        ],
        [
          126.9955895,
          37.5678448
        ],
        [
          126.9956216,
          37.5674984
        ],
        [
          126.9956527,
          37.5670519
        ],
        [
          126.99567,
          37.5668789
        ],
        [
          126.9956826,
          37.566736
        ],
        [
          126.995657,
          37.5667351
        ],
        [
          126.9956673,
          37.5666521
        ],
        [
          126.995594,
          37.5666496
        ],
        [
          126.9953948,
          37.5666348
        ],
        [
          126.9953843,
          37.5667207
        ],
        [
          126.9953606,
          37.5667184
        ],
        [
          126.9953685,
          37.5665691
        ],
        [
          126.9957945,
          37.5665955
        ],
        [
          126.9957719,
          37.5668404
        ],
        [
          126.9957097,
          37.5673719
        ],
        [
          126.9956679,
          37.567752
        ],
        [
          126.99564,
          37.5680786
        ],
        [
          126.995596,
          37.5684285
        ],
        [
          126.9954984,
          37.5684221
        ],
        [
          126.9951865,
          37.5684016
        ],
        [
          126.9950878,
          37.5683951
        ],
        [
          126.9950853,
          37.5683354
        ],
        [
          126.9951906,
          37.5683427
        ],
        [
          126.9955418,
          37.5683594
        ]
      ]
    ]
  }
},
{
  "type": "Feature",
  "id": "way/1010028776",
  "properties": {
    "leisure": "park",
    "id": "way/1010028776"
  },
  "geometry": {
    "type": "Polygon",
    "coordinates": [
      [
        [
          126.995596,
          37.5684285
        ],
        [
          126.9955843,
          37.5687343
        ],
        [
          126.9955834,
          37.5688716
        ],
        [
          126.9955383,
          37.5692169
        ],
        [
          126.9955239,
          37.569365
        ],
        [
          126.9954932,
          37.5696281
        ],
        [
          126.9954562,
          37.5698948
        ],
        [
          126.9953948,
          37.5702586
        ],
        [
          126.9953664,
          37.5704335
        ],
        [
          126.995327,
          37.5704321
        ],
        [
          126.99526,
          37.5704247
        ],
        [
          126.9953417,
          37.5698817
        ],
        [
          126.9953651,
          37.5697244
        ],
        [
          126.9954044,
          37.5696844
        ],
        [
          126.995452,
          37.5691956
        ],
        [
          126.9954855,
          37.5688426
        ],
        [
          126.9954948,
          37.5687481
        ],
        [
          126.9954984,
          37.5684221
        ],
        [
          126.995596,
          37.5684285
        ]
      ]
    ]
  }
},
{
  "type": "Feature",
  "id": "way/1010028777",
  "properties": {
    "leisure": "park",
    "id": "way/1010028777"
  },
  "geometry": {
    "type": "Polygon",
    "coordinates": [
      [
        [
          126.9951865,
          37.5684016
        ],
        [
          126.995163,
          37.5686627
        ],
        [
          126.9951491,
          37.5688276
        ],
        [
          126.9951154,
          37.5688273
        ],
        [
          126.9950787,
          37.5694146
        ],
        [
          126.9950692,
          37.569593
        ],
        [
          126.9950306,
          37.5695906
        ],
        [
          126.9950217,
          37.5696597
        ],
        [
          126.9950635,
          37.5696626
        ],
        [
          126.9952292,
          37.5696713
        ],
        [
          126.9952246,
          37.5697052
        ],
        [
          126.9952745,
          37.5697093
        ],
        [
          126.995279,
          37.5696729
        ],
        [
          126.9954044,
          37.5696844
        ],
        [
          126.9953651,
          37.5697244
        ],
        [
          126.9949826,
          37.5696976
        ],
        [
          126.994962,
          37.5698351
        ],
        [
          126.9949122,
          37.5698248
        ],
        [
          126.9949763,
          37.5693864
        ],
        [
          126.9950151,
          37.5690854
        ],
        [
          126.9950286,
          37.5689874
        ],
        [
          126.9950322,
          37.5686806
        ],
        [
          126.9950878,
          37.5683951
        ],
        [
          126.9951865,
          37.5684016
        ]
      ]
    ]
  }
},
{
  "type": "Feature",
  "id": "way/1010047708",
  "properties": {
    "building": "apartments",
    "building:flats": "414",
    "building:levels": "27",
    "height": "90",
    "name": "힐스테이트 세운 1단지",
    "start_date": "2023",
    "id": "way/1010047708"
  },
  "geometry": {
    "type": "Polygon",
    "coordinates": [
      [
        [
          126.9926976,
          37.5681107
        ],
        [
          126.9926225,
          37.568041
        ],
        [
          126.9926631,
          37.5678128
        ],
        [
          126.9931676,
          37.5678641
        ],
        [
          126.9935677,
          37.5677499
        ],
        [
          126.9936939,
          37.5680681
        ],
        [
          126.9932662,
          37.5681583
        ],
        [
          126.9926976,
          37.5681107
        ]
      ]
    ]
  }
},
{
  "type": "Feature",
  "id": "way/1010047709",
  "properties": {
    "building": "apartments",
    "building:flats": "304",
    "building:levels": "27",
    "height": "90",
    "start_date": "2023",
    "id": "way/1010047709"
  },
  "geometry": {
    "type": "Polygon",
    "coordinates": [
      [
        [
          126.9946034,
          37.5682434
        ],
        [
          126.994033,
          37.568211
        ],
        [
          126.9940486,
          37.5677915
        ],
        [
          126.994369,
          37.5678077
        ],
        [
          126.9943533,
          37.5680006
        ],
        [
          126.9942571,
          37.5679971
        ],
        [
          126.9942536,
          37.5680523
        ],
        [
          126.994376,
          37.5680579
        ],
        [
          126.9946084,
          37.5680686
        ],
        [
          126.9946042,
          37.5682152
        ],
        [
          126.9946034,
          37.5682434
        ]
      ]
    ]
  }
},
{
  "type": "Feature",
  "id": "way/1010047710",
  "properties": {
    "building": "apartments",
    "building:flats": "304",
    "building:levels": "27",
    "height": "90",
    "start_date": "2023",
    "id": "way/1010047710"
  },
  "geometry": {
    "type": "Polygon",
    "coordinates": [
      [
        [
          126.9943897,
          37.5680081
        ],
        [
          126.9944027,
          37.5678205
        ],
        [
          126.9949206,
          37.567833
        ],
        [
          126.9949108,
          37.5679888
        ],
        [
          126.9950032,
          37.5679891
        ],
        [
          126.994999,
          37.5680319
        ],
        [
          126.9950416,
          37.5680345
        ],
        [
          126.9950308,
          37.5680955
        ],
        [
          126.9950193,
          37.568261
        ],
        [
          126.9946733,
          37.5682459
        ],
        [
          126.9946751,
          37.56822
        ],
        [
          126.9946814,
          37.5681285
        ],
        [
          126.9947173,
          37.5681301
        ],
        [
          126.9947274,
          37.5679853
        ],
        [
          126.9945229,
          37.5679764
        ],
        [
          126.9945203,
          37.5680138
        ],
        [
          126.9943897,
          37.5680081
        ]
      ]
    ]
  }
},
{
  "type": "Feature",
  "id": "way/1010047711",
  "properties": {
    "leisure": "garden",
    "id": "way/1010047711"
  },
  "geometry": {
    "type": "Polygon",
    "coordinates": [
      [
        [
          126.9940016,
          37.5682056
        ],
        [
          126.9938277,
          37.568196
        ],
        [
          126.9938097,
          37.5681702
        ],
        [
          126.9937817,
          37.5680528
        ],
        [
          126.9937346,
          37.5678666
        ],
        [
          126.9940298,
          37.5678312
        ],
        [
          126.9940016,
          37.5682056
        ]
      ]
    ]
  }
},
{
  "type": "Feature",
  "id": "way/1011327079",
  "properties": {
    "amenity": "marketplace",
    "id": "way/1011327079"
  },
  "geometry": {
    "type": "Polygon",
    "coordinates": [
      [
        [
          127.001121,
          37.5699802
        ],
        [
          127.0009389,
          37.5699469
        ],
        [
          127.0009844,
          37.569822
        ],
        [
          127.0010381,
          37.5697174
        ],
        [
          127.0013358,
          37.5697886
        ],
        [
          127.0013323,
          37.5698173
        ],
        [
          127.0011887,
          37.5699663
        ],
        [
          127.0011525,
          37.5699765
        ],
        [
          127.001121,
          37.5699802
        ]
      ]
    ]
  }
},
{
  "type": "Feature",
  "id": "way/1011327080",
  "properties": {
    "amenity": "marketplace",
    "name": "Gwangjang Market",
    "id": "way/1011327080"
  },
  "geometry": {
    "type": "Polygon",
    "coordinates": [
      [
        [
          127.000912,
          37.5699478
        ],
        [
          127.0003376,
          37.5698784
        ],
        [
          127.0003248,
          37.5698321
        ],
        [
          127.0003703,
          37.569623
        ],
        [
          127.0004439,
          37.5696184
        ],
        [
          127.0007381,
          37.5696748
        ],
        [
          127.0009856,
          37.5697257
        ],
        [
          127.0009926,
          37.5697331
        ],
        [
          127.000912,
          37.5699478
        ]
      ]
    ]
  }
},
{
  "type": "Feature",
  "id": "way/1011328235",
  "properties": {
    "amenity": "marketplace",
    "name": "중앙상우회",
    "name:en": "Joongang Merchant Association",
    "name:ko": "중앙상우회",
    "id": "way/1011328235"
  },
  "geometry": {
    "type": "Polygon",
    "coordinates": [
      [
        [
          126.9992907,
          37.5698555
        ],
        [
          126.9990094,
          37.5698371
        ],
        [
          126.9988413,
          37.5698203
        ],
        [
          126.9988395,
          37.5697656
        ],
        [
          126.9988112,
          37.5694486
        ],
        [
          126.9988256,
          37.5692878
        ],
        [
          126.9989696,
          37.569318
        ],
        [
          126.9989899,
          37.5693223
        ],
        [
          126.9993569,
          37.5693656
        ],
        [
          126.9992907,
          37.5698555
        ]
      ]
    ]
  }
},
{
  "type": "Feature",
  "id": "way/1011328239",
  "properties": {
    "amenity": "marketplace",
    "id": "way/1011328239"
  },
  "geometry": {
    "type": "Polygon",
    "coordinates": [
      [
        [
          126.9993712,
          37.5698284
        ],
        [
          126.9994055,
          37.5694261
        ],
        [
          126.9994355,
          37.5694047
        ],
        [
          126.9995273,
          37.5694217
        ],
        [
          126.9995078,
          37.569563
        ],
        [
          126.9995334,
          37.5695664
        ],
        [
          126.9995231,
          37.5696913
        ],
        [
          126.9998611,
          37.5697106
        ],
        [
          126.9998657,
          37.5695676
        ],
        [
          126.9999462,
          37.5695706
        ],
        [
          127.0000475,
          37.5695743
        ],
        [
          127.0000677,
          37.5695062
        ],
        [
          127.00026,
          37.5695435
        ],
        [
          127.0002929,
          37.5695798
        ],
        [
          127.0002719,
          37.5696825
        ],
        [
          127.0002698,
          37.5698257
        ],
        [
          127.0002116,
          37.5698727
        ],
        [
          126.9993993,
          37.5698614
        ],
        [
          126.9993712,
          37.5698284
        ]
      ]
    ]
  }
},
{
  "type": "Feature",
  "id": "way/1011328241",
  "properties": {
    "amenity": "marketplace",
    "id": "way/1011328241"
  },
  "geometry": {
    "type": "Polygon",
    "coordinates": [
      [
        [
          127.0010194,
          37.5702924
        ],
        [
          127.0010028,
          37.5702619
        ],
        [
          127.0014792,
          37.5697946
        ],
        [
          127.0015557,
          37.5697753
        ],
        [
          127.0017145,
          37.5697921
        ],
        [
          127.0018045,
          37.569895
        ],
        [
          127.0015773,
          37.5698751
        ],
        [
          127.0015651,
          37.5699621
        ],
        [
          127.0014786,
          37.5699555
        ],
        [
          127.0014707,
          37.5700725
        ],
        [
          127.0015574,
          37.5700801
        ],
        [
          127.0015552,
          37.5701135
        ],
        [
          127.0015654,
          37.5701283
        ],
        [
          127.0017707,
          37.570142
        ],
        [
          127.0017481,
          37.5703307
        ],
        [
          127.0010194,
          37.5702924
        ]
      ]
    ]
  }
},
{
  "type": "Feature",
  "id": "way/1011328242",
  "properties": {
    "amenity": "bank",
    "brand": "우리은행",
    "brand:en": "Woori Bank",
    "brand:ko": "우리은행",
    "brand:wikidata": "Q494369",
    "building": "yes",
    "name": "우리은행",
    "name:en": "Woori Bank",
    "name:ko": "우리은행",
    "id": "way/1011328242"
  },
  "geometry": {
    "type": "Polygon",
    "coordinates": [
      [
        [
          127.0017707,
          37.570142
        ],
        [
          127.0015654,
          37.5701283
        ],
        [
          127.0015552,
          37.5701135
        ],
        [
          127.0015574,
          37.5700801
        ],
        [
          127.0014707,
          37.5700725
        ],
        [
          127.0014786,
          37.5699555
        ],
        [
          127.0015651,
          37.5699621
        ],
        [
          127.0015773,
          37.5698751
        ],
        [
          127.0018045,
          37.569895
        ],
        [
          127.0017707,
          37.570142
        ]
      ]
    ]
  }
},
{
  "type": "Feature",
  "id": "way/1011331965",
  "properties": {
    "amenity": "marketplace",
    "id": "way/1011331965"
  },
  "geometry": {
    "type": "Polygon",
    "coordinates": [
      [
        [
          127.0015703,
          37.5693426
        ],
        [
          127.0015845,
          37.5689331
        ],
        [
          127.0016783,
          37.5689429
        ],
        [
          127.0019136,
          37.5689359
        ],
        [
          127.0018641,
          37.5692823
        ],
        [
          127.0017721,
          37.5693651
        ],
        [
          127.0017367,
          37.5693721
        ],
        [
          127.0015703,
          37.5693426
        ]
      ]
    ]
  }
},
{
  "type": "Feature",
  "id": "way/1014301434",
  "properties": {
    "building": "yes",
    "id": "way/1014301434"
  },
  "geometry": {
    "type": "Polygon",
    "coordinates": [
      [
        [
          126.9997375,
          37.5688098
        ],
        [
          126.999748,
          37.5687357
        ],
        [
          126.9998916,
          37.5687404
        ],
        [
          126.9998905,
          37.568832
        ],
        [
          126.9997375,
          37.5688098
        ]
      ]
    ]
  }
},
{
  "type": "Feature",
  "id": "way/1014301435",
  "properties": {
    "building": "yes",
    "id": "way/1014301435"
  },
  "geometry": {
    "type": "Polygon",
    "coordinates": [
      [
        [
          126.9999033,
          37.5688329
        ],
        [
          126.9999056,
          37.5687404
        ],
        [
          127.0000819,
          37.5687404
        ],
        [
          127.0000819,
          37.568844
        ],
        [
          126.9999033,
          37.5688329
        ]
      ]
    ]
  }
},
{
  "type": "Feature",
  "id": "way/1014301436",
  "properties": {
    "building": "yes",
    "id": "way/1014301436"
  },
  "geometry": {
    "type": "Polygon",
    "coordinates": [
      [
        [
          126.9996885,
          37.5688236
        ],
        [
          126.9998753,
          37.5688458
        ],
        [
          126.9998636,
          37.5689347
        ],
        [
          126.9996721,
          37.5689106
        ],
        [
          126.9996885,
          37.5688236
        ]
      ]
    ]
  }
},
{
  "type": "Feature",
  "id": "way/1016172767",
  "properties": {
    "leisure": "track",
    "name:en": "Seun Sangga's pedestrian deck",
    "name:ko": "세운상가 공중보행로",
    "sport": "running",
    "surface": "paved",
    "wikidata": "Q110288546",
    "id": "way/1016172767"
  },
  "geometry": {
    "type": "Polygon",
    "coordinates": [
      [
        [
          126.9957443,
          37.566772
        ],
        [
          126.9957151,
          37.5671866
        ],
        [
          126.9955902,
          37.5683646
        ],
        [
          126.9955738,
          37.5688125
        ],
        [
          126.9954489,
          37.5697055
        ],
        [
          126.9950029,
          37.5696768
        ],
        [
          126.9950741,
          37.568955
        ],
        [
          126.9950765,
          37.5688727
        ],
        [
          126.9951126,
          37.5686552
        ],
        [
          126.9951255,
          37.5683239
        ],
        [
          126.9951944,
          37.567764
        ],
        [
          126.995338,
          37.5664796
        ],
        [
          126.9955143,
          37.5643335
        ],
        [
          126.9955645,
          37.5641308
        ],
        [
          126.9958061,
          37.5618838
        ],
        [
          126.9961739,
          37.5619088
        ],
        [
          126.9961484,
          37.5621697
        ],
        [
          126.9959591,
          37.5641077
        ],
        [
          126.9960303,
          37.5643668
        ],
        [
          126.9959276,
          37.5653978
        ],
        [
          126.9958295,
          37.5663806
        ],
        [
          126.9957629,
          37.5666036
        ],
        [
          126.9957443,
          37.566772
        ]
      ]
    ]
  }
},
{
  "type": "Feature",
  "id": "way/1093698557",
  "properties": {
    "landuse": "commercial",
    "name": "세운상가",
    "name:en": "Seun Sangga",
    "name:ko": "세운상가",
    "id": "way/1093698557"
  },
  "geometry": {
    "type": "Polygon",
    "coordinates": [
      [
        [
          126.9950635,
          37.5696626
        ],
        [
          126.9950692,
          37.569593
        ],
        [
          126.9950787,
          37.5694146
        ],
        [
          126.9951154,
          37.5688273
        ],
        [
          126.9958212,
          37.5619101
        ],
        [
          126.9959978,
          37.561919
        ],
        [
          126.9961607,
          37.5619272
        ],
        [
          126.996154,
          37.5619955
        ],
        [
          126.9954044,
          37.5696844
        ],
        [
          126.9950635,
          37.5696626
        ]
      ]
    ]
  }
},
{
  "type": "Feature",
  "id": "way/1101219125",
  "properties": {
    "bridge:structure": "beam",
    "layer": "1",
    "man_made": "bridge",
    "name": "삼일교",
    "id": "way/1101219125"
  },
  "geometry": {
    "type": "Polygon",
    "coordinates": [
      [
        [
          126.9875513,
          37.5682407
        ],
        [
          126.9874067,
          37.5682486
        ],
        [
          126.9873908,
          37.5680569
        ],
        [
          126.9875469,
          37.5680529
        ],
        [
          126.9877482,
          37.5680399
        ],
        [
          126.9879077,
          37.5680381
        ],
        [
          126.987905,
          37.5682263
        ],
        [
          126.9877605,
          37.568236
        ],
        [
          126.9875513,
          37.5682407
        ]
      ]
    ]
  }
},
{
  "type": "Feature",
  "id": "way/1102519404",
  "properties": {
    "building": "yes",
    "gas_insulated": "yes",
    "location": "indoor",
    "name": "종로변전소",
    "name:en": "Jongno Substation",
    "name:ko": "종로변전소",
    "operator": "한국전력공사",
    "operator:en": "Korea Electric Power Corporation",
    "operator:ko": "한국전력공사",
    "operator:short": "KEPCO",
    "operator:wikidata": "Q486737",
    "power": "substation",
    "substation": "distribution",
    "voltage": "154000",
    "id": "way/1102519404"
  },
  "geometry": {
    "type": "Polygon",
    "coordinates": [
      [
        [
          126.9920048,
          37.5688175
        ],
        [
          126.9920157,
          37.5687649
        ],
        [
          126.991867,
          37.5687455
        ],
        [
          126.9918918,
          37.5686261
        ],
        [
          126.9922118,
          37.5686677
        ],
        [
          126.9921762,
          37.5688398
        ],
        [
          126.9920048,
          37.5688175
        ]
      ]
    ]
  }
},
{
  "type": "Feature",
  "id": "way/1113011066",
  "properties": {
    "building": "yes",
    "id": "way/1113011066"
  },
  "geometry": {
    "type": "Polygon",
    "coordinates": [
      [
        [
          126.9961429,
          37.568418
        ],
        [
          126.9961569,
          37.5683169
        ],
        [
          126.9963425,
          37.5683512
        ],
        [
          126.9963019,
          37.5684399
        ],
        [
          126.9961429,
          37.568418
        ]
      ]
    ]
  }
},
{
  "type": "Feature",
  "id": "way/1120481509",
  "properties": {
    "addr:city": "서울특별시",
    "addr:district": "중구",
    "addr:housenumber": "67",
    "addr:postcode": "04545",
    "addr:street": "창경궁로",
    "addr:subdistrict": "주교동",
    "building": "yes",
    "name:en": "Sejin Building",
    "name:ko": "세진빌딩",
    "id": "way/1120481509"
  },
  "geometry": {
    "type": "Polygon",
    "coordinates": [
      [
        [
          126.9978631,
          37.5684366
        ],
        [
          126.9976768,
          37.5684262
        ],
        [
          126.9976912,
          37.5683281
        ],
        [
          126.9976954,
          37.5683023
        ],
        [
          126.9978722,
          37.5683156
        ],
        [
          126.9978631,
          37.5684366
        ]
      ]
    ]
  }
},
{
  "type": "Feature",
  "id": "way/1120481510",
  "properties": {
    "amenity": "parking",
    "id": "way/1120481510"
  },
  "geometry": {
    "type": "Polygon",
    "coordinates": [
      [
        [
          126.9976768,
          37.5684262
        ],
        [
          126.9975031,
          37.568396
        ],
        [
          126.9975368,
          37.5683228
        ],
        [
          126.9976912,
          37.5683281
        ],
        [
          126.9976768,
          37.5684262
        ]
      ]
    ]
  }
},
{
  "type": "Feature",
  "id": "way/1120481517",
  "properties": {
    "addr:city": "서울특별시",
    "addr:district": "중구",
    "addr:housenumber": "190",
    "addr:postcode": "04546",
    "addr:street": "청계천로",
    "addr:subdistrict": "주교동",
    "amenity": "restaurant",
    "building": "yes",
    "cuisine": "korean",
    "diet:meat": "yes",
    "height": "11.7",
    "name:en": "Samyeong",
    "name:ko": "삼영",
    "id": "way/1120481517"
  },
  "geometry": {
    "type": "Polygon",
    "coordinates": [
      [
        [
          126.9989927,
          37.5687826
        ],
        [
          126.998858,
          37.5687561
        ],
        [
          126.9988993,
          37.5686634
        ],
        [
          126.9990106,
          37.5687012
        ],
        [
          126.9989967,
          37.5687632
        ],
        [
          126.9990001,
          37.5687644
        ],
        [
          126.9990028,
          37.5687664
        ],
        [
          126.9990046,
          37.568769
        ],
        [
          126.9990052,
          37.5687718
        ],
        [
          126.9990047,
          37.5687747
        ],
        [
          126.999003,
          37.5687773
        ],
        [
          126.9990004,
          37.5687793
        ],
        [
          126.998997,
          37.5687806
        ],
        [
          126.9989933,
          37.5687809
        ],
        [
          126.9989927,
          37.5687826
        ]
      ]
    ]
  }
},
{
  "type": "Feature",
  "id": "way/1120481518",
  "properties": {
    "addr:city": "서울특별시",
    "addr:district": "중구",
    "addr:housenumber": "192",
    "addr:postcode": "04546",
    "addr:street": "청계천로",
    "addr:subdistrict": "주교동",
    "amenity": "cafe",
    "building": "yes",
    "cuisine": "coffee_shop",
    "name:en": "Vita Cafe+83",
    "name:ko": "비타카페+83",
    "outdoor_seating": "yes",
    "id": "way/1120481518"
  },
  "geometry": {
    "type": "Polygon",
    "coordinates": [
      [
        [
          126.9988346,
          37.568831
        ],
        [
          126.998858,
          37.5687561
        ],
        [
          126.9989927,
          37.5687826
        ],
        [
          126.9989693,
          37.5688575
        ],
        [
          126.9988346,
          37.568831
        ]
      ]
    ]
  }
},
{
  "type": "Feature",
  "id": "way/1123127580",
  "properties": {
    "building": "roof",
    "layer": "1",
    "id": "way/1123127580"
  },
  "geometry": {
    "type": "Polygon",
    "coordinates": [
      [
        [
          127.0018253,
          37.5697725
        ],
        [
          127.001893,
          37.569841
        ],
        [
          127.0018711,
          37.5698546
        ],
        [
          127.0018502,
          37.5698676
        ],
        [
          127.0017825,
          37.5697991
        ],
        [
          127.0018051,
          37.5697851
        ],
        [
          127.0018253,
          37.5697725
        ]
      ]
    ]
  }
},
{
  "type": "Feature",
  "id": "way/1123127581",
  "properties": {
    "building": "roof",
    "layer": "1",
    "id": "way/1123127581"
  },
  "geometry": {
    "type": "Polygon",
    "coordinates": [
      [
        [
          127.0021909,
          37.5698852
        ],
        [
          127.0022749,
          37.5698275
        ],
        [
          127.0022865,
          37.5698381
        ],
        [
          127.0023047,
          37.5698547
        ],
        [
          127.0022207,
          37.5699124
        ],
        [
          127.0022013,
          37.5698947
        ],
        [
          127.0021909,
          37.5698852
        ]
      ]
    ]
  }
},
{
  "type": "Feature",
  "id": "way/1123127585",
  "properties": {
    "bridge:structure": "truss",
    "man_made": "bridge",
    "name:en": "Willow Bridge",
    "name:ru": "Ивовый мост",
    "id": "way/1123127585"
  },
  "geometry": {
    "type": "Polygon",
    "coordinates": [
      [
        [
          127.0067368,
          37.5695711
        ],
        [
          127.0068026,
          37.5697635
        ],
        [
          127.0065907,
          37.5697539
        ],
        [
          127.0065223,
          37.5695636
        ],
        [
          127.0067368,
          37.5695711
        ]
      ]
    ]
  }
},
{
  "type": "Feature",
  "id": "way/1124654277",
  "properties": {
    "addr:city": "서울특별시",
    "addr:district": "종로구",
    "addr:housenumber": "197-1",
    "addr:postcode": "03195",
    "addr:street": "청계천로",
    "addr:subdistrict": "예지동",
    "building": "yes",
    "id": "way/1124654277"
  },
  "geometry": {
    "type": "Polygon",
    "coordinates": [
      [
        [
          126.9995892,
          37.5695674
        ],
        [
          126.9995357,
          37.569564
        ],
        [
          126.9995112,
          37.569563
        ],
        [
          126.9995273,
          37.5694217
        ],
        [
          126.9996281,
          37.5694367
        ],
        [
          126.9995892,
          37.5695674
        ]
      ]
    ]
  }
},
{
  "type": "Feature",
  "id": "way/1124654278",
  "properties": {
    "amenity": "bank",
    "brand": "KB국민은행",
    "brand:en": "KB Kookmin Bank",
    "brand:ko": "KB국민은행",
    "brand:wikidata": "Q496606",
    "building": "yes",
    "name": "KB국민은행",
    "name:en": "KB Kookmin Bank",
    "name:ko": "KB국민은행",
    "id": "way/1124654278"
  },
  "geometry": {
    "type": "Polygon",
    "coordinates": [
      [
        [
          126.9995231,
          37.5696913
        ],
        [
          126.9995357,
          37.569564
        ],
        [
          126.9995892,
          37.5695674
        ],
        [
          126.9997815,
          37.5695676
        ],
        [
          126.9998657,
          37.5695676
        ],
        [
          126.9998611,
          37.5697106
        ],
        [
          126.9995231,
          37.5696913
        ]
      ]
    ]
  }
},
{
  "type": "Feature",
  "id": "way/1124654279",
  "properties": {
    "amenity": "parking",
    "id": "way/1124654279"
  },
  "geometry": {
    "type": "Polygon",
    "coordinates": [
      [
        [
          126.9995892,
          37.5695674
        ],
        [
          126.9996281,
          37.5694367
        ],
        [
          126.9997204,
          37.5694492
        ],
        [
          126.9998166,
          37.5694623
        ],
        [
          126.9997815,
          37.5695676
        ],
        [
          126.9995892,
          37.5695674
        ]
      ]
    ]
  }
},
{
  "type": "Feature",
  "id": "way/1124654281",
  "properties": {
    "addr:city": "서울특별시",
    "addr:district": "종로구",
    "addr:housenumber": "199-1",
    "addr:postcode": "03195",
    "addr:street": "청계천로",
    "addr:subdistrict": "예지동",
    "building": "yes",
    "id": "way/1124654281"
  },
  "geometry": {
    "type": "Polygon",
    "coordinates": [
      [
        [
          126.9998657,
          37.5695676
        ],
        [
          126.9997815,
          37.5695676
        ],
        [
          126.9998166,
          37.5694623
        ],
        [
          126.9999006,
          37.569478
        ],
        [
          126.9998657,
          37.5695676
        ]
      ]
    ]
  }
},
{
  "type": "Feature",
  "id": "way/1124654282",
  "properties": {
    "addr:city": "서울특별시",
    "addr:district": "종로구",
    "addr:housenumber": "201",
    "addr:postcode": "03195",
    "addr:street": "청계천로",
    "addr:subdistrict": "예지동",
    "building": "yes",
    "id": "way/1124654282"
  },
  "geometry": {
    "type": "Polygon",
    "coordinates": [
      [
        [
          126.9998657,
          37.5695676
        ],
        [
          126.9999006,
          37.569478
        ],
        [
          126.9999765,
          37.5694928
        ],
        [
          126.9999462,
          37.5695706
        ],
        [
          126.9998657,
          37.5695676
        ]
      ]
    ]
  }
},
{
  "type": "Feature",
  "id": "way/1124654283",
  "properties": {
    "addr:city": "서울특별시",
    "addr:district": "종로구",
    "addr:housenumber": "201-1",
    "addr:postcode": "03195",
    "addr:street": "청계천로",
    "addr:subdistrict": "예지동",
    "building": "yes",
    "id": "way/1124654283"
  },
  "geometry": {
    "type": "Polygon",
    "coordinates": [
      [
        [
          126.9999765,
          37.5694928
        ],
        [
          127.0000677,
          37.5695062
        ],
        [
          127.0000475,
          37.5695743
        ],
        [
          126.9999462,
          37.5695706
        ],
        [
          126.9999765,
          37.5694928
        ]
      ]
    ]
  }
},
{
  "type": "Feature",
  "id": "way/1124654284",
  "properties": {
    "building": "yes",
    "id": "way/1124654284"
  },
  "geometry": {
    "type": "Polygon",
    "coordinates": [
      [
        [
          127.0000677,
          37.5695062
        ],
        [
          127.00026,
          37.5695435
        ],
        [
          127.0002929,
          37.5695798
        ],
        [
          127.0002719,
          37.5696825
        ],
        [
          127.0000501,
          37.5696547
        ],
        [
          127.0000475,
          37.5695743
        ],
        [
          127.0000677,
          37.5695062
        ]
      ]
    ]
  }
},
{
  "type": "Feature",
  "id": "way/1124655658",
  "properties": {
    "addr:city": "서울특별시",
    "addr:district": "종로구",
    "addr:housenumber": "36",
    "addr:postcode": "03195",
    "addr:street": "창경궁로12길",
    "addr:subdistrict": "예지동",
    "building": "yes",
    "name:en": "Daehan Jikmul",
    "name:ko": "대한직물부 도매부",
    "shop": "wholesale",
    "id": "way/1124655658"
  },
  "geometry": {
    "type": "Polygon",
    "coordinates": [
      [
        [
          126.9998685,
          37.5698581
        ],
        [
          126.999867,
          37.5697116
        ],
        [
          126.9998724,
          37.5695718
        ],
        [
          127.0000419,
          37.5695791
        ],
        [
          127.0000488,
          37.5696634
        ],
        [
          127.000266,
          37.5696902
        ],
        [
          127.0002652,
          37.5697665
        ],
        [
          127.0000457,
          37.5697501
        ],
        [
          127.0000395,
          37.569863
        ],
        [
          126.9998685,
          37.5698581
        ]
      ]
    ]
  }
},
{
  "type": "Feature",
  "id": "way/1125230933",
  "properties": {
    "building:levels": "0",
    "height": "0",
    "layer": "-1",
    "name": "마전교지하쇼핑센터",
    "shop": "mall",
    "id": "way/1125230933"
  },
  "geometry": {
    "type": "Polygon",
    "coordinates": [
      [
        [
          127.0018243,
          37.570243
        ],
        [
          127.0018763,
          37.5699005
        ],
        [
          127.0018502,
          37.5698676
        ],
        [
          127.0018711,
          37.5698546
        ],
        [
          127.001893,
          37.569841
        ],
        [
          127.0019265,
          37.5698765
        ],
        [
          127.0021449,
          37.5698829
        ],
        [
          127.0021909,
          37.5698852
        ],
        [
          127.0022013,
          37.5698947
        ],
        [
          127.0022207,
          37.5699124
        ],
        [
          127.0021913,
          37.569933
        ],
        [
          127.0021731,
          37.5701784
        ],
        [
          127.0021673,
          37.5702556
        ],
        [
          127.0021429,
          37.5702542
        ],
        [
          127.0021201,
          37.5702529
        ],
        [
          127.002123,
          37.5702173
        ],
        [
          127.0018838,
          37.570204
        ],
        [
          127.0018797,
          37.5702467
        ],
        [
          127.001855,
          37.5702451
        ],
        [
          127.0018243,
          37.570243
        ]
      ]
    ]
  }
},
{
  "type": "Feature",
  "id": "way/1125618088",
  "properties": {
    "brand": "세븐일레븐",
    "brand:en": "7-Eleven",
    "brand:ko": "세븐일레븐",
    "brand:wikidata": "Q259340",
    "building": "yes",
    "name": "세븐일레븐",
    "name:en": "7-Eleven",
    "name:ko": "세븐일레븐",
    "shop": "convenience",
    "id": "way/1125618088"
  },
  "geometry": {
    "type": "Polygon",
    "coordinates": [
      [
        [
          126.9994079,
          37.5694784
        ],
        [
          126.9994121,
          37.5694272
        ],
        [
          126.9994351,
          37.5694089
        ],
        [
          126.9994699,
          37.5694169
        ],
        [
          126.9994634,
          37.5694833
        ],
        [
          126.9994079,
          37.5694784
        ]
      ]
    ]
  }
},
{
  "type": "Feature",
  "id": "way/1125618089",
  "properties": {
    "addr:city": "서울특별시",
    "addr:district": "종로구",
    "addr:housenumber": "197",
    "addr:postcode": "03195",
    "addr:street": "청계천로",
    "addr:subdistrict": "예지동",
    "building": "yes",
    "id": "way/1125618089"
  },
  "geometry": {
    "type": "Polygon",
    "coordinates": [
      [
        [
          126.9994648,
          37.5694836
        ],
        [
          126.999471,
          37.569417
        ],
        [
          126.9995218,
          37.5694258
        ],
        [
          126.9995139,
          37.5694882
        ],
        [
          126.9994648,
          37.5694836
        ]
      ]
    ]
  }
},
{
  "type": "Feature",
  "id": "way/1125618090",
  "properties": {
    "addr:city": "서울특별시",
    "addr:housenumber": "19-8",
    "addr:street": "청계천로",
    "building": "yes",
    "id": "way/1125618090"
  },
  "geometry": {
    "type": "Polygon",
    "coordinates": [
      [
        [
          126.9994079,
          37.569481
        ],
        [
          126.9995119,
          37.5694899
        ],
        [
          126.9995084,
          37.5695283
        ],
        [
          126.9994048,
          37.5695225
        ],
        [
          126.9994079,
          37.569481
        ]
      ]
    ]
  }
},
{
  "type": "Feature",
  "id": "way/1125618091",
  "properties": {
    "addr:city": "서울특별시",
    "addr:district": "종로구",
    "addr:housenumber": "195-10",
    "addr:postcode": "03195",
    "addr:street": "청계천로",
    "addr:subdistrict": "예지동",
    "building": "yes",
    "id": "way/1125618091"
  },
  "geometry": {
    "type": "Polygon",
    "coordinates": [
      [
        [
          126.9994059,
          37.569525
        ],
        [
          126.9995065,
          37.5695308
        ],
        [
          126.999503,
          37.5695628
        ],
        [
          126.9994013,
          37.5695582
        ],
        [
          126.9994059,
          37.569525
        ]
      ]
    ]
  }
},
{
  "type": "Feature",
  "id": "way/1125618092",
  "properties": {
    "addr:city": "서울특별시",
    "addr:district": "종로구",
    "addr:housenumber": "195-14",
    "addr:postcode": "03195",
    "addr:street": "청계천로",
    "addr:subdistrict": "예지동",
    "building": "yes",
    "id": "way/1125618092"
  },
  "geometry": {
    "type": "Polygon",
    "coordinates": [
      [
        [
          126.9994016,
          37.5695632
        ],
        [
          126.999529,
          37.5695702
        ],
        [
          126.9995267,
          37.5695963
        ],
        [
          126.9993993,
          37.5695894
        ],
        [
          126.9994016,
          37.5695632
        ]
      ]
    ]
  }
},
{
  "type": "Feature",
  "id": "way/1125618093",
  "properties": {
    "addr:city": "서울특별시",
    "addr:district": "종로구",
    "addr:housenumber": "195-16",
    "addr:postcode": "03195",
    "addr:street": "청계천로",
    "addr:subdistrict": "예지동",
    "building": "yes",
    "id": "way/1125618093"
  },
  "geometry": {
    "type": "Polygon",
    "coordinates": [
      [
        [
          126.9993996,
          37.569591
        ],
        [
          126.999527,
          37.5695979
        ],
        [
          126.9995247,
          37.5696241
        ],
        [
          126.9993973,
          37.5696172
        ],
        [
          126.9993996,
          37.569591
        ]
      ]
    ]
  }
},
{
  "type": "Feature",
  "id": "way/1125630903",
  "properties": {
    "addr:city": "서울특별시",
    "addr:housenumber": "295-5",
    "addr:street": "청계천로",
    "building": "yes",
    "id": "way/1125630903"
  },
  "geometry": {
    "type": "Polygon",
    "coordinates": [
      [
        [
          126.9993218,
          37.5695498
        ],
        [
          126.9992236,
          37.5695456
        ],
        [
          126.9992298,
          37.5694579
        ],
        [
          126.9993343,
          37.5694638
        ],
        [
          126.9993218,
          37.5695498
        ]
      ]
    ]
  }
},
{
  "type": "Feature",
  "id": "way/1125630904",
  "properties": {
    "addr:city": "서울특별시",
    "addr:district": "종로구",
    "addr:housenumber": "195",
    "addr:postcode": "03195",
    "addr:street": "청계천로",
    "addr:subdistrict": "예지동",
    "building": "yes",
    "name:ko": "중앙 상우회 2번",
    "id": "way/1125630904"
  },
  "geometry": {
    "type": "Polygon",
    "coordinates": [
      [
        [
          126.9993343,
          37.5694638
        ],
        [
          126.9992298,
          37.5694579
        ],
        [
          126.9992338,
          37.5693999
        ],
        [
          126.9992168,
          37.5693983
        ],
        [
          126.9992213,
          37.5693586
        ],
        [
          126.9992872,
          37.5693659
        ],
        [
          126.9993471,
          37.5693719
        ],
        [
          126.9993343,
          37.5694638
        ]
      ]
    ]
  }
},
{
  "type": "Feature",
  "id": "way/1125630905",
  "properties": {
    "addr:city": "서울특별시",
    "addr:district": "종로구",
    "addr:housenumber": "193-1",
    "addr:postcode": "03195",
    "addr:street": "청계천로",
    "addr:subdistrict": "예지동",
    "building": "yes",
    "name:ko": "의류부자재",
    "operator": "중앙상우회",
    "shop": "wholesale",
    "id": "way/1125630905"
  },
  "geometry": {
    "type": "Polygon",
    "coordinates": [
      [
        [
          126.9992206,
          37.5693584
        ],
        [
          126.9992158,
          37.5693988
        ],
        [
          126.999233,
          37.5694005
        ],
        [
          126.9992271,
          37.5694769
        ],
        [
          126.9990926,
          37.5694718
        ],
        [
          126.9990845,
          37.5693479
        ],
        [
          126.9992206,
          37.5693584
        ]
      ]
    ]
  }
},
{
  "type": "Feature",
  "id": "way/1125630906",
  "properties": {
    "addr:city": "서울특별시",
    "addr:district": "종로구",
    "addr:housenumber": "195-7",
    "addr:postcode": "03195",
    "addr:street": "청계천로",
    "addr:subdistrict": "예지동",
    "building": "yes",
    "id": "way/1125630906"
  },
  "geometry": {
    "type": "Polygon",
    "coordinates": [
      [
        [
          126.9992268,
          37.5694781
        ],
        [
          126.9992219,
          37.5695453
        ],
        [
          126.9992159,
          37.5695912
        ],
        [
          126.9991305,
          37.5695865
        ],
        [
          126.9991368,
          37.569476
        ],
        [
          126.9992268,
          37.5694781
        ]
      ]
    ]
  }
},
{
  "type": "Feature",
  "id": "way/1125630907",
  "properties": {
    "addr:city": "서울특별시",
    "addr:district": "종로구",
    "addr:housenumber": "195-5",
    "addr:postcode": "03195",
    "addr:street": "청계천로",
    "addr:subdistrict": "예지동",
    "building": "yes",
    "id": "way/1125630907"
  },
  "geometry": {
    "type": "Polygon",
    "coordinates": [
      [
        [
          126.9991364,
          37.5694753
        ],
        [
          126.9991299,
          37.5695866
        ],
        [
          126.9990856,
          37.5695846
        ],
        [
          126.9990928,
          37.5694734
        ],
        [
          126.9991364,
          37.5694753
        ]
      ]
    ]
  }
},
{
  "type": "Feature",
  "id": "way/1125630908",
  "properties": {
    "addr:city": "서울특별시",
    "addr:district": "종로구",
    "addr:housenumber": "195-11",
    "addr:postcode": "03195",
    "addr:street": "청계천로",
    "addr:subdistrict": "예지동",
    "building": "yes",
    "id": "way/1125630908"
  },
  "geometry": {
    "type": "Polygon",
    "coordinates": [
      [
        [
          126.9992337,
          37.5695839
        ],
        [
          126.9992363,
          37.5695576
        ],
        [
          126.9993235,
          37.5695626
        ],
        [
          126.9993205,
          37.5695894
        ],
        [
          126.9992337,
          37.5695839
        ]
      ]
    ]
  }
},
{
  "type": "Feature",
  "id": "way/1125630922",
  "properties": {
    "addr:city": "서울특별시",
    "addr:district": "종로구",
    "addr:housenumber": "193",
    "addr:postcode": "03195",
    "addr:street": "청계천로",
    "addr:subdistrict": "예지동",
    "building": "yes",
    "id": "way/1125630922"
  },
  "geometry": {
    "type": "Polygon",
    "coordinates": [
      [
        [
          126.9990811,
          37.5693453
        ],
        [
          126.9990914,
          37.5694732
        ],
        [
          126.9990835,
          37.5695845
        ],
        [
          126.9989557,
          37.5695744
        ],
        [
          126.9989801,
          37.5693456
        ],
        [
          126.9990811,
          37.5693453
        ]
      ]
    ]
  }
},
{
  "type": "Feature",
  "id": "way/1125630925",
  "properties": {
    "building": "civic",
    "building:levels": "6",
    "id": "way/1125630925"
  },
  "geometry": {
    "type": "Polygon",
    "coordinates": [
      [
        [
          126.9988362,
          37.5692988
        ],
        [
          126.9989573,
          37.5693198
        ],
        [
          126.9989498,
          37.5693824
        ],
        [
          126.9989217,
          37.5694065
        ],
        [
          126.9988295,
          37.5694018
        ],
        [
          126.9988362,
          37.5692988
        ]
      ]
    ]
  }
},
{
  "type": "Feature",
  "id": "way/1125630926",
  "properties": {
    "building": "civic",
    "building:levels": "5",
    "id": "way/1125630926"
  },
  "geometry": {
    "type": "Polygon",
    "coordinates": [
      [
        [
          126.9986462,
          37.5692482
        ],
        [
          126.9988083,
          37.5692911
        ],
        [
          126.998791,
          37.5693889
        ],
        [
          126.9986917,
          37.5693843
        ],
        [
          126.9985983,
          37.5693648
        ],
        [
          126.9986462,
          37.5692482
        ]
      ]
    ]
  }
},
{
  "type": "Feature",
  "id": "way/1125630927",
  "properties": {
    "addr:city": "서울특별시",
    "addr:district": "종로구",
    "addr:housenumber": "187",
    "addr:postcode": "03195",
    "addr:street": "청계천로",
    "addr:subdistrict": "예지동",
    "building": "yes",
    "building:levels": "2",
    "id": "way/1125630927"
  },
  "geometry": {
    "type": "Polygon",
    "coordinates": [
      [
        [
          126.9986061,
          37.5693332
        ],
        [
          126.9985765,
          37.5693269
        ],
        [
          126.9985866,
          37.5692893
        ],
        [
          126.9985643,
          37.5692855
        ],
        [
          126.9985874,
          37.569228
        ],
        [
          126.998645,
          37.5692438
        ],
        [
          126.9986061,
          37.5693332
        ]
      ]
    ]
  }
},
{
  "type": "Feature",
  "id": "way/1125640026",
  "properties": {
    "bridge:structure": "beam",
    "layer": "1",
    "man_made": "bridge",
    "id": "way/1125640026"
  },
  "geometry": {
    "type": "Polygon",
    "coordinates": [
      [
        [
          127.0066623,
          37.5693194
        ],
        [
          127.0066628,
          37.5693434
        ],
        [
          127.0066632,
          37.5693604
        ],
        [
          127.0066402,
          37.5693608
        ],
        [
          127.0066016,
          37.5693605
        ],
        [
          127.0065576,
          37.5693615
        ],
        [
          127.0065426,
          37.5693614
        ],
        [
          127.0065427,
          37.5693455
        ],
        [
          127.0065428,
          37.5693188
        ],
        [
          127.0066623,
          37.5693194
        ]
      ]
    ]
  }
},
{
  "type": "Feature",
  "id": "way/1125976008",
  "properties": {
    "area": "yes",
    "highway": "pedestrian",
    "layer": "-1",
    "tunnel": "yes",
    "id": "way/1125976008"
  },
  "geometry": {
    "type": "Polygon",
    "coordinates": [
      [
        [
          127.0019073,
          37.5701706
        ],
        [
          127.0019274,
          37.5699121
        ],
        [
          127.002142,
          37.5699225
        ],
        [
          127.0021219,
          37.5701811
        ],
        [
          127.0019073,
          37.5701706
        ]
      ]
    ]
  }
},
{
  "type": "Feature",
  "id": "way/1125982008",
  "properties": {
    "area": "yes",
    "highway": "pedestrian",
    "id": "way/1125982008"
  },
  "geometry": {
    "type": "Polygon",
    "coordinates": [
      [
        [
          127.0017825,
          37.5697991
        ],
        [
          127.0018502,
          37.5698676
        ],
        [
          127.0018763,
          37.5699005
        ],
        [
          127.0018243,
          37.570243
        ],
        [
          127.0018197,
          37.5702856
        ],
        [
          127.0018485,
          37.5702884
        ],
        [
          127.0018756,
          37.5702823
        ],
        [
          127.0018726,
          37.570314
        ],
        [
          127.0018444,
          37.5703333
        ],
        [
          127.0017481,
          37.5703307
        ],
        [
          127.0017707,
          37.570142
        ],
        [
          127.0018045,
          37.569895
        ],
        [
          127.0017145,
          37.5697921
        ],
        [
          127.0015557,
          37.5697753
        ],
        [
          127.0014792,
          37.5697946
        ],
        [
          127.001514,
          37.5697565
        ],
        [
          127.0015331,
          37.5697459
        ],
        [
          127.0015724,
          37.5697307
        ],
        [
          127.0017391,
          37.5697416
        ],
        [
          127.0018054,
          37.5697566
        ],
        [
          127.0018153,
          37.5697589
        ],
        [
          127.0018253,
          37.5697725
        ],
        [
          127.0018051,
          37.5697851
        ],
        [
          127.0017825,
          37.5697991
        ]
      ]
    ]
  }
},
{
  "type": "Feature",
  "id": "way/1125982010",
  "properties": {
    "area": "yes",
    "highway": "pedestrian",
    "id": "way/1125982010"
  },
  "geometry": {
    "type": "Polygon",
    "coordinates": [
      [
        [
          127.002138,
          37.5703045
        ],
        [
          127.0021642,
          37.5703047
        ],
        [
          127.0021673,
          37.5702556
        ],
        [
          127.0021731,
          37.5701784
        ],
        [
          127.0021913,
          37.569933
        ],
        [
          127.0022207,
          37.5699124
        ],
        [
          127.0023047,
          37.5698547
        ],
        [
          127.0022865,
          37.5698381
        ],
        [
          127.0022749,
          37.5698275
        ],
        [
          127.0023142,
          37.5698169
        ],
        [
          127.0027014,
          37.5698149
        ],
        [
          127.0027273,
          37.5698497
        ],
        [
          127.0027336,
          37.5698995
        ],
        [
          127.002682,
          37.5698719
        ],
        [
          127.0023286,
          37.5698692
        ],
        [
          127.002233,
          37.5699403
        ],
        [
          127.0021858,
          37.5703444
        ],
        [
          127.0021654,
          37.5703452
        ],
        [
          127.002138,
          37.5703458
        ],
        [
          127.002138,
          37.5703045
        ]
      ]
    ]
  }
},
{
  "type": "Feature",
  "id": "way/1125982011",
  "properties": {
    "area": "yes",
    "bridge": "yes",
    "highway": "pedestrian",
    "layer": "1",
    "surface": "paving_stones",
    "id": "way/1125982011"
  },
  "geometry": {
    "type": "Polygon",
    "coordinates": [
      [
        [
          127.0018375,
          37.5696695
        ],
        [
          127.001856,
          37.5695004
        ],
        [
          127.0019212,
          37.5695041
        ],
        [
          127.0019562,
          37.5695059
        ],
        [
          127.0019385,
          37.5696775
        ],
        [
          127.0019068,
          37.569675
        ],
        [
          127.0018375,
          37.5696695
        ]
      ]
    ]
  }
},
{
  "type": "Feature",
  "id": "way/1125982017",
  "properties": {
    "layer": "-2",
    "name:en": "Cheonggye 5-ga Underground Shopping Center",
    "name:ja": "清渓5街地下ショッピングセンター",
    "name:ko": "청계5가 지하 쇼핑센터",
    "operator": "서울시설관리공단 · Seoul Metropolitan Government",
    "shop": "mall",
    "tunnel": "yes",
    "id": "way/1125982017"
  },
  "geometry": {
    "type": "Polygon",
    "coordinates": [
      [
        [
          127.0018818,
          37.5693512
        ],
        [
          127.0018671,
          37.5693377
        ],
        [
          127.0018534,
          37.5693252
        ],
        [
          127.0018853,
          37.5693041
        ],
        [
          127.0019029,
          37.56928
        ],
        [
          127.0019122,
          37.5692439
        ],
        [
          127.0019554,
          37.5687211
        ],
        [
          127.0019577,
          37.5686443
        ],
        [
          127.0019801,
          37.5686457
        ],
        [
          127.0020068,
          37.5686475
        ],
        [
          127.0020021,
          37.5687266
        ],
        [
          127.0022408,
          37.5687391
        ],
        [
          127.0022455,
          37.5686554
        ],
        [
          127.0022711,
          37.5686563
        ],
        [
          127.0022881,
          37.5686563
        ],
        [
          127.002287,
          37.5687386
        ],
        [
          127.0022751,
          37.5688808
        ],
        [
          127.0022438,
          37.569255
        ],
        [
          127.0022438,
          37.5692643
        ],
        [
          127.0022449,
          37.5692892
        ],
        [
          127.0022578,
          37.5693133
        ],
        [
          127.0022706,
          37.5693337
        ],
        [
          127.0022474,
          37.5693441
        ],
        [
          127.0022251,
          37.569354
        ],
        [
          127.0022111,
          37.5693401
        ],
        [
          127.0021947,
          37.5693105
        ],
        [
          127.0021866,
          37.5692883
        ],
        [
          127.0021854,
          37.5692606
        ],
        [
          127.0019507,
          37.5692513
        ],
        [
          127.0019402,
          37.5692911
        ],
        [
          127.0019169,
          37.5693244
        ],
        [
          127.0018818,
          37.5693512
        ]
      ]
    ]
  }
},
{
  "type": "Feature",
  "id": "way/1125982032",
  "properties": {
    "area": "yes",
    "highway": "pedestrian",
    "id": "way/1125982032"
  },
  "geometry": {
    "type": "Polygon",
    "coordinates": [
      [
        [
          127.0025308,
          37.5694647
        ],
        [
          127.0025304,
          37.569455
        ],
        [
          127.0025307,
          37.5694478
        ],
        [
          127.0025348,
          37.5694481
        ],
        [
          127.0025423,
          37.5694483
        ],
        [
          127.0025514,
          37.5694486
        ],
        [
          127.0025989,
          37.5694501
        ],
        [
          127.0025807,
          37.5694576
        ],
        [
          127.0025534,
          37.5694638
        ],
        [
          127.0025308,
          37.5694647
        ]
      ]
    ]
  }
},
{
  "type": "Feature",
  "id": "way/1126010858",
  "properties": {
    "area": "yes",
    "highway": "pedestrian",
    "surface": "paving_stones",
    "id": "way/1126010858"
  },
  "geometry": {
    "type": "Polygon",
    "coordinates": [
      [
        [
          126.9989693,
          37.5688575
        ],
        [
          126.9989619,
          37.5688763
        ],
        [
          126.9989514,
          37.5688898
        ],
        [
          126.9989333,
          37.5688995
        ],
        [
          126.9989198,
          37.5688995
        ],
        [
          126.9985999,
          37.5688264
        ],
        [
          126.9983413,
          37.5687792
        ],
        [
          126.9981487,
          37.5687412
        ],
        [
          126.9980979,
          37.5687283
        ],
        [
          126.9980676,
          37.5687139
        ],
        [
          126.998046,
          37.5686973
        ],
        [
          126.9980325,
          37.5686737
        ],
        [
          126.9980261,
          37.5686552
        ],
        [
          126.9980331,
          37.5686242
        ],
        [
          126.9980425,
          37.5685358
        ],
        [
          126.9980501,
          37.5685159
        ],
        [
          126.9980606,
          37.5685057
        ],
        [
          126.9980763,
          37.5684932
        ],
        [
          126.9980892,
          37.5684863
        ],
        [
          126.9981067,
          37.568481
        ],
        [
          126.9981263,
          37.5684779
        ],
        [
          126.9981141,
          37.5685819
        ],
        [
          126.9981055,
          37.5686225
        ],
        [
          126.9981786,
          37.5687232
        ],
        [
          126.9982245,
          37.5687338
        ],
        [
          126.99833,
          37.5687492
        ],
        [
          126.9983341,
          37.5687494
        ],
        [
          126.9987142,
          37.5688037
        ],
        [
          126.9988308,
          37.5688289
        ],
        [
          126.9988346,
          37.568831
        ],
        [
          126.9989693,
          37.5688575
        ]
      ]
    ]
  }
},
{
  "type": "Feature",
  "id": "way/1126054369",
  "properties": {
    "area": "yes",
    "highway": "pedestrian",
    "id": "way/1126054369"
  },
  "geometry": {
    "type": "Polygon",
    "coordinates": [
      [
        [
          126.9981293,
          37.5684494
        ],
        [
          126.9981141,
          37.5684448
        ],
        [
          126.9980864,
          37.5684342
        ],
        [
          126.9980704,
          37.5684202
        ],
        [
          126.9980616,
          37.5684075
        ],
        [
          126.9980598,
          37.5683835
        ],
        [
          126.9980731,
          37.568066
        ],
        [
          126.9980952,
          37.5680506
        ],
        [
          126.9981373,
          37.5680463
        ],
        [
          126.9981678,
          37.5680449
        ],
        [
          126.9981649,
          37.5681455
        ],
        [
          126.9981612,
          37.5681588
        ],
        [
          126.9981569,
          37.5682668
        ],
        [
          126.9981489,
          37.5683057
        ],
        [
          126.9981441,
          37.5683337
        ],
        [
          126.9981405,
          37.5683668
        ],
        [
          126.9981316,
          37.5684009
        ],
        [
          126.9981293,
          37.5684494
        ]
      ]
    ]
  }
},
{
  "type": "Feature",
  "id": "way/1126472119",
  "properties": {
    "addr:city": "서울특별시",
    "addr:district": "중구",
    "addr:housenumber": "186-1",
    "addr:postcode": "04546",
    "addr:street": "청계천로",
    "addr:subdistrict": "주교동",
    "building": "yes",
    "height": "9.2",
    "id": "way/1126472119"
  },
  "geometry": {
    "type": "Polygon",
    "coordinates": [
      [
        [
          126.9985354,
          37.5686539
        ],
        [
          126.9984928,
          37.5687658
        ],
        [
          126.9983341,
          37.5687494
        ],
        [
          126.9984114,
          37.5686201
        ],
        [
          126.9985354,
          37.5686539
        ]
      ]
    ]
  }
},
{
  "type": "Feature",
  "id": "way/1126472120",
  "properties": {
    "addr:city": "서울특별시",
    "addr:district": "중구",
    "addr:housenumber": "188-1",
    "addr:postcode": "04546",
    "addr:street": "청계천로",
    "addr:subdistrict": "주교동",
    "building": "yes",
    "height": "14",
    "id": "way/1126472120"
  },
  "geometry": {
    "type": "Polygon",
    "coordinates": [
      [
        [
          126.998593,
          37.5687769
        ],
        [
          126.9986355,
          37.5686672
        ],
        [
          126.9987465,
          37.5686984
        ],
        [
          126.9987085,
          37.5687976
        ],
        [
          126.998593,
          37.5687769
        ]
      ]
    ]
  }
},
{
  "type": "Feature",
  "id": "way/1126472121",
  "properties": {
    "addr:city": "서울특별시",
    "addr:district": "중구",
    "building:part": "yes",
    "height": "24.1",
    "roof:colour": "#4b525c",
    "id": "way/1126472121"
  },
  "geometry": {
    "type": "Polygon",
    "coordinates": [
      [
        [
          126.9981879,
          37.5687041
        ],
        [
          126.9981242,
          37.5686186
        ],
        [
          126.9981409,
          37.568609
        ],
        [
          126.9982053,
          37.5686978
        ],
        [
          126.9981879,
          37.5687041
        ]
      ]
    ]
  }
},
{
  "type": "Feature",
  "id": "way/1126472122",
  "properties": {
    "building:part": "yes",
    "roof:colour": "#7f4729",
    "id": "way/1126472122"
  },
  "geometry": {
    "type": "Polygon",
    "coordinates": [
      [
        [
          126.9982381,
          37.568463
        ],
        [
          126.9982483,
          37.5683831
        ],
        [
          126.9982936,
          37.5684287
        ],
        [
          126.9982381,
          37.568463
        ]
      ]
    ]
  }
},
{
  "type": "Feature",
  "id": "way/1126472123",
  "properties": {
    "building:part": "yes",
    "roof:colour": "#895d5d",
    "id": "way/1126472123"
  },
  "geometry": {
    "type": "Polygon",
    "coordinates": [
      [
        [
          126.9983341,
          37.5684707
        ],
        [
          126.9982936,
          37.5684287
        ],
        [
          126.9983443,
          37.5683908
        ],
        [
          126.9983341,
          37.5684707
        ]
      ]
    ]
  }
},
{
  "type": "Feature",
  "id": "way/1126472125",
  "properties": {
    "building:part": "yes",
    "roof:colour": "#8a6060",
    "id": "way/1126472125"
  },
  "geometry": {
    "type": "Polygon",
    "coordinates": [
      [
        [
          126.9983341,
          37.5684707
        ],
        [
          126.9982381,
          37.568463
        ],
        [
          126.9982936,
          37.5684287
        ],
        [
          126.9983341,
          37.5684707
        ]
      ]
    ]
  }
},
{
  "type": "Feature",
  "id": "way/1128464391",
  "properties": {
    "building": "yes",
    "building:levels": "5",
    "name:ko": "상생 지식산업센터",
    "id": "way/1128464391"
  },
  "geometry": {
    "type": "Polygon",
    "coordinates": [
      [
        [
          126.99626,
          37.5682368
        ],
        [
          126.9962313,
          37.567756
        ],
        [
          126.9964696,
          37.567747
        ],
        [
          126.9964874,
          37.5680446
        ],
        [
          126.9964984,
          37.5682278
        ],
        [
          126.99626,
          37.5682368
        ]
      ]
    ]
  }
},
{
  "type": "Feature",
  "id": "way/1128466647",
  "properties": {
    "leisure": "garden",
    "id": "way/1128466647"
  },
  "geometry": {
    "type": "Polygon",
    "coordinates": [
      [
        [
          126.9888381,
          37.5678639
        ],
        [
          126.9887836,
          37.5677992
        ],
        [
          126.9889637,
          37.5678039
        ],
        [
          126.9889566,
          37.5678671
        ],
        [
          126.9888381,
          37.5678639
        ]
      ]
    ]
  }
},
{
  "type": "Feature",
  "id": "way/1128466648",
  "properties": {
    "leisure": "garden",
    "id": "way/1128466648"
  },
  "geometry": {
    "type": "Polygon",
    "coordinates": [
      [
        [
          126.9882203,
          37.567788
        ],
        [
          126.9882188,
          37.567857
        ],
        [
          126.9879659,
          37.5678522
        ],
        [
          126.9879529,
          37.5678504
        ],
        [
          126.9879439,
          37.5678471
        ],
        [
          126.9879362,
          37.5678421
        ],
        [
          126.9879281,
          37.5678328
        ],
        [
          126.9879243,
          37.5678219
        ],
        [
          126.9879249,
          37.567812
        ],
        [
          126.9879291,
          37.5678026
        ],
        [
          126.9879377,
          37.5677939
        ],
        [
          126.9879493,
          37.5677877
        ],
        [
          126.9879629,
          37.567785
        ],
        [
          126.9882203,
          37.567788
        ]
      ]
    ]
  }
},
{
  "type": "Feature",
  "id": "way/1128466649",
  "properties": {
    "leisure": "garden",
    "id": "way/1128466649"
  },
  "geometry": {
    "type": "Polygon",
    "coordinates": [
      [
        [
          126.9888066,
          37.5678687
        ],
        [
          126.9887812,
          37.5678703
        ],
        [
          126.9886938,
          37.5678011
        ],
        [
          126.9887517,
          37.5678035
        ],
        [
          126.9888066,
          37.5678687
        ]
      ]
    ]
  }
},
{
  "type": "Feature",
  "id": "way/1128467865",
  "properties": {
    "name:en": "Berlin Square",
    "name:ja": "ベルリン広場",
    "name:ko": "베를린 광장",
    "place": "square",
    "id": "way/1128467865"
  },
  "geometry": {
    "type": "Polygon",
    "coordinates": [
      [
        [
          126.9872721,
          37.5679086
        ],
        [
          126.9871211,
          37.5679119
        ],
        [
          126.9871051,
          37.5674509
        ],
        [
          126.9873736,
          37.567445
        ],
        [
          126.9873871,
          37.56783
        ],
        [
          126.9872721,
          37.5679086
        ]
      ]
    ]
  }
},
{
  "type": "Feature",
  "id": "way/1134316041",
  "properties": {
    "building": "commercial",
    "building:levels": "3",
    "roof:shape": "flat",
    "source": "Bing",
    "id": "way/1134316041"
  },
  "geometry": {
    "type": "Polygon",
    "coordinates": [
      [
        [
          127.0068084,
          37.569997
        ],
        [
          127.0069063,
          37.5700261
        ],
        [
          127.0068931,
          37.5703008
        ],
        [
          127.006794,
          37.5702978
        ],
        [
          127.0068084,
          37.569997
        ]
      ]
    ]
  }
},
{
  "type": "Feature",
  "id": "way/1134316047",
  "properties": {
    "building": "commercial",
    "building:levels": "6",
    "roof:shape": "flat",
    "source": "Bing",
    "id": "way/1134316047"
  },
  "geometry": {
    "type": "Polygon",
    "coordinates": [
      [
        [
          127.0070319,
          37.569874
        ],
        [
          127.0069532,
          37.5700401
        ],
        [
          127.0069063,
          37.5700261
        ],
        [
          127.0068084,
          37.569997
        ],
        [
          127.0068127,
          37.5699076
        ],
        [
          127.0068572,
          37.5698664
        ],
        [
          127.0070319,
          37.569874
        ]
      ]
    ]
  }
},
{
  "type": "Feature",
  "id": "way/1134316048",
  "properties": {
    "building": "commercial",
    "building:levels": "7",
    "name": "A동",
    "name:en": "A Wing",
    "name:ja": "A棟",
    "name:ko": "A동",
    "name:zh": "A栋",
    "name:zh-Hans": "A栋",
    "name:zh-Hant": "A棟",
    "ref": "A",
    "source": "Bing",
    "id": "way/1134316048"
  },
  "geometry": {
    "type": "Polygon",
    "coordinates": [
      [
        [
          127.0077231,
          37.5703238
        ],
        [
          127.0073762,
          37.5703104
        ],
        [
          127.0069445,
          37.5702962
        ],
        [
          127.0069156,
          37.5702599
        ],
        [
          127.0070934,
          37.5698848
        ],
        [
          127.0077469,
          37.5699077
        ],
        [
          127.0077429,
          37.5699801
        ],
        [
          127.0077408,
          37.5700184
        ],
        [
          127.0077387,
          37.5700566
        ],
        [
          127.0077323,
          37.5701756
        ],
        [
          127.0077305,
          37.5702027
        ],
        [
          127.0077274,
          37.5702385
        ],
        [
          127.0077279,
          37.5702501
        ],
        [
          127.0077255,
          37.5702859
        ],
        [
          127.0077231,
          37.5703238
        ]
      ]
    ]
  }
},
{
  "type": "Feature",
  "id": "way/1134316049",
  "properties": {
    "building": "commercial",
    "building:levels": "6",
    "name": "B동",
    "name:en": "B Wing",
    "name:ja": "B棟",
    "name:ko": "B동",
    "name:zh": "B栋",
    "name:zh-Hans": "B栋",
    "name:zh-Hant": "B棟",
    "ref": "B",
    "source": "Bing",
    "id": "way/1134316049"
  },
  "geometry": {
    "type": "Polygon",
    "coordinates": [
      [
        [
          127.0078446,
          37.5699216
        ],
        [
          127.0085982,
          37.5699553
        ],
        [
          127.0085689,
          37.5703651
        ],
        [
          127.008181,
          37.5703468
        ],
        [
          127.0080941,
          37.5703427
        ],
        [
          127.0080241,
          37.5703391
        ],
        [
          127.0078156,
          37.5703282
        ],
        [
          127.0078211,
          37.5702431
        ],
        [
          127.0078241,
          37.570209
        ],
        [
          127.0078259,
          37.5701801
        ],
        [
          127.0078347,
          37.5700605
        ],
        [
          127.0078374,
          37.5700226
        ],
        [
          127.00784,
          37.5699861
        ],
        [
          127.0078446,
          37.5699216
        ]
      ]
    ]
  }
},
{
  "type": "Feature",
  "id": "way/1136098963",
  "properties": {
    "building": "yes",
    "id": "way/1136098963"
  },
  "geometry": {
    "type": "Polygon",
    "coordinates": [
      [
        [
          127.0049344,
          37.5701168
        ],
        [
          127.004934,
          37.5700967
        ],
        [
          127.0049321,
          37.570005
        ],
        [
          127.0050192,
          37.5700033
        ],
        [
          127.0050204,
          37.5700898
        ],
        [
          127.0049686,
          37.5701168
        ],
        [
          127.0049344,
          37.5701168
        ]
      ]
    ]
  }
},
{
  "type": "Feature",
  "id": "way/1139252897",
  "properties": {
    "amenity": "cafe",
    "building": "yes",
    "name:en": "BURNT SEOUL",
    "name:ko": "번트서울",
    "id": "way/1139252897"
  },
  "geometry": {
    "type": "Polygon",
    "coordinates": [
      [
        [
          126.9949545,
          37.56893
        ],
        [
          126.9948153,
          37.5689261
        ],
        [
          126.9948162,
          37.5689054
        ],
        [
          126.9948225,
          37.5687644
        ],
        [
          126.9949618,
          37.5687683
        ],
        [
          126.9949545,
          37.56893
        ]
      ]
    ]
  }
},
{
  "type": "Feature",
  "id": "way/1139252898",
  "properties": {
    "amenity": "cafe",
    "building": "yes",
    "name:en": "Cafe 340º",
    "name:ko": "앵글 340º",
    "id": "way/1139252898"
  },
  "geometry": {
    "type": "Polygon",
    "coordinates": [
      [
        [
          126.9948162,
          37.5689054
        ],
        [
          126.994663,
          37.5689022
        ],
        [
          126.9946661,
          37.5688077
        ],
        [
          126.9947087,
          37.5688085
        ],
        [
          126.9947102,
          37.5687621
        ],
        [
          126.9948225,
          37.5687644
        ],
        [
          126.9948162,
          37.5689054
        ]
      ]
    ]
  }
},
{
  "type": "Feature",
  "id": "way/1139279054",
  "properties": {
    "building": "yes",
    "id": "way/1139279054"
  },
  "geometry": {
    "type": "Polygon",
    "coordinates": [
      [
        [
          127.0024031,
          37.5694478
        ],
        [
          127.0023075,
          37.5693643
        ],
        [
          127.0023047,
          37.5692495
        ],
        [
          127.0024798,
          37.5692443
        ],
        [
          127.0025244,
          37.5693315
        ],
        [
          127.0025307,
          37.5694478
        ],
        [
          127.0024031,
          37.5694478
        ]
      ]
    ]
  }
},
{
  "type": "Feature",
  "id": "way/1139279055",
  "properties": {
    "building": "yes",
    "id": "way/1139279055"
  },
  "geometry": {
    "type": "Polygon",
    "coordinates": [
      [
        [
          127.0023047,
          37.5692495
        ],
        [
          127.0023014,
          37.5691125
        ],
        [
          127.0024095,
          37.5691015
        ],
        [
          127.0024798,
          37.5692443
        ],
        [
          127.0023047,
          37.5692495
        ]
      ]
    ]
  }
},
{
  "type": "Feature",
  "id": "way/1174260809",
  "properties": {
    "building": "yes",
    "id": "way/1174260809"
  },
  "geometry": {
    "type": "Polygon",
    "coordinates": [
      [
        [
          126.9901433,
          37.5677403
        ],
        [
          126.990145,
          37.5676498
        ],
        [
          126.9903769,
          37.5676604
        ],
        [
          126.9903698,
          37.5677452
        ],
        [
          126.9901433,
          37.5677403
        ]
      ]
    ]
  }
},
{
  "type": "Feature",
  "id": "way/1174261975",
  "properties": {
    "area:highway": "footway",
    "id": "way/1174261975"
  },
  "geometry": {
    "type": "Polygon",
    "coordinates": [
      [
        [
          126.9890923,
          37.5679572
        ],
        [
          126.9890643,
          37.5679258
        ],
        [
          126.9890438,
          37.5678819
        ],
        [
          126.9890547,
          37.5677773
        ],
        [
          126.9890569,
          37.5676869
        ],
        [
          126.989097,
          37.5676869
        ],
        [
          126.9890963,
          37.5678007
        ],
        [
          126.9894438,
          37.5678016
        ],
        [
          126.9894679,
          37.5677826
        ],
        [
          126.9894743,
          37.5676828
        ],
        [
          126.9895242,
          37.5676828
        ],
        [
          126.9895615,
          37.5677041
        ],
        [
          126.9895801,
          37.5677304
        ],
        [
          126.9895615,
          37.5679374
        ],
        [
          126.9895491,
          37.5679579
        ],
        [
          126.9895054,
          37.5679888
        ],
        [
          126.9890923,
          37.5679572
        ]
      ]
    ]
  }
},
{
  "type": "Feature",
  "id": "way/1174267269",
  "properties": {
    "amenity": "parking",
    "id": "way/1174267269"
  },
  "geometry": {
    "type": "Polygon",
    "coordinates": [
      [
        [
          126.98246,
          37.5694675
        ],
        [
          126.9820614,
          37.5694663
        ],
        [
          126.9817859,
          37.569467
        ],
        [
          126.9818529,
          37.5693402
        ],
        [
          126.9819678,
          37.5693456
        ],
        [
          126.9820484,
          37.5693488
        ],
        [
          126.9820976,
          37.5693228
        ],
        [
          126.9821223,
          37.56926
        ],
        [
          126.9822562,
          37.5692546
        ],
        [
          126.9823916,
          37.56926
        ],
        [
          126.982464,
          37.5693239
        ],
        [
          126.98246,
          37.5694675
        ]
      ]
    ]
  }
},
{
  "type": "Feature",
  "id": "way/1174267270",
  "properties": {
    "area": "yes",
    "highway": "pedestrian",
    "id": "way/1174267270"
  },
  "geometry": {
    "type": "Polygon",
    "coordinates": [
      [
        [
          126.9819491,
          37.5691379
        ],
        [
          126.9825247,
          37.5690978
        ],
        [
          126.9825698,
          37.5691094
        ],
        [
          126.9826094,
          37.5691195
        ],
        [
          126.9826532,
          37.5691477
        ],
        [
          126.9826696,
          37.5692138
        ],
        [
          126.9827263,
          37.5696009
        ],
        [
          126.9827415,
          37.5697676
        ],
        [
          126.9827205,
          37.569908
        ],
        [
          126.9826332,
          37.5699918
        ],
        [
          126.9825219,
          37.570034
        ],
        [
          126.9822871,
          37.5700474
        ],
        [
          126.9816953,
          37.5700471
        ],
        [
          126.9816981,
          37.5699791
        ],
        [
          126.981809,
          37.5699805
        ],
        [
          126.9818613,
          37.5698668
        ],
        [
          126.9819279,
          37.5698807
        ],
        [
          126.9823264,
          37.5698819
        ],
        [
          126.9823267,
          37.5698265
        ],
        [
          126.9823954,
          37.5698267
        ],
        [
          126.9823956,
          37.5697832
        ],
        [
          126.9824585,
          37.5697834
        ],
        [
          126.982464,
          37.5693239
        ],
        [
          126.9825393,
          37.5693149
        ],
        [
          126.9825619,
          37.5692903
        ],
        [
          126.9824936,
          37.5692347
        ],
        [
          126.9824298,
          37.5691828
        ],
        [
          126.9824357,
          37.5691328
        ],
        [
          126.9823322,
          37.5691385
        ],
        [
          126.9819233,
          37.5691656
        ],
        [
          126.9819491,
          37.5691379
        ]
      ]
    ]
  }
},
{
  "type": "Feature",
  "id": "way/1185568427",
  "properties": {
    "amenity": "parking",
    "id": "way/1185568427"
  },
  "geometry": {
    "type": "Polygon",
    "coordinates": [
      [
        [
          127.0035432,
          37.570009
        ],
        [
          127.0036684,
          37.5699978
        ],
        [
          127.0037133,
          37.5699978
        ],
        [
          127.0037133,
          37.5700685
        ],
        [
          127.0037133,
          37.5701009
        ],
        [
          127.0037133,
          37.5701509
        ],
        [
          127.0037133,
          37.5702152
        ],
        [
          127.0037133,
          37.5702657
        ],
        [
          127.0037059,
          37.5702657
        ],
        [
          127.0037059,
          37.5702955
        ],
        [
          127.003364,
          37.5702875
        ],
        [
          127.0033673,
          37.5701164
        ],
        [
          127.0035142,
          37.570119
        ],
        [
          127.0035159,
          37.5700573
        ],
        [
          127.0035162,
          37.5700282
        ],
        [
          127.0035161,
          37.570009
        ],
        [
          127.0035432,
          37.570009
        ]
      ]
    ]
  }
},
{
  "type": "Feature",
  "id": "way/1185568428",
  "properties": {
    "building": "yes",
    "id": "way/1185568428"
  },
  "geometry": {
    "type": "Polygon",
    "coordinates": [
      [
        [
          127.003368,
          37.5700285
        ],
        [
          127.0033676,
          37.569907
        ],
        [
          127.0034129,
          37.5698687
        ],
        [
          127.0035428,
          37.5698685
        ],
        [
          127.0035432,
          37.570009
        ],
        [
          127.0035161,
          37.570009
        ],
        [
          127.0035162,
          37.5700282
        ],
        [
          127.003368,
          37.5700285
        ]
      ]
    ]
  }
},
{
  "type": "Feature",
  "id": "way/1185568429",
  "properties": {
    "building": "yes",
    "id": "way/1185568429"
  },
  "geometry": {
    "type": "Polygon",
    "coordinates": [
      [
        [
          127.0035159,
          37.5700573
        ],
        [
          127.0033691,
          37.5700547
        ],
        [
          127.003368,
          37.5700285
        ],
        [
          127.0035162,
          37.5700282
        ],
        [
          127.0035159,
          37.5700573
        ]
      ]
    ]
  }
},
{
  "type": "Feature",
  "id": "way/1185568438",
  "properties": {
    "building": "yes",
    "id": "way/1185568438"
  },
  "geometry": {
    "type": "Polygon",
    "coordinates": [
      [
        [
          127.0038649,
          37.5699978
        ],
        [
          127.0038649,
          37.5700685
        ],
        [
          127.0037133,
          37.5700685
        ],
        [
          127.0037133,
          37.5699978
        ],
        [
          127.0037878,
          37.5699978
        ],
        [
          127.0038649,
          37.5699978
        ]
      ]
    ]
  }
},
{
  "type": "Feature",
  "id": "way/1185568439",
  "properties": {
    "building": "yes",
    "id": "way/1185568439"
  },
  "geometry": {
    "type": "Polygon",
    "coordinates": [
      [
        [
          127.0037878,
          37.5698825
        ],
        [
          127.0038501,
          37.569882
        ],
        [
          127.003883,
          37.5699144
        ],
        [
          127.003881,
          37.5699978
        ],
        [
          127.0038649,
          37.5699978
        ],
        [
          127.0037878,
          37.5699978
        ],
        [
          127.0037878,
          37.5698825
        ]
      ]
    ]
  }
},
{
  "type": "Feature",
  "id": "way/1185568440",
  "properties": {
    "building": "yes",
    "id": "way/1185568440"
  },
  "geometry": {
    "type": "Polygon",
    "coordinates": [
      [
        [
          127.0036684,
          37.5699978
        ],
        [
          127.0036684,
          37.5698825
        ],
        [
          127.0037878,
          37.5698825
        ],
        [
          127.0037878,
          37.5699978
        ],
        [
          127.0037133,
          37.5699978
        ],
        [
          127.0036684,
          37.5699978
        ]
      ]
    ]
  }
},
{
  "type": "Feature",
  "id": "way/1185568441",
  "properties": {
    "building": "yes",
    "id": "way/1185568441"
  },
  "geometry": {
    "type": "Polygon",
    "coordinates": [
      [
        [
          127.0044871,
          37.5700047
        ],
        [
          127.0046347,
          37.5700047
        ],
        [
          127.0046347,
          37.5701137
        ],
        [
          127.0044871,
          37.5701137
        ],
        [
          127.0044871,
          37.5700047
        ]
      ]
    ]
  }
},
{
  "type": "Feature",
  "id": "way/1185568442",
  "properties": {
    "building": "yes",
    "id": "way/1185568442"
  },
  "geometry": {
    "type": "Polygon",
    "coordinates": [
      [
        [
          127.0044094,
          37.5701137
        ],
        [
          127.0044094,
          37.5700047
        ],
        [
          127.0044871,
          37.5700047
        ],
        [
          127.0044871,
          37.5701137
        ],
        [
          127.0044094,
          37.5701137
        ]
      ]
    ]
  }
},
{
  "type": "Feature",
  "id": "way/1185568443",
  "properties": {
    "building": "yes",
    "id": "way/1185568443"
  },
  "geometry": {
    "type": "Polygon",
    "coordinates": [
      [
        [
          127.0043296,
          37.5700047
        ],
        [
          127.0044094,
          37.5700047
        ],
        [
          127.0044094,
          37.5701137
        ],
        [
          127.0043296,
          37.5701137
        ],
        [
          127.0043296,
          37.5700047
        ]
      ]
    ]
  }
},
{
  "type": "Feature",
  "id": "way/1185568444",
  "properties": {
    "building": "yes",
    "id": "way/1185568444"
  },
  "geometry": {
    "type": "Polygon",
    "coordinates": [
      [
        [
          127.0042404,
          37.5701137
        ],
        [
          127.0042404,
          37.5700047
        ],
        [
          127.0043296,
          37.5700047
        ],
        [
          127.0043296,
          37.5701137
        ],
        [
          127.0042404,
          37.5701137
        ]
      ]
    ]
  }
},
{
  "type": "Feature",
  "id": "way/1185568445",
  "properties": {
    "building": "yes",
    "id": "way/1185568445"
  },
  "geometry": {
    "type": "Polygon",
    "coordinates": [
      [
        [
          127.0041586,
          37.5700047
        ],
        [
          127.0042404,
          37.5700047
        ],
        [
          127.0042404,
          37.5701137
        ],
        [
          127.0041586,
          37.5701137
        ],
        [
          127.0041586,
          37.5700047
        ]
      ]
    ]
  }
},
{
  "type": "Feature",
  "id": "way/1185568446",
  "properties": {
    "building": "yes",
    "id": "way/1185568446"
  },
  "geometry": {
    "type": "Polygon",
    "coordinates": [
      [
        [
          127.0040721,
          37.5701137
        ],
        [
          127.0040721,
          37.5700047
        ],
        [
          127.0041586,
          37.5700047
        ],
        [
          127.0041586,
          37.5701137
        ],
        [
          127.0040721,
          37.5701137
        ]
      ]
    ]
  }
},
{
  "type": "Feature",
  "id": "way/1185568447",
  "properties": {
    "building": "yes",
    "id": "way/1185568447"
  },
  "geometry": {
    "type": "Polygon",
    "coordinates": [
      [
        [
          127.0039728,
          37.5700074
        ],
        [
          127.0040721,
          37.5700047
        ],
        [
          127.0040721,
          37.5701137
        ],
        [
          127.0040104,
          37.5701164
        ],
        [
          127.0039701,
          37.5700834
        ],
        [
          127.0039728,
          37.5700074
        ]
      ]
    ]
  }
},
{
  "type": "Feature",
  "id": "way/1185568448",
  "properties": {
    "building": "yes",
    "id": "way/1185568448"
  },
  "geometry": {
    "type": "Polygon",
    "coordinates": [
      [
        [
          127.0042856,
          37.5699309
        ],
        [
          127.0042858,
          37.5699964
        ],
        [
          127.0040696,
          37.5699968
        ],
        [
          127.0040694,
          37.5699313
        ],
        [
          127.0042856,
          37.5699309
        ]
      ]
    ]
  }
},
{
  "type": "Feature",
  "id": "way/1185568449",
  "properties": {
    "building": "yes",
    "id": "way/1185568449"
  },
  "geometry": {
    "type": "Polygon",
    "coordinates": [
      [
        [
          127.0042866,
          37.5698752
        ],
        [
          127.0042856,
          37.5699309
        ],
        [
          127.0040694,
          37.5699313
        ],
        [
          127.0040251,
          37.5699314
        ],
        [
          127.0040198,
          37.5699856
        ],
        [
          127.0039627,
          37.5699867
        ],
        [
          127.0039627,
          37.5699101
        ],
        [
          127.0040124,
          37.5698751
        ],
        [
          127.0042866,
          37.5698752
        ]
      ]
    ]
  }
},
{
  "type": "Feature",
  "id": "way/1185568450",
  "properties": {
    "building": "yes",
    "id": "way/1185568450"
  },
  "geometry": {
    "type": "Polygon",
    "coordinates": [
      [
        [
          127.0044034,
          37.5698765
        ],
        [
          127.0044012,
          37.5699966
        ],
        [
          127.0042858,
          37.5699964
        ],
        [
          127.0042856,
          37.5699309
        ],
        [
          127.0042866,
          37.5698752
        ],
        [
          127.0044034,
          37.5698765
        ]
      ]
    ]
  }
},
{
  "type": "Feature",
  "id": "way/1185568451",
  "properties": {
    "building": "yes",
    "id": "way/1185568451"
  },
  "geometry": {
    "type": "Polygon",
    "coordinates": [
      [
        [
          127.0044649,
          37.5698772
        ],
        [
          127.0044628,
          37.5699973
        ],
        [
          127.0044012,
          37.5699966
        ],
        [
          127.0044034,
          37.5698765
        ],
        [
          127.0044649,
          37.5698772
        ]
      ]
    ]
  }
},
{
  "type": "Feature",
  "id": "way/1185568452",
  "properties": {
    "building": "yes",
    "id": "way/1185568452"
  },
  "geometry": {
    "type": "Polygon",
    "coordinates": [
      [
        [
          127.0045632,
          37.5698783
        ],
        [
          127.0045611,
          37.5699984
        ],
        [
          127.0044628,
          37.5699973
        ],
        [
          127.0044649,
          37.5698772
        ],
        [
          127.0045632,
          37.5698783
        ]
      ]
    ]
  }
},
{
  "type": "Feature",
  "id": "way/1185568453",
  "properties": {
    "building": "yes",
    "id": "way/1185568453"
  },
  "geometry": {
    "type": "Polygon",
    "coordinates": [
      [
        [
          127.0046615,
          37.5699995
        ],
        [
          127.0045611,
          37.5699984
        ],
        [
          127.0045632,
          37.5698783
        ],
        [
          127.0046636,
          37.5698794
        ],
        [
          127.0046615,
          37.5699995
        ]
      ]
    ]
  }
},
{
  "type": "Feature",
  "id": "way/1185568454",
  "properties": {
    "building": "yes",
    "id": "way/1185568454"
  },
  "geometry": {
    "type": "Polygon",
    "coordinates": [
      [
        [
          127.0047493,
          37.5698804
        ],
        [
          127.0047472,
          37.5700005
        ],
        [
          127.0046615,
          37.5699995
        ],
        [
          127.0046636,
          37.5698794
        ],
        [
          127.0047493,
          37.5698804
        ]
      ]
    ]
  }
},
{
  "type": "Feature",
  "id": "way/1185568456",
  "properties": {
    "building": "yes",
    "id": "way/1185568456"
  },
  "geometry": {
    "type": "Polygon",
    "coordinates": [
      [
        [
          127.0050174,
          37.5698711
        ],
        [
          127.0050851,
          37.5698705
        ],
        [
          127.0050881,
          37.5700892
        ],
        [
          127.0050204,
          37.5700898
        ],
        [
          127.0050192,
          37.5700033
        ],
        [
          127.0050181,
          37.5699192
        ],
        [
          127.0050174,
          37.5698711
        ]
      ]
    ]
  }
},
{
  "type": "Feature",
  "id": "way/1185568457",
  "properties": {
    "building": "yes",
    "id": "way/1185568457"
  },
  "geometry": {
    "type": "Polygon",
    "coordinates": [
      [
        [
          127.0049307,
          37.5698876
        ],
        [
          127.0049321,
          37.570005
        ],
        [
          127.004934,
          37.5700967
        ],
        [
          127.004858,
          37.5701025
        ],
        [
          127.0048579,
          37.5701322
        ],
        [
          127.0047449,
          37.5701317
        ],
        [
          127.0047472,
          37.5700005
        ],
        [
          127.0047493,
          37.5698804
        ],
        [
          127.0049307,
          37.5698876
        ]
      ]
    ]
  }
},
{
  "type": "Feature",
  "id": "way/1203368742",
  "properties": {
    "leisure": "outdoor_seating",
    "id": "way/1203368742"
  },
  "geometry": {
    "type": "Polygon",
    "coordinates": [
      [
        [
          126.979577,
          37.5694355
        ],
        [
          126.979577,
          37.5693052
        ],
        [
          126.9798088,
          37.5693049
        ],
        [
          126.9798145,
          37.5694355
        ],
        [
          126.979577,
          37.5694355
        ]
      ]
    ]
  }
},
{
  "type": "Feature",
  "id": "way/1203368743",
  "properties": {
    "amenity": "parking",
    "id": "way/1203368743"
  },
  "geometry": {
    "type": "Polygon",
    "coordinates": [
      [
        [
          126.9795575,
          37.5697342
        ],
        [
          126.9795551,
          37.5695287
        ],
        [
          126.97977,
          37.5695278
        ],
        [
          126.979776,
          37.5696648
        ],
        [
          126.9796464,
          37.5696686
        ],
        [
          126.9796464,
          37.5697333
        ],
        [
          126.9795575,
          37.5697342
        ]
      ]
    ]
  }
},
{
  "type": "Feature",
  "id": "way/1212424788",
  "properties": {
    "building": "yes",
    "id": "way/1212424788"
  },
  "geometry": {
    "type": "Polygon",
    "coordinates": [
      [
        [
          126.988683,
          37.5685332
        ],
        [
          126.9886881,
          37.5684493
        ],
        [
          126.9887701,
          37.5684525
        ],
        [
          126.9887649,
          37.5685364
        ],
        [
          126.988683,
          37.5685332
        ]
      ]
    ]
  }
},
{
  "type": "Feature",
  "id": "way/1212424792",
  "properties": {
    "building": "yes",
    "id": "way/1212424792"
  },
  "geometry": {
    "type": "Polygon",
    "coordinates": [
      [
        [
          126.9888866,
          37.5684803
        ],
        [
          126.9888914,
          37.5684402
        ],
        [
          126.9889763,
          37.5684466
        ],
        [
          126.9889715,
          37.5684866
        ],
        [
          126.9888866,
          37.5684803
        ]
      ]
    ]
  }
},
{
  "type": "Feature",
  "id": "way/1212424793",
  "properties": {
    "building": "yes",
    "id": "way/1212424793"
  },
  "geometry": {
    "type": "Polygon",
    "coordinates": [
      [
        [
          126.9888986,
          37.5683773
        ],
        [
          126.988901,
          37.5683459
        ],
        [
          126.9890181,
          37.5683516
        ],
        [
          126.9890156,
          37.5683831
        ],
        [
          126.9888986,
          37.5683773
        ]
      ]
    ]
  }
},
{
  "type": "Feature",
  "id": "way/1212424794",
  "properties": {
    "building": "yes",
    "id": "way/1212424794"
  },
  "geometry": {
    "type": "Polygon",
    "coordinates": [
      [
        [
          126.9890097,
          37.5685308
        ],
        [
          126.9890127,
          37.5684741
        ],
        [
          126.9891454,
          37.5684785
        ],
        [
          126.9891424,
          37.5685352
        ],
        [
          126.9890097,
          37.5685308
        ]
      ]
    ]
  }
},
{
  "type": "Feature",
  "id": "way/1212435139",
  "properties": {
    "building": "yes",
    "id": "way/1212435139"
  },
  "geometry": {
    "type": "Polygon",
    "coordinates": [
      [
        [
          126.9840996,
          37.5690041
        ],
        [
          126.9841017,
          37.5688897
        ],
        [
          126.9842406,
          37.5688913
        ],
        [
          126.9842385,
          37.5690057
        ],
        [
          126.9840996,
          37.5690041
        ]
      ]
    ]
  }
},
{
  "type": "Feature",
  "id": "way/1212435143",
  "properties": {
    "building": "yes",
    "id": "way/1212435143"
  },
  "geometry": {
    "type": "Polygon",
    "coordinates": [
      [
        [
          126.9831887,
          37.5691439
        ],
        [
          126.9831652,
          37.5690652
        ],
        [
          126.9832754,
          37.5690446
        ],
        [
          126.9832989,
          37.5691232
        ],
        [
          126.9831887,
          37.5691439
        ]
      ]
    ]
  }
},
{
  "type": "Feature",
  "id": "way/1212435145",
  "properties": {
    "building": "yes",
    "id": "way/1212435145"
  },
  "geometry": {
    "type": "Polygon",
    "coordinates": [
      [
        [
          126.983582,
          37.5690816
        ],
        [
          126.9835578,
          37.5689995
        ],
        [
          126.9836456,
          37.5689832
        ],
        [
          126.9836698,
          37.5690653
        ],
        [
          126.983582,
          37.5690816
        ]
      ]
    ]
  }
},
{
  "type": "Feature",
  "id": "way/1214889234",
  "properties": {
    "building": "yes",
    "id": "way/1214889234"
  },
  "geometry": {
    "type": "Polygon",
    "coordinates": [
      [
        [
          126.9896562,
          37.5685611
        ],
        [
          126.9896716,
          37.5684341
        ],
        [
          126.9897024,
          37.5684133
        ],
        [
          126.9898017,
          37.568417
        ],
        [
          126.9897848,
          37.5685721
        ],
        [
          126.9896562,
          37.5685611
        ]
      ]
    ]
  }
},
{
  "type": "Feature",
  "id": "way/1214889235",
  "properties": {
    "building": "yes",
    "id": "way/1214889235"
  },
  "geometry": {
    "type": "Polygon",
    "coordinates": [
      [
        [
          126.9896348,
          37.5686841
        ],
        [
          126.989648,
          37.5685693
        ],
        [
          126.9897522,
          37.5685738
        ],
        [
          126.9897405,
          37.5686918
        ],
        [
          126.9896348,
          37.5686841
        ]
      ]
    ]
  }
},
{
  "type": "Feature",
  "id": "way/1214889236",
  "properties": {
    "building": "yes",
    "id": "way/1214889236"
  },
  "geometry": {
    "type": "Polygon",
    "coordinates": [
      [
        [
          126.989747,
          37.5686874
        ],
        [
          126.9897558,
          37.5685752
        ],
        [
          126.9898288,
          37.568579
        ],
        [
          126.98982,
          37.5686934
        ],
        [
          126.989747,
          37.5686874
        ]
      ]
    ]
  }
},
{
  "type": "Feature",
  "id": "way/1214889237",
  "properties": {
    "building": "yes",
    "id": "way/1214889237"
  },
  "geometry": {
    "type": "Polygon",
    "coordinates": [
      [
        [
          126.989832,
          37.5686632
        ],
        [
          126.9898374,
          37.5685755
        ],
        [
          126.9899521,
          37.5685814
        ],
        [
          126.9899467,
          37.5686691
        ],
        [
          126.989832,
          37.5686632
        ]
      ]
    ]
  }
},
{
  "type": "Feature",
  "id": "way/1214889238",
  "properties": {
    "building": "yes",
    "id": "way/1214889238"
  },
  "geometry": {
    "type": "Polygon",
    "coordinates": [
      [
        [
          126.9899454,
          37.5687047
        ],
        [
          126.9899574,
          37.5685808
        ],
        [
          126.9899829,
          37.568583
        ],
        [
          126.9899936,
          37.5685043
        ],
        [
          126.9900895,
          37.5685123
        ],
        [
          126.9900728,
          37.5686303
        ],
        [
          126.9900533,
          37.5687116
        ],
        [
          126.9899454,
          37.5687047
        ]
      ]
    ]
  }
},
{
  "type": "Feature",
  "id": "way/1214889239",
  "properties": {
    "building": "yes",
    "id": "way/1214889239"
  },
  "geometry": {
    "type": "Polygon",
    "coordinates": [
      [
        [
          126.9898942,
          37.5685742
        ],
        [
          126.9899029,
          37.5684974
        ],
        [
          126.9899893,
          37.5685034
        ],
        [
          126.9899804,
          37.5685806
        ],
        [
          126.9898942,
          37.5685742
        ]
      ]
    ]
  }
},
{
  "type": "Feature",
  "id": "way/1214889240",
  "properties": {
    "building": "yes",
    "id": "way/1214889240"
  },
  "geometry": {
    "type": "Polygon",
    "coordinates": [
      [
        [
          126.9897949,
          37.56857
        ],
        [
          126.9898113,
          37.5684072
        ],
        [
          126.989959,
          37.5684146
        ],
        [
          126.9899514,
          37.5684955
        ],
        [
          126.9898965,
          37.5684923
        ],
        [
          126.9898895,
          37.5685737
        ],
        [
          126.9897949,
          37.56857
        ]
      ]
    ]
  }
},
{
  "type": "Feature",
  "id": "way/1214889241",
  "properties": {
    "building": "yes",
    "id": "way/1214889241"
  },
  "geometry": {
    "type": "Polygon",
    "coordinates": [
      [
        [
          126.9899579,
          37.5684969
        ],
        [
          126.9899655,
          37.5684123
        ],
        [
          126.9900758,
          37.56842
        ],
        [
          126.9900651,
          37.568507
        ],
        [
          126.9899579,
          37.5684969
        ]
      ]
    ]
  }
},
{
  "type": "Feature",
  "id": "way/1214889242",
  "properties": {
    "building": "yes",
    "id": "way/1214889242"
  },
  "geometry": {
    "type": "Polygon",
    "coordinates": [
      [
        [
          126.990069,
          37.5685063
        ],
        [
          126.9900807,
          37.5684226
        ],
        [
          126.9902068,
          37.5684374
        ],
        [
          126.9901957,
          37.568523
        ],
        [
          126.990069,
          37.5685063
        ]
      ]
    ]
  }
},
{
  "type": "Feature",
  "id": "way/1214889243",
  "properties": {
    "building": "yes",
    "id": "way/1214889243"
  },
  "geometry": {
    "type": "Polygon",
    "coordinates": [
      [
        [
          126.9900633,
          37.5687095
        ],
        [
          126.990096,
          37.5685146
        ],
        [
          126.9902022,
          37.56853
        ],
        [
          126.9901703,
          37.56872
        ],
        [
          126.9900633,
          37.5687095
        ]
      ]
    ]
  }
},
{
  "type": "Feature",
  "id": "way/1214889258",
  "properties": {
    "building": "yes",
    "id": "way/1214889258"
  },
  "geometry": {
    "type": "Polygon",
    "coordinates": [
      [
        [
          126.9901393,
          37.5688977
        ],
        [
          126.9901513,
          37.5688146
        ],
        [
          126.9901876,
          37.5688156
        ],
        [
          126.9901955,
          37.568742
        ],
        [
          126.990185,
          37.5687421
        ],
        [
          126.9902186,
          37.5685527
        ],
        [
          126.990427,
          37.5685656
        ],
        [
          126.9904159,
          37.568654
        ],
        [
          126.9903908,
          37.568654
        ],
        [
          126.9903756,
          37.568797
        ],
        [
          126.9902935,
          37.5687953
        ],
        [
          126.9902919,
          37.5688164
        ],
        [
          126.9902592,
          37.5688176
        ],
        [
          126.9902469,
          37.5689061
        ],
        [
          126.9901393,
          37.5688977
        ]
      ]
    ]
  }
},
{
  "type": "Feature",
  "id": "way/1214927440",
  "properties": {
    "amenity": "parking",
    "id": "way/1214927440"
  },
  "geometry": {
    "type": "Polygon",
    "coordinates": [
      [
        [
          126.9840043,
          37.5684604
        ],
        [
          126.9840918,
          37.568317
        ],
        [
          126.9841568,
          37.5681108
        ],
        [
          126.9840999,
          37.5680947
        ],
        [
          126.98411,
          37.5679738
        ],
        [
          126.9845735,
          37.5679239
        ],
        [
          126.9845674,
          37.5680335
        ],
        [
          126.9847373,
          37.5680282
        ],
        [
          126.984774,
          37.5683249
        ],
        [
          126.9840043,
          37.5684604
        ]
      ]
    ]
  }
},
{
  "type": "Feature",
  "id": "way/1215689860",
  "properties": {
    "aeroway": "helipad",
    "id": "way/1215689860"
  },
  "geometry": {
    "type": "Polygon",
    "coordinates": [
      [
        [
          126.980666,
          37.5686004
        ],
        [
          126.9806537,
          37.5685027
        ],
        [
          126.9808078,
          37.5684942
        ],
        [
          126.9808209,
          37.5685919
        ],
        [
          126.980666,
          37.5686004
        ]
      ]
    ]
  }
},
{
  "type": "Feature",
  "id": "way/1217467455",
  "properties": {
    "building": "yes",
    "id": "way/1217467455"
  },
  "geometry": {
    "type": "Polygon",
    "coordinates": [
      [
        [
          126.9908969,
          37.5687985
        ],
        [
          126.9908836,
          37.5685689
        ],
        [
          126.9909741,
          37.5685649
        ],
        [
          126.9909782,
          37.5686188
        ],
        [
          126.9910112,
          37.5686181
        ],
        [
          126.9910143,
          37.5686785
        ],
        [
          126.9909851,
          37.5686791
        ],
        [
          126.9909897,
          37.5687951
        ],
        [
          126.9908969,
          37.5687985
        ]
      ]
    ]
  }
},
{
  "type": "Feature",
  "id": "way/1217467456",
  "properties": {
    "building": "yes",
    "id": "way/1217467456"
  },
  "geometry": {
    "type": "Polygon",
    "coordinates": [
      [
        [
          126.9908804,
          37.5685621
        ],
        [
          126.9908865,
          37.5684778
        ],
        [
          126.9912416,
          37.5685145
        ],
        [
          126.9912308,
          37.5685816
        ],
        [
          126.9909751,
          37.5685609
        ],
        [
          126.9908804,
          37.5685621
        ]
      ]
    ]
  }
},
{
  "type": "Feature",
  "id": "way/1217467457",
  "properties": {
    "building": "yes",
    "id": "way/1217467457"
  },
  "geometry": {
    "type": "Polygon",
    "coordinates": [
      [
        [
          126.9910971,
          37.5687845
        ],
        [
          126.9910986,
          37.5686911
        ],
        [
          126.9912704,
          37.5686844
        ],
        [
          126.9912781,
          37.5687705
        ],
        [
          126.9910971,
          37.5687845
        ]
      ]
    ]
  }
},
{
  "type": "Feature",
  "id": "way/1217467458",
  "properties": {
    "building": "yes",
    "id": "way/1217467458"
  },
  "geometry": {
    "type": "Polygon",
    "coordinates": [
      [
        [
          126.9911155,
          37.5686789
        ],
        [
          126.9911155,
          37.5685959
        ],
        [
          126.9912673,
          37.5685983
        ],
        [
          126.9912711,
          37.5686777
        ],
        [
          126.9911155,
          37.5686789
        ]
      ]
    ]
  }
},
{
  "type": "Feature",
  "id": "way/1217467459",
  "properties": {
    "building": "yes",
    "building:levels": "13",
    "height": "48",
    "start_date": "2020",
    "id": "way/1217467459"
  },
  "geometry": {
    "type": "Polygon",
    "coordinates": [
      [
        [
          126.9913522,
          37.5686532
        ],
        [
          126.9913611,
          37.5686006
        ],
        [
          126.9916318,
          37.5686244
        ],
        [
          126.9916123,
          37.568738
        ],
        [
          126.9915893,
          37.568738
        ],
        [
          126.9915787,
          37.5688159
        ],
        [
          126.9914248,
          37.5688011
        ],
        [
          126.9914407,
          37.5686672
        ],
        [
          126.9913522,
          37.5686532
        ]
      ]
    ]
  }
},
{
  "type": "Feature",
  "id": "way/1217467460",
  "properties": {
    "building": "yes",
    "id": "way/1217467460"
  },
  "geometry": {
    "type": "Polygon",
    "coordinates": [
      [
        [
          126.9915675,
          37.5686122
        ],
        [
          126.9915736,
          37.5685454
        ],
        [
          126.9918165,
          37.568572
        ],
        [
          126.9917881,
          37.5687162
        ],
        [
          126.9916417,
          37.5687049
        ],
        [
          126.9916529,
          37.5686211
        ],
        [
          126.9915675,
          37.5686122
        ]
      ]
    ]
  }
},
{
  "type": "Feature",
  "id": "way/1217467505",
  "properties": {
    "building": "yes",
    "id": "way/1217467505"
  },
  "geometry": {
    "type": "Polygon",
    "coordinates": [
      [
        [
          126.990385,
          37.5687849
        ],
        [
          126.9903944,
          37.5686594
        ],
        [
          126.9904192,
          37.5686604
        ],
        [
          126.9904306,
          37.568569
        ],
        [
          126.9904959,
          37.5685758
        ],
        [
          126.9904714,
          37.5687923
        ],
        [
          126.990385,
          37.5687849
        ]
      ]
    ]
  }
},
{
  "type": "Feature",
  "id": "way/1217467506",
  "properties": {
    "building": "yes",
    "id": "way/1217467506"
  },
  "geometry": {
    "type": "Polygon",
    "coordinates": [
      [
        [
          126.9902195,
          37.5685353
        ],
        [
          126.9902303,
          37.568434
        ],
        [
          126.9903851,
          37.5684413
        ],
        [
          126.9903789,
          37.5685426
        ],
        [
          126.9902195,
          37.5685353
        ]
      ]
    ]
  }
},
{
  "type": "Feature",
  "id": "way/1217467507",
  "properties": {
    "building": "yes",
    "id": "way/1217467507"
  },
  "geometry": {
    "type": "Polygon",
    "coordinates": [
      [
        [
          126.9903835,
          37.5685463
        ],
        [
          126.9903912,
          37.5684431
        ],
        [
          126.9905284,
          37.5684523
        ],
        [
          126.9905153,
          37.5685548
        ],
        [
          126.9903835,
          37.5685463
        ]
      ]
    ]
  }
},
{
  "type": "Feature",
  "id": "way/1221221355",
  "properties": {
    "building": "yes",
    "id": "way/1221221355"
  },
  "geometry": {
    "type": "Polygon",
    "coordinates": [
      [
        [
          126.9976594,
          37.5685913
        ],
        [
          126.9976702,
          37.56846
        ],
        [
          126.9978496,
          37.5684729
        ],
        [
          126.9978419,
          37.5685779
        ],
        [
          126.9978026,
          37.5686029
        ],
        [
          126.9976594,
          37.5685913
        ]
      ]
    ]
  }
},
{
  "type": "Feature",
  "id": "way/1221221356",
  "properties": {
    "building": "yes",
    "id": "way/1221221356"
  },
  "geometry": {
    "type": "Polygon",
    "coordinates": [
      [
        [
          126.9974748,
          37.5685706
        ],
        [
          126.9975172,
          37.5684373
        ],
        [
          126.9976606,
          37.5684591
        ],
        [
          126.9976464,
          37.5685902
        ],
        [
          126.9974748,
          37.5685706
        ]
      ]
    ]
  }
},
{
  "type": "Feature",
  "id": "way/1221221357",
  "properties": {
    "building": "yes",
    "id": "way/1221221357"
  },
  "geometry": {
    "type": "Polygon",
    "coordinates": [
      [
        [
          126.997396,
          37.5685679
        ],
        [
          126.9974429,
          37.5684256
        ],
        [
          126.9975075,
          37.5684389
        ],
        [
          126.9974659,
          37.5685763
        ],
        [
          126.997396,
          37.5685679
        ]
      ]
    ]
  }
},
{
  "type": "Feature",
  "id": "way/1221221358",
  "properties": {
    "building": "yes",
    "id": "way/1221221358"
  },
  "geometry": {
    "type": "Polygon",
    "coordinates": [
      [
        [
          126.9973287,
          37.5685385
        ],
        [
          126.9973721,
          37.568401
        ],
        [
          126.9974404,
          37.56842
        ],
        [
          126.9973961,
          37.5685518
        ],
        [
          126.9973287,
          37.5685385
        ]
      ]
    ]
  }
},
{
  "type": "Feature",
  "id": "way/1221221359",
  "properties": {
    "building": "yes",
    "id": "way/1221221359"
  },
  "geometry": {
    "type": "Polygon",
    "coordinates": [
      [
        [
          126.9971908,
          37.5684814
        ],
        [
          126.9972478,
          37.5683709
        ],
        [
          126.9973649,
          37.5683971
        ],
        [
          126.9973171,
          37.568562
        ],
        [
          126.9971739,
          37.5685455
        ],
        [
          126.9971908,
          37.5684814
        ]
      ]
    ]
  }
},
{
  "type": "Feature",
  "id": "way/1221221360",
  "properties": {
    "building": "yes",
    "id": "way/1221221360"
  },
  "geometry": {
    "type": "Polygon",
    "coordinates": [
      [
        [
          126.9970344,
          37.5685412
        ],
        [
          126.9970424,
          37.5684557
        ],
        [
          126.9970336,
          37.5684564
        ],
        [
          126.9970672,
          37.5683238
        ],
        [
          126.9971079,
          37.5683161
        ],
        [
          126.9972379,
          37.5683624
        ],
        [
          126.997199,
          37.5684529
        ],
        [
          126.9971734,
          37.5684816
        ],
        [
          126.9971114,
          37.568469
        ],
        [
          126.9971097,
          37.5685055
        ],
        [
          126.9971026,
          37.5685475
        ],
        [
          126.9970344,
          37.5685412
        ]
      ]
    ]
  }
},
{
  "type": "Feature",
  "id": "way/1221221361",
  "properties": {
    "building": "yes",
    "id": "way/1221221361"
  },
  "geometry": {
    "type": "Polygon",
    "coordinates": [
      [
        [
          126.9968848,
          37.5684721
        ],
        [
          126.996891,
          37.5684269
        ],
        [
          126.9969002,
          37.5684117
        ],
        [
          126.9969164,
          37.5682963
        ],
        [
          126.9969634,
          37.5682828
        ],
        [
          126.9969857,
          37.5682754
        ],
        [
          126.9970073,
          37.5682682
        ],
        [
          126.9970366,
          37.5682731
        ],
        [
          126.9970612,
          37.5682859
        ],
        [
          126.9970666,
          37.5682957
        ],
        [
          126.9970227,
          37.5684898
        ],
        [
          126.9968848,
          37.5684721
        ]
      ]
    ]
  }
},
{
  "type": "Feature",
  "id": "way/1221221362",
  "properties": {
    "building": "yes",
    "id": "way/1221221362"
  },
  "geometry": {
    "type": "Polygon",
    "coordinates": [
      [
        [
          126.996745,
          37.5684889
        ],
        [
          126.996792,
          37.5683131
        ],
        [
          126.9969098,
          37.5683039
        ],
        [
          126.9968898,
          37.5684236
        ],
        [
          126.9968405,
          37.5684144
        ],
        [
          126.9968228,
          37.5685017
        ],
        [
          126.996745,
          37.5684889
        ]
      ]
    ]
  }
},
{
  "type": "Feature",
  "id": "way/1221221363",
  "properties": {
    "building": "yes",
    "id": "way/1221221363"
  },
  "geometry": {
    "type": "Polygon",
    "coordinates": [
      [
        [
          126.9966614,
          37.5684001
        ],
        [
          126.9966653,
          37.5683183
        ],
        [
          126.99677,
          37.5683122
        ],
        [
          126.9967538,
          37.568408
        ],
        [
          126.9966614,
          37.5684001
        ]
      ]
    ]
  }
},
{
  "type": "Feature",
  "id": "way/1221221364",
  "properties": {
    "building": "yes",
    "id": "way/1221221364"
  },
  "geometry": {
    "type": "Polygon",
    "coordinates": [
      [
        [
          126.9965936,
          37.5684757
        ],
        [
          126.9965997,
          37.5683231
        ],
        [
          126.9966653,
          37.5683183
        ],
        [
          126.9966614,
          37.5684001
        ],
        [
          126.9967538,
          37.568408
        ],
        [
          126.9967384,
          37.5684879
        ],
        [
          126.9965936,
          37.5684757
        ]
      ]
    ]
  }
},
{
  "type": "Feature",
  "id": "way/1221221371",
  "properties": {
    "building": "yes",
    "id": "way/1221221371"
  },
  "geometry": {
    "type": "Polygon",
    "coordinates": [
      [
        [
          126.9974033,
          37.5683786
        ],
        [
          126.9974388,
          37.5682999
        ],
        [
          126.9975243,
          37.5683255
        ],
        [
          126.9974935,
          37.5683969
        ],
        [
          126.9974033,
          37.5683786
        ]
      ]
    ]
  }
},
{
  "type": "Feature",
  "id": "way/1221221372",
  "properties": {
    "building": "yes",
    "id": "way/1221221372"
  },
  "geometry": {
    "type": "Polygon",
    "coordinates": [
      [
        [
          126.9972405,
          37.568317
        ],
        [
          126.9972721,
          37.5682608
        ],
        [
          126.9973168,
          37.5682712
        ],
        [
          126.9973568,
          37.5682035
        ],
        [
          126.9974246,
          37.5682303
        ],
        [
          126.997393,
          37.5682932
        ],
        [
          126.9974284,
          37.5683036
        ],
        [
          126.9973999,
          37.568372
        ],
        [
          126.9972405,
          37.568317
        ]
      ]
    ]
  }
},
{
  "type": "Feature",
  "id": "way/1221221379",
  "properties": {
    "building": "yes",
    "id": "way/1221221379"
  },
  "geometry": {
    "type": "Polygon",
    "coordinates": [
      [
        [
          126.9970675,
          37.5682437
        ],
        [
          126.9970862,
          37.5682289
        ],
        [
          126.9971661,
          37.5682715
        ],
        [
          126.9971451,
          37.5682946
        ],
        [
          126.9970675,
          37.5682437
        ]
      ]
    ]
  }
},
{
  "type": "Feature",
  "id": "way/1268929920",
  "properties": {
    "building": "yes",
    "id": "way/1268929920"
  },
  "geometry": {
    "type": "Polygon",
    "coordinates": [
      [
        [
          126.99817,
          37.5691393
        ],
        [
          126.9980644,
          37.5691253
        ],
        [
          126.9980831,
          37.5690631
        ],
        [
          126.9981868,
          37.5690786
        ],
        [
          126.99817,
          37.5691393
        ]
      ]
    ]
  }
},
{
  "type": "Feature",
  "id": "way/1268929922",
  "properties": {
    "building": "yes",
    "id": "way/1268929922"
  },
  "geometry": {
    "type": "Polygon",
    "coordinates": [
      [
        [
          126.9977526,
          37.5691003
        ],
        [
          126.9976953,
          37.5690436
        ],
        [
          126.9977384,
          37.5690167
        ],
        [
          126.9977944,
          37.5690745
        ],
        [
          126.9977526,
          37.5691003
        ]
      ]
    ]
  }
},
{
  "type": "Feature",
  "id": "way/1273170461",
  "properties": {
    "building": "yes",
    "id": "way/1273170461"
  },
  "geometry": {
    "type": "Polygon",
    "coordinates": [
      [
        [
          126.9965766,
          37.5684765
        ],
        [
          126.9963511,
          37.5684521
        ],
        [
          126.9963548,
          37.5684209
        ],
        [
          126.9963905,
          37.5683691
        ],
        [
          126.9964571,
          37.5683359
        ],
        [
          126.9965754,
          37.5682948
        ],
        [
          126.9965766,
          37.5684765
        ]
      ]
    ]
  }
},
{
  "type": "Feature",
  "id": "way/1277932650",
  "properties": {
    "building": "yes",
    "id": "way/1277932650"
  },
  "geometry": {
    "type": "Polygon",
    "coordinates": [
      [
        [
          126.9932003,
          37.5688963
        ],
        [
          126.9931436,
          37.5688871
        ],
        [
          126.9931113,
          37.5688885
        ],
        [
          126.9931174,
          37.5688682
        ],
        [
          126.9931229,
          37.5688325
        ],
        [
          126.9931192,
          37.568816
        ],
        [
          126.9931442,
          37.5688228
        ],
        [
          126.9932125,
          37.568832
        ],
        [
          126.99322,
          37.5688088
        ],
        [
          126.9932205,
          37.5688073
        ],
        [
          126.9932206,
          37.5687923
        ],
        [
          126.9932515,
          37.5687954
        ],
        [
          126.9932834,
          37.5687986
        ],
        [
          126.9932704,
          37.5688184
        ],
        [
          126.9932549,
          37.5688631
        ],
        [
          126.9932811,
          37.5688668
        ],
        [
          126.9932748,
          37.5688945
        ],
        [
          126.9932668,
          37.5689277
        ],
        [
          126.9931973,
          37.5689156
        ],
        [
          126.9932003,
          37.5688963
        ]
      ]
    ]
  }
},
{
  "type": "Feature",
  "id": "way/1277932652",
  "properties": {
    "building": "roof",
    "layer": "1",
    "id": "way/1277932652"
  },
  "geometry": {
    "type": "Polygon",
    "coordinates": [
      [
        [
          126.9931192,
          37.568816
        ],
        [
          126.9931442,
          37.5688228
        ],
        [
          126.9932125,
          37.568832
        ],
        [
          126.9932256,
          37.5688675
        ],
        [
          126.9931512,
          37.5688576
        ],
        [
          126.9931426,
          37.5688435
        ],
        [
          126.9931192,
          37.568816
        ]
      ]
    ]
  }
},
{
  "type": "Feature",
  "id": "way/1277932653",
  "properties": {
    "building": "roof",
    "layer": "1",
    "id": "way/1277932653"
  },
  "geometry": {
    "type": "Polygon",
    "coordinates": [
      [
        [
          126.9931377,
          37.5688708
        ],
        [
          126.9931113,
          37.5688885
        ],
        [
          126.9931174,
          37.5688682
        ],
        [
          126.9931229,
          37.5688325
        ],
        [
          126.9931192,
          37.568816
        ],
        [
          126.9931426,
          37.5688435
        ],
        [
          126.9931377,
          37.5688708
        ]
      ]
    ]
  }
},
{
  "type": "Feature",
  "id": "way/1277932657",
  "properties": {
    "building": "roof",
    "layer": "1",
    "id": "way/1277932657"
  },
  "geometry": {
    "type": "Polygon",
    "coordinates": [
      [
        [
          126.9932262,
          37.5688877
        ],
        [
          126.9932256,
          37.5688675
        ],
        [
          126.9932515,
          37.5687954
        ],
        [
          126.9932834,
          37.5687986
        ],
        [
          126.9932704,
          37.5688184
        ],
        [
          126.9932549,
          37.5688631
        ],
        [
          126.9932262,
          37.5688877
        ]
      ]
    ]
  }
},
{
  "type": "Feature",
  "id": "way/1277932658",
  "properties": {
    "building": "roof",
    "layer": "1",
    "id": "way/1277932658"
  },
  "geometry": {
    "type": "Polygon",
    "coordinates": [
      [
        [
          126.9932515,
          37.5687954
        ],
        [
          126.9932256,
          37.5688675
        ],
        [
          126.9932125,
          37.568832
        ],
        [
          126.99322,
          37.5688088
        ],
        [
          126.9932206,
          37.5687923
        ],
        [
          126.9932515,
          37.5687954
        ]
      ]
    ]
  }
},
{
  "type": "Feature",
  "id": "way/1277932664",
  "properties": {
    "building": "yes",
    "id": "way/1277932664"
  },
  "geometry": {
    "type": "Polygon",
    "coordinates": [
      [
        [
          126.9931713,
          37.5688983
        ],
        [
          126.9931653,
          37.5689272
        ],
        [
          126.9930974,
          37.5689204
        ],
        [
          126.9930955,
          37.5689248
        ],
        [
          126.99304,
          37.5689184
        ],
        [
          126.9930756,
          37.5687339
        ],
        [
          126.9932096,
          37.5687424
        ],
        [
          126.9931905,
          37.5688183
        ],
        [
          126.9931192,
          37.5688088
        ],
        [
          126.9931068,
          37.5688912
        ],
        [
          126.9931713,
          37.5688983
        ]
      ]
    ]
  }
},
{
  "type": "Feature",
  "id": "way/1277932666",
  "properties": {
    "building": "yes",
    "id": "way/1277932666"
  },
  "geometry": {
    "type": "Polygon",
    "coordinates": [
      [
        [
          126.993059,
          37.5687258
        ],
        [
          126.9930209,
          37.5689251
        ],
        [
          126.9930608,
          37.5689342
        ],
        [
          126.9930534,
          37.5689644
        ],
        [
          126.9929526,
          37.5689472
        ],
        [
          126.9930212,
          37.5686911
        ],
        [
          126.9930515,
          37.5686946
        ],
        [
          126.993059,
          37.5687258
        ]
      ]
    ]
  }
},
{
  "type": "Feature",
  "id": "way/1277932688",
  "properties": {
    "addr:city": "서울특별시",
    "addr:district": "종로구",
    "addr:housenumber": "32",
    "addr:postcode": "03193",
    "addr:street": "종로22길",
    "addr:subdistrict": "장사동",
    "building": "yes",
    "id": "way/1277932688"
  },
  "geometry": {
    "type": "Polygon",
    "coordinates": [
      [
        [
          126.9933427,
          37.5689101
        ],
        [
          126.9932863,
          37.5688911
        ],
        [
          126.9933142,
          37.5687744
        ],
        [
          126.9934149,
          37.5688059
        ],
        [
          126.9935532,
          37.5688609
        ],
        [
          126.9935031,
          37.5689205
        ],
        [
          126.9933688,
          37.568888
        ],
        [
          126.9933427,
          37.5689101
        ]
      ]
    ]
  }
},
{
  "type": "Feature",
  "id": "way/1277932689",
  "properties": {
    "addr:city": "서울특별시",
    "addr:district": "종로구",
    "addr:housenumber": "143",
    "addr:postcode": "03193",
    "addr:street": "청계천로",
    "addr:subdistrict": "장사동",
    "building": "yes",
    "id": "way/1277932689"
  },
  "geometry": {
    "type": "Polygon",
    "coordinates": [
      [
        [
          126.9934172,
          37.5687933
        ],
        [
          126.9934343,
          37.5686702
        ],
        [
          126.9936556,
          37.5686801
        ],
        [
          126.9936334,
          37.5687586
        ],
        [
          126.993638,
          37.568773
        ],
        [
          126.9935646,
          37.5688551
        ],
        [
          126.9934172,
          37.5687933
        ]
      ]
    ]
  }
},
{
  "type": "Feature",
  "id": "way/1277932690",
  "properties": {
    "addr:city": "서울특별시",
    "addr:district": "종로구",
    "addr:housenumber": "141",
    "addr:postcode": "03193",
    "addr:street": "청계천로",
    "addr:subdistrict": "장사동",
    "building": "yes",
    "id": "way/1277932690"
  },
  "geometry": {
    "type": "Polygon",
    "coordinates": [
      [
        [
          126.9934138,
          37.5687933
        ],
        [
          126.9932306,
          37.5687455
        ],
        [
          126.9932562,
          37.5686503
        ],
        [
          126.9934286,
          37.5686702
        ],
        [
          126.9934138,
          37.5687933
        ]
      ]
    ]
  }
},
{
  "type": "Feature",
  "id": "way/1277932691",
  "properties": {
    "building": "yes",
    "id": "way/1277932691"
  },
  "geometry": {
    "type": "Polygon",
    "coordinates": [
      [
        [
          126.9932203,
          37.5687811
        ],
        [
          126.9932241,
          37.5687455
        ],
        [
          126.9933076,
          37.5687692
        ],
        [
          126.9932998,
          37.5687892
        ],
        [
          126.9932203,
          37.5687811
        ]
      ]
    ]
  }
},
{
  "type": "Feature",
  "id": "way/1277932692",
  "properties": {
    "addr:city": "서울특별시",
    "addr:district": "종로구",
    "addr:housenumber": "139-2",
    "addr:postcode": "03193",
    "addr:street": "청계천로",
    "addr:subdistrict": "장사동",
    "building": "yes",
    "id": "way/1277932692"
  },
  "geometry": {
    "type": "Polygon",
    "coordinates": [
      [
        [
          126.993227,
          37.5687292
        ],
        [
          126.9930829,
          37.5687153
        ],
        [
          126.9930909,
          37.5686409
        ],
        [
          126.9932485,
          37.5686508
        ],
        [
          126.993227,
          37.5687292
        ]
      ]
    ]
  }
},
{
  "type": "Feature",
  "id": "way/1277932694",
  "properties": {
    "addr:city": "서울특별시",
    "addr:district": "종로구",
    "addr:housenumber": "26",
    "addr:postcode": "03193",
    "addr:street": "돈화문로4길",
    "addr:subdistrict": "장사동",
    "building": "yes",
    "id": "way/1277932694"
  },
  "geometry": {
    "type": "Polygon",
    "coordinates": [
      [
        [
          126.9930546,
          37.5686829
        ],
        [
          126.9929511,
          37.5686713
        ],
        [
          126.9929502,
          37.5686317
        ],
        [
          126.9930606,
          37.5686399
        ],
        [
          126.9930546,
          37.5686829
        ]
      ]
    ]
  }
},
{
  "type": "Feature",
  "id": "way/1277934106",
  "properties": {
    "building": "yes",
    "building:levels": "9",
    "start_date": "1969",
    "tourism": "hotel",
    "id": "way/1277934106"
  },
  "geometry": {
    "type": "Polygon",
    "coordinates": [
      [
        [
          126.9929465,
          37.5689299
        ],
        [
          126.99292,
          37.569041
        ],
        [
          126.9928635,
          37.5690349
        ],
        [
          126.9928622,
          37.569063
        ],
        [
          126.9928008,
          37.56906
        ],
        [
          126.992807,
          37.5689105
        ],
        [
          126.9927316,
          37.5689032
        ],
        [
          126.9927514,
          37.5687847
        ],
        [
          126.9926662,
          37.5687666
        ],
        [
          126.9926731,
          37.5687038
        ],
        [
          126.9927692,
          37.5687054
        ],
        [
          126.992789,
          37.5686245
        ],
        [
          126.9929415,
          37.5686312
        ],
        [
          126.9929428,
          37.5686784
        ],
        [
          126.9929557,
          37.5686825
        ],
        [
          126.9930101,
          37.56869
        ],
        [
          126.9929465,
          37.5689299
        ]
      ]
    ]
  }
},
{
  "type": "Feature",
  "id": "way/1277934107",
  "properties": {
    "building": "yes",
    "id": "way/1277934107"
  },
  "geometry": {
    "type": "Polygon",
    "coordinates": [
      [
        [
          126.9926726,
          37.5687028
        ],
        [
          126.9926612,
          37.5686159
        ],
        [
          126.992785,
          37.5686233
        ],
        [
          126.9927678,
          37.5687042
        ],
        [
          126.9926726,
          37.5687028
        ]
      ]
    ]
  }
},
{
  "type": "Feature",
  "id": "way/1278510716",
  "properties": {
    "amenity": "marketplace",
    "name:en": "Jangsa Machinery Tools Market",
    "name:ko": "장사기계공구상가",
    "id": "way/1278510716"
  },
  "geometry": {
    "type": "Polygon",
    "coordinates": [
      [
        [
          126.9930623,
          37.5686398
        ],
        [
          126.9930812,
          37.5686389
        ],
        [
          126.9930885,
          37.5686398
        ],
        [
          126.9930823,
          37.5687158
        ],
        [
          126.9932254,
          37.5687321
        ],
        [
          126.993222,
          37.5687419
        ],
        [
          126.9933151,
          37.5687694
        ],
        [
          126.9932867,
          37.5688548
        ],
        [
          126.9932539,
          37.5689641
        ],
        [
          126.9932159,
          37.5689779
        ],
        [
          126.9931543,
          37.5691432
        ],
        [
          126.9930471,
          37.5691323
        ],
        [
          126.9929142,
          37.5690875
        ],
        [
          126.9930147,
          37.5686803
        ],
        [
          126.9930553,
          37.5686842
        ],
        [
          126.9930623,
          37.5686398
        ]
      ]
    ]
  }
},
{
  "type": "Feature",
  "id": "way/1278534640",
  "properties": {
    "addr:city": "서울특별시",
    "addr:district": "종로구",
    "addr:housenumber": "4-2",
    "addr:postcode": "03193",
    "addr:street": "돈화문로",
    "addr:subdistrict": "장사동",
    "building": "yes",
    "name:ko": "경서빌딩",
    "id": "way/1278534640"
  },
  "geometry": {
    "type": "Polygon",
    "coordinates": [
      [
        [
          126.9927912,
          37.5690598
        ],
        [
          126.9927047,
          37.5690621
        ],
        [
          126.9927092,
          37.5689688
        ],
        [
          126.9925524,
          37.5689629
        ],
        [
          126.9925529,
          37.5688946
        ],
        [
          126.9926434,
          37.5689033
        ],
        [
          126.9926582,
          37.5687766
        ],
        [
          126.9927425,
          37.5687906
        ],
        [
          126.9927233,
          37.5689085
        ],
        [
          126.9927955,
          37.56892
        ],
        [
          126.9927912,
          37.5690598
        ]
      ]
    ]
  }
},
{
  "type": "Feature",
  "id": "way/1287241255",
  "properties": {
    "building": "civic",
    "name:en": "Daedong building",
    "name:ko": "대동빌딩",
    "id": "way/1287241255"
  },
  "geometry": {
    "type": "Polygon",
    "coordinates": [
      [
        [
          126.9967579,
          37.568247
        ],
        [
          126.9967497,
          37.56818
        ],
        [
          126.996864,
          37.5681609
        ],
        [
          126.9968816,
          37.5681414
        ],
        [
          126.9968954,
          37.5681158
        ],
        [
          126.9969381,
          37.5680953
        ],
        [
          126.9970287,
          37.5681403
        ],
        [
          126.9969235,
          37.5682139
        ],
        [
          126.9967579,
          37.568247
        ]
      ]
    ]
  }
},
{
  "type": "Feature",
  "id": "way/1290725928",
  "properties": {
    "man_made": "bridge",
    "id": "way/1290725928"
  },
  "geometry": {
    "type": "Polygon",
    "coordinates": [
      [
        [
          127.0000883,
          37.5694074
        ],
        [
          127.0001178,
          37.5693872
        ],
        [
          127.0001319,
          37.5693478
        ],
        [
          127.0001359,
          37.569292
        ],
        [
          127.0001172,
          37.5691995
        ],
        [
          127.0003223,
          37.5692431
        ],
        [
          127.0002674,
          37.5693016
        ],
        [
          127.0002425,
          37.5693415
        ],
        [
          127.0002318,
          37.5693622
        ],
        [
          127.0002258,
          37.5693882
        ],
        [
          127.0002358,
          37.5694382
        ],
        [
          127.0000883,
          37.5694074
        ]
      ]
    ]
  }
},
{
  "type": "Feature",
  "id": "way/1290725930",
  "properties": {
    "building": "yes",
    "id": "way/1290725930"
  },
  "geometry": {
    "type": "Polygon",
    "coordinates": [
      [
        [
          127.0035712,
          37.5691815
        ],
        [
          127.0036335,
          37.5691723
        ],
        [
          127.0036644,
          37.5693042
        ],
        [
          127.003602,
          37.5693134
        ],
        [
          127.0035712,
          37.5691815
        ]
      ]
    ]
  }
},
{
  "type": "Feature",
  "id": "way/1317968513",
  "properties": {
    "leisure": "garden",
    "id": "way/1317968513"
  },
  "geometry": {
    "type": "Polygon",
    "coordinates": [
      [
        [
          126.9943273,
          37.5682636
        ],
        [
          126.9943152,
          37.5682972
        ],
        [
          126.9942811,
          37.5683033
        ],
        [
          126.9938658,
          37.5682762
        ],
        [
          126.9938405,
          37.568271
        ],
        [
          126.993825,
          37.5682579
        ],
        [
          126.9938183,
          37.5682382
        ],
        [
          126.9943273,
          37.5682636
        ]
      ]
    ]
  }
},
{
  "type": "Feature",
  "id": "way/1317968514",
  "properties": {
    "leisure": "garden",
    "id": "way/1317968514"
  },
  "geometry": {
    "type": "Polygon",
    "coordinates": [
      [
        [
          126.994368,
          37.5682657
        ],
        [
          126.9946602,
          37.5682805
        ],
        [
          126.9950477,
          37.5683279
        ],
        [
          126.9950269,
          37.5683723
        ],
        [
          126.9949894,
          37.5683766
        ],
        [
          126.9946898,
          37.5683391
        ],
        [
          126.9943813,
          37.5683155
        ],
        [
          126.9943659,
          37.5682954
        ],
        [
          126.994368,
          37.5682657
        ]
      ]
    ]
  }
},
{
  "type": "Feature",
  "id": "way/1353859999",
  "properties": {
    "landuse": "construction",
    "layer": "1",
    "name": "수표 재개발지역",
    "id": "way/1353859999"
  },
  "geometry": {
    "type": "Polygon",
    "coordinates": [
      [
        [
          126.9909504,
          37.56805
        ],
        [
          126.9908645,
          37.5672783
        ],
        [
          126.9918992,
          37.5673449
        ],
        [
          126.9919642,
          37.5669105
        ],
        [
          126.9925355,
          37.5669445
        ],
        [
          126.9923987,
          37.5681499
        ],
        [
          126.9909504,
          37.56805
        ]
      ]
    ]
  }
},
{
  "type": "Feature",
  "id": "way/1370720650",
  "properties": {
    "landuse": "construction",
    "name": "세운 5-1·3구역 도시정비형 재개발",
    "id": "way/1370720650"
  },
  "geometry": {
    "type": "Polygon",
    "coordinates": [
      [
        [
          126.9961032,
          37.5684042
        ],
        [
          126.9956698,
          37.5683955
        ],
        [
          126.9956409,
          37.5683769
        ],
        [
          126.9956245,
          37.5682596
        ],
        [
          126.9956202,
          37.5681993
        ],
        [
          126.9956626,
          37.5679287
        ],
        [
          126.995732,
          37.5672786
        ],
        [
          126.9957615,
          37.5672716
        ],
        [
          126.9957739,
          37.5673218
        ],
        [
          126.9958601,
          37.5673129
        ],
        [
          126.9959269,
          37.567309
        ],
        [
          126.9959406,
          37.5673212
        ],
        [
          126.996113,
          37.567292
        ],
        [
          126.9961113,
          37.5673167
        ],
        [
          126.996223,
          37.5673025
        ],
        [
          126.9962373,
          37.5673172
        ],
        [
          126.9963461,
          37.5672779
        ],
        [
          126.9963962,
          37.5673455
        ],
        [
          126.9964205,
          37.5673387
        ],
        [
          126.9964693,
          37.5674449
        ],
        [
          126.9964839,
          37.567703
        ],
        [
          126.9962197,
          37.5677256
        ],
        [
          126.9961429,
          37.5683068
        ],
        [
          126.9964003,
          37.5683459
        ],
        [
          126.9963162,
          37.568437
        ],
        [
          126.9961032,
          37.5684042
        ]
      ]
    ]
  }
},
{
  "type": "Feature",
  "id": "way/1425274194",
  "properties": {
    "layer": "1",
    "man_made": "bridge",
    "id": "way/1425274194"
  },
  "geometry": {
    "type": "Polygon",
    "coordinates": [
      [
        [
          127.0077429,
          37.5699801
        ],
        [
          127.00784,
          37.5699861
        ],
        [
          127.0078347,
          37.5700605
        ],
        [
          127.0077387,
          37.5700566
        ],
        [
          127.0077429,
          37.5699801
        ]
      ]
    ]
  }
},
{
  "type": "Feature",
  "id": "way/1445339382",
  "properties": {
    "building": "yes",
    "id": "way/1445339382"
  },
  "geometry": {
    "type": "Polygon",
    "coordinates": [
      [
        [
          126.9937059,
          37.5687523
        ],
        [
          126.9937465,
          37.5686887
        ],
        [
          126.9938505,
          37.5687054
        ],
        [
          126.9938248,
          37.5687829
        ],
        [
          126.9937059,
          37.5687523
        ]
      ]
    ]
  }
},
{
  "type": "Feature",
  "id": "way/1445339383",
  "properties": {
    "building": "yes",
    "id": "way/1445339383"
  },
  "geometry": {
    "type": "Polygon",
    "coordinates": [
      [
        [
          126.993836,
          37.568787
        ],
        [
          126.9938589,
          37.5687094
        ],
        [
          126.9939585,
          37.5687237
        ],
        [
          126.9939285,
          37.5688119
        ],
        [
          126.993836,
          37.568787
        ]
      ]
    ]
  }
},
{
  "type": "Feature",
  "id": "way/1445339384",
  "properties": {
    "building": "yes",
    "id": "way/1445339384"
  },
  "geometry": {
    "type": "Polygon",
    "coordinates": [
      [
        [
          126.9937028,
          37.568762
        ],
        [
          126.9939203,
          37.5688176
        ],
        [
          126.9938909,
          37.568907
        ],
        [
          126.9937742,
          37.5688897
        ],
        [
          126.9936392,
          37.5688388
        ],
        [
          126.9937028,
          37.568762
        ]
      ]
    ]
  }
},
{
  "type": "Feature",
  "id": "way/1445339385",
  "properties": {
    "building": "yes",
    "id": "way/1445339385"
  },
  "geometry": {
    "type": "Polygon",
    "coordinates": [
      [
        [
          126.9938969,
          37.568932
        ],
        [
          126.993961,
          37.5687249
        ],
        [
          126.9942618,
          37.5687475
        ],
        [
          126.9942506,
          37.5688603
        ],
        [
          126.9943065,
          37.5688651
        ],
        [
          126.9942923,
          37.5689594
        ],
        [
          126.9942344,
          37.5689529
        ],
        [
          126.9942202,
          37.569027
        ],
        [
          126.9941368,
          37.5690174
        ],
        [
          126.9941449,
          37.5689545
        ],
        [
          126.9938969,
          37.568932
        ]
      ]
    ]
  }
},
{
  "type": "Feature",
  "id": "way/1445339386",
  "properties": {
    "building": "yes",
    "id": "way/1445339386"
  },
  "geometry": {
    "type": "Polygon",
    "coordinates": [
      [
        [
          126.9942616,
          37.5688058
        ],
        [
          126.9942693,
          37.5687502
        ],
        [
          126.9944087,
          37.5687563
        ],
        [
          126.9944034,
          37.5688186
        ],
        [
          126.9942616,
          37.5688058
        ]
      ]
    ]
  }
},
{
  "type": "Feature",
  "id": "way/1445339387",
  "properties": {
    "building": "yes",
    "id": "way/1445339387"
  },
  "geometry": {
    "type": "Polygon",
    "coordinates": [
      [
        [
          126.9942609,
          37.5688552
        ],
        [
          126.9942655,
          37.5688119
        ],
        [
          126.9943995,
          37.5688235
        ],
        [
          126.9943895,
          37.5689126
        ],
        [
          126.9943078,
          37.5689077
        ],
        [
          126.9943125,
          37.5688601
        ],
        [
          126.9942609,
          37.5688552
        ]
      ]
    ]
  }
},
{
  "type": "Feature",
  "id": "way/1454092755",
  "properties": {
    "building": "yes",
    "id": "way/1454092755"
  },
  "geometry": {
    "type": "Polygon",
    "coordinates": [
      [
        [
          126.9943804,
          37.5690634
        ],
        [
          126.9944347,
          37.5688176
        ],
        [
          126.9945335,
          37.5688313
        ],
        [
          126.9945017,
          37.5689749
        ],
        [
          126.9947059,
          37.5690033
        ],
        [
          126.9946833,
          37.5691055
        ],
        [
          126.9943804,
          37.5690634
        ]
      ]
    ]
  }
},
{
  "type": "Feature",
  "id": "way/1454092761",
  "properties": {
    "building": "yes",
    "id": "way/1454092761"
  },
  "geometry": {
    "type": "Polygon",
    "coordinates": [
      [
        [
          126.9937328,
          37.5689206
        ],
        [
          126.9935881,
          37.5688795
        ],
        [
          126.9936284,
          37.5688403
        ],
        [
          126.9937673,
          37.568895
        ],
        [
          126.9937328,
          37.5689206
        ]
      ]
    ]
  }
},
{
  "type": "Feature",
  "id": "way/1454124943",
  "properties": {
    "historic": "archaeological_site",
    "id": "way/1454124943"
  },
  "geometry": {
    "type": "Polygon",
    "coordinates": [
      [
        [
          126.9963455,
          37.5685317
        ],
        [
          126.9963192,
          37.568743
        ],
        [
          126.9962389,
          37.5687368
        ],
        [
          126.9962653,
          37.5685254
        ],
        [
          126.9963455,
          37.5685317
        ]
      ]
    ]
  }
},
{
  "type": "Feature",
  "id": "way/1454124944",
  "properties": {
    "building": "yes",
    "id": "way/1454124944"
  },
  "geometry": {
    "type": "Polygon",
    "coordinates": [
      [
        [
          126.9944336,
          37.5688065
        ],
        [
          126.9944465,
          37.5687315
        ],
        [
          126.9946854,
          37.5687369
        ],
        [
          126.9946849,
          37.5687783
        ],
        [
          126.994656,
          37.5687801
        ],
        [
          126.9946508,
          37.5688222
        ],
        [
          126.9944336,
          37.5688065
        ]
      ]
    ]
  }
},
{
  "type": "Feature",
  "id": "way/37400684",
  "properties": {
    "cycleway:right": "no",
    "highway": "primary",
    "lanes": "3",
    "name": "창경궁로",
    "name:en": "Changgyeonggung-ro",
    "name:ja": "昌慶宮路",
    "name:ko": "창경궁로",
    "name:ko-Latn": "Changgyeonggung-ro",
    "oneway": "yes",
    "surface": "asphalt",
    "id": "way/37400684"
  },
  "geometry": {
    "type": "LineString",
    "coordinates": [
      [
        126.9978185,
        37.5706883
      ],
      [
        126.9978615,
        37.5701612
      ],
      [
        126.9978665,
        37.570135
      ],
      [
        126.9979002,
        37.5697295
      ],
      [
        126.9979029,
        37.569699
      ],
      [
        126.9979243,
        37.5689866
      ]
    ]
  }
},
{
  "type": "Feature",
  "id": "way/37403503",
  "properties": {
    "cycleway:left": "no",
    "cycleway:right": "shared_lane",
    "highway": "primary",
    "lanes": "4",
    "name": "장충단로",
    "name:en": "Jangchungdan-ro",
    "name:ja": "奨忠壇路",
    "name:ko": "장충단로",
    "name:ko-Hani": "奨忠壇路",
    "name:ko-Latn": "Jangchungdan-ro",
    "name:zh": "奖忠坛路",
    "name:zh-Hans": "奖忠坛路",
    "name:zh-Hant": "奬忠壇路",
    "oneway": "yes",
    "sidewalk": "right",
    "surface": "asphalt",
    "id": "way/37403503"
  },
  "geometry": {
    "type": "LineString",
    "coordinates": [
      [
        127.007838,
        37.5660474
      ],
      [
        127.0078987,
        37.5661551
      ],
      [
        127.0080053,
        37.5662841
      ],
      [
        127.0081492,
        37.5664584
      ],
      [
        127.0093058,
        37.5679988
      ],
      [
        127.0096818,
        37.5685517
      ],
      [
        127.0097375,
        37.568677
      ],
      [
        127.0097717,
        37.5687514
      ],
      [
        127.009792,
        37.5688302
      ],
      [
        127.0098055,
        37.568976
      ],
      [
        127.0098069,
        37.5690721
      ],
      [
        127.0098114,
        37.5691471
      ],
      [
        127.0098052,
        37.5693376
      ],
      [
        127.0097763,
        37.5696179
      ]
    ]
  }
},
{
  "type": "Feature",
  "id": "way/73541401",
  "properties": {
    "highway": "footway",
    "id": "way/73541401"
  },
  "geometry": {
    "type": "LineString",
    "coordinates": [
      [
        127.0093607,
        37.5698854
      ],
      [
        127.0091992,
        37.5698799
      ]
    ]
  }
},
{
  "type": "Feature",
  "id": "way/73541403",
  "properties": {
    "bicycle": "designated",
    "cycleway:left": "track",
    "highway": "primary",
    "horse": "no",
    "lanes": "2",
    "name": "청계천로",
    "name:en": "Cheonggyecheon-ro",
    "name:ja": "清渓川路",
    "name:ko": "청계천로",
    "name:ko-Latn": "Cheonggyecheon-ro",
    "oneway": "yes",
    "oneway:bicycle": "yes",
    "surface": "asphalt",
    "id": "way/73541403"
  },
  "geometry": {
    "type": "LineString",
    "coordinates": [
      [
        126.9774622,
        37.5691023
      ],
      [
        126.9775044,
        37.5690977
      ],
      [
        126.9775775,
        37.5690905
      ],
      [
        126.9775968,
        37.5690917
      ],
      [
        126.9778862,
        37.5690716
      ],
      [
        126.9791406,
        37.568985
      ],
      [
        126.9792816,
        37.5689741
      ],
      [
        126.9794041,
        37.5689617
      ],
      [
        126.9798128,
        37.5689321
      ],
      [
        126.980059,
        37.5689172
      ],
      [
        126.9811092,
        37.5688383
      ],
      [
        126.9820499,
        37.5687887
      ],
      [
        126.9824328,
        37.5687628
      ],
      [
        126.9825267,
        37.5687553
      ],
      [
        126.9827654,
        37.5687357
      ],
      [
        126.9829825,
        37.568697
      ],
      [
        126.98382,
        37.5685534
      ],
      [
        126.9848818,
        37.5683578
      ]
    ]
  }
},
{
  "type": "Feature",
  "id": "way/73549700",
  "properties": {
    "bridge": "yes",
    "highway": "footway",
    "layer": "1",
    "name": "새벽다리",
    "id": "way/73549700"
  },
  "geometry": {
    "type": "LineString",
    "coordinates": [
      [
        127.0001605,
        37.5693931
      ],
      [
        127.0002271,
        37.5691833
      ]
    ]
  }
},
{
  "type": "Feature",
  "id": "way/73549702",
  "properties": {
    "highway": "residential",
    "name": "동호로37길",
    "name:en": "Dongho-ro 37-gil",
    "name:ko": "동호로37길",
    "oneway": "yes",
    "id": "way/73549702"
  },
  "geometry": {
    "type": "LineString",
    "coordinates": [
      [
        127.0000414,
        37.56911
      ],
      [
        127.0000985,
        37.5688954
      ],
      [
        127.0001061,
        37.5687299
      ],
      [
        127.0001155,
        37.5685274
      ],
      [
        127.0001269,
        37.5683411
      ],
      [
        127.0003311,
        37.5683725
      ],
      [
        127.0004947,
        37.5683741
      ],
      [
        127.0011564,
        37.5683888
      ],
      [
        127.001514,
        37.5683779
      ],
      [
        127.0015442,
        37.5683776
      ],
      [
        127.0018396,
        37.5683746
      ],
      [
        127.002124,
        37.5683792
      ]
    ]
  }
},
{
  "type": "Feature",
  "id": "way/73550864",
  "properties": {
    "highway": "residential",
    "layer": "-1",
    "name": "종로28길",
    "name:en": "Jong-ro 28-gil",
    "name:ko": "종로28길",
    "tunnel": "yes",
    "id": "way/73550864"
  },
  "geometry": {
    "type": "LineString",
    "coordinates": [
      [
        126.9955413,
        37.5687537
      ],
      [
        126.9954737,
        37.5692614
      ],
      [
        126.9954052,
        37.56977
      ],
      [
        126.995385,
        37.5698993
      ],
      [
        126.9953829,
        37.5699131
      ],
      [
        126.9953547,
        37.5701501
      ],
      [
        126.9953119,
        37.5704076
      ],
      [
        126.9953073,
        37.5704354
      ]
    ]
  }
},
{
  "type": "Feature",
  "id": "way/78503347",
  "properties": {
    "foot": "yes",
    "handrail": "yes",
    "highway": "steps",
    "incline": "up",
    "name": "청계광장 진출입 계단 1번",
    "ramp": "no",
    "step_count": "25",
    "surface": "paving_stones",
    "id": "way/78503347"
  },
  "geometry": {
    "type": "LineString",
    "coordinates": [
      [
        126.9787088,
        37.5692396
      ],
      [
        126.9786427,
        37.5692437
      ]
    ]
  }
},
{
  "type": "Feature",
  "id": "way/117784413",
  "properties": {
    "highway": "residential",
    "lanes": "1",
    "name": "을지로27길",
    "name:en": "Eulji-ro 27-gil",
    "name:ko": "을지로27길",
    "oneway": "yes",
    "oneway:bicycle": "no",
    "source:name": "survey",
    "surface": "asphalt",
    "id": "way/117784413"
  },
  "geometry": {
    "type": "LineString",
    "coordinates": [
      [
        126.9990747,
        37.5680494
      ],
      [
        126.9990649,
        37.5681399
      ],
      [
        126.9990556,
        37.5682258
      ],
      [
        126.999052,
        37.5682583
      ],
      [
        126.9990462,
        37.5683118
      ],
      [
        126.9990401,
        37.5684466
      ],
      [
        126.9990286,
        37.5687002
      ],
      [
        126.9989897,
        37.5688833
      ],
      [
        126.9989784,
        37.5689366
      ]
    ]
  }
},
{
  "type": "Feature",
  "id": "way/156922847",
  "properties": {
    "bicycle": "no",
    "highway": "footway",
    "layer": "-1",
    "id": "way/156922847"
  },
  "geometry": {
    "type": "LineString",
    "coordinates": [
      [
        126.9949579,
        37.5685469
      ],
      [
        126.9945445,
        37.5685169
      ],
      [
        126.9933889,
        37.568433
      ],
      [
        126.9933116,
        37.5684274
      ],
      [
        126.9930733,
        37.5684101
      ],
      [
        126.9925626,
        37.568373
      ],
      [
        126.9924245,
        37.5683625
      ],
      [
        126.9924202,
        37.568362
      ],
      [
        126.9924149,
        37.5683617
      ],
      [
        126.9924106,
        37.5683615
      ],
      [
        126.9924076,
        37.5683614
      ],
      [
        126.9924038,
        37.5683611
      ],
      [
        126.9923997,
        37.5683608
      ],
      [
        126.9923937,
        37.5683605
      ],
      [
        126.9923915,
        37.5683604
      ],
      [
        126.9923866,
        37.56836
      ],
      [
        126.9923775,
        37.5683593
      ],
      [
        126.9923706,
        37.5683588
      ],
      [
        126.9923657,
        37.5683585
      ],
      [
        126.9921158,
        37.56834
      ],
      [
        126.9909572,
        37.5682545
      ],
      [
        126.9909138,
        37.5682513
      ],
      [
        126.9902748,
        37.5682401
      ],
      [
        126.9902027,
        37.5682417
      ],
      [
        126.9900385,
        37.5682487
      ],
      [
        126.9896719,
        37.5681964
      ],
      [
        126.9895938,
        37.5681889
      ],
      [
        126.9895318,
        37.568188
      ],
      [
        126.9894938,
        37.5681875
      ],
      [
        126.9894551,
        37.5681869
      ],
      [
        126.9894167,
        37.5681863
      ],
      [
        126.9893884,
        37.5681859
      ],
      [
        126.988778,
        37.568177
      ],
      [
        126.9886956,
        37.5681747
      ],
      [
        126.9886782,
        37.5681742
      ],
      [
        126.98866,
        37.5681737
      ],
      [
        126.9886437,
        37.5681733
      ],
      [
        126.9886306,
        37.5681729
      ],
      [
        126.9885717,
        37.5681712
      ],
      [
        126.988557,
        37.5681708
      ],
      [
        126.9885427,
        37.5681704
      ],
      [
        126.9885253,
        37.56817
      ],
      [
        126.9885132,
        37.5681696
      ],
      [
        126.9884733,
        37.5681685
      ],
      [
        126.9878801,
        37.5681807
      ],
      [
        126.9876196,
        37.5681867
      ],
      [
        126.9875124,
        37.5681873
      ],
      [
        126.9874953,
        37.5681874
      ],
      [
        126.9874899,
        37.5681876
      ],
      [
        126.9874832,
        37.5681873
      ],
      [
        126.9874788,
        37.5681877
      ],
      [
        126.9874726,
        37.5681881
      ],
      [
        126.9874484,
        37.5681876
      ],
      [
        126.9874446,
        37.5681874
      ],
      [
        126.9874403,
        37.5681876
      ],
      [
        126.9874349,
        37.5681879
      ],
      [
        126.9874304,
        37.5681882
      ],
      [
        126.9871918,
        37.5681953
      ],
      [
        126.9867416,
        37.5682459
      ],
      [
        126.9852327,
        37.5685094
      ],
      [
        126.9845361,
        37.5686523
      ],
      [
        126.9834488,
        37.5688676
      ],
      [
        126.983338,
        37.5688839
      ],
      [
        126.983289,
        37.5688921
      ],
      [
        126.9830519,
        37.5689174
      ],
      [
        126.9828807,
        37.568927
      ],
      [
        126.982466,
        37.5689856
      ],
      [
        126.9818627,
        37.5690659
      ],
      [
        126.9813546,
        37.5690978
      ],
      [
        126.9813231,
        37.5691006
      ],
      [
        126.9801928,
        37.5691431
      ],
      [
        126.9795039,
        37.5691905
      ],
      [
        126.9787088,
        37.5692396
      ]
    ]
  }
},
{
  "type": "Feature",
  "id": "way/156922848",
  "properties": {
    "highway": "footway",
    "layer": "-1",
    "lit": "yes",
    "surface": "rock",
    "tunnel": "yes",
    "id": "way/156922848"
  },
  "geometry": {
    "type": "LineString",
    "coordinates": [
      [
        126.9949893,
        37.568471
      ],
      [
        126.995166,
        37.568487
      ],
      [
        126.9952083,
        37.5684909
      ],
      [
        126.9952425,
        37.568494
      ],
      [
        126.9953803,
        37.5685065
      ],
      [
        126.9954232,
        37.5685104
      ],
      [
        126.995457,
        37.5685135
      ],
      [
        126.9956139,
        37.5685277
      ]
    ]
  }
},
{
  "type": "Feature",
  "id": "way/156922849",
  "properties": {
    "bicycle": "no",
    "highway": "footway",
    "layer": "-1",
    "lit": "yes",
    "surface": "paving_stones",
    "id": "way/156922849"
  },
  "geometry": {
    "type": "LineString",
    "coordinates": [
      [
        126.9956139,
        37.5685277
      ],
      [
        126.9963864,
        37.568606
      ],
      [
        126.9963962,
        37.5686069
      ],
      [
        126.9964056,
        37.5686079
      ],
      [
        126.9964142,
        37.5686088
      ],
      [
        126.9964229,
        37.5686096
      ],
      [
        126.996432,
        37.5686106
      ],
      [
        126.996441,
        37.5686115
      ],
      [
        126.9964485,
        37.5686122
      ],
      [
        126.9967759,
        37.5686454
      ],
      [
        126.9976942,
        37.5687459
      ],
      [
        126.9977677,
        37.568754
      ],
      [
        126.9978882,
        37.5687745
      ],
      [
        126.9978986,
        37.5687763
      ],
      [
        126.9979141,
        37.5687789
      ],
      [
        126.9979203,
        37.56878
      ],
      [
        126.9980682,
        37.5688052
      ],
      [
        127.0000396,
        37.5691707
      ],
      [
        127.0001261,
        37.5691861
      ],
      [
        127.0001344,
        37.5691861
      ],
      [
        127.0018639,
        37.5694753
      ],
      [
        127.0019108,
        37.5694813
      ],
      [
        127.0022022,
        37.5695184
      ],
      [
        127.0022537,
        37.5695182
      ],
      [
        127.0028663,
        37.5695152
      ],
      [
        127.003155,
        37.5695222
      ],
      [
        127.0062693,
        37.5695929
      ],
      [
        127.006505,
        37.5695983
      ],
      [
        127.0084248,
        37.569692
      ],
      [
        127.0091638,
        37.569728
      ],
      [
        127.0092938,
        37.5697343
      ],
      [
        127.0093206,
        37.5697334
      ],
      [
        127.0094518,
        37.5697287
      ],
      [
        127.0099252,
        37.5697121
      ],
      [
        127.0100182,
        37.5697089
      ],
      [
        127.0100288,
        37.5697078
      ],
      [
        127.0105232,
        37.5697029
      ]
    ]
  }
},
{
  "type": "Feature",
  "id": "way/156922850",
  "properties": {
    "bridge": "yes",
    "bridge:name": "세운교",
    "highway": "residential",
    "layer": "1",
    "oneway": "yes",
    "id": "way/156922850"
  },
  "geometry": {
    "type": "LineString",
    "coordinates": [
      [
        126.9951032,
        37.5684221
      ],
      [
        126.9951383,
        37.5684442
      ],
      [
        126.9951553,
        37.5684914
      ],
      [
        126.9951431,
        37.5685475
      ],
      [
        126.9951055,
        37.5686173
      ],
      [
        126.9950887,
        37.5686554
      ]
    ]
  }
},
{
  "type": "Feature",
  "id": "way/156922851",
  "properties": {
    "highway": "footway",
    "layer": "-1",
    "lit": "yes",
    "smoothness": "good",
    "surface": "paving_stones",
    "tunnel": "yes",
    "id": "way/156922851"
  },
  "geometry": {
    "type": "LineString",
    "coordinates": [
      [
        126.995203,
        37.5685701
      ],
      [
        126.9951477,
        37.5685649
      ],
      [
        126.9951422,
        37.5685644
      ],
      [
        126.9951384,
        37.568564
      ],
      [
        126.9951249,
        37.5685627
      ],
      [
        126.9951205,
        37.5685623
      ],
      [
        126.9951169,
        37.568562
      ],
      [
        126.9951134,
        37.5685616
      ],
      [
        126.9950783,
        37.5685583
      ],
      [
        126.9949579,
        37.5685469
      ]
    ]
  }
},
{
  "type": "Feature",
  "id": "way/156922852",
  "properties": {
    "bridge": "yes",
    "bridge:name": "세운교",
    "highway": "residential",
    "layer": "1",
    "oneway": "yes",
    "id": "way/156922852"
  },
  "geometry": {
    "type": "LineString",
    "coordinates": [
      [
        126.9954955,
        37.5686908
      ],
      [
        126.9954736,
        37.5685755
      ],
      [
        126.9955012,
        37.5685013
      ],
      [
        126.9955428,
        37.5684624
      ]
    ]
  }
},
{
  "type": "Feature",
  "id": "way/170403791",
  "properties": {
    "highway": "residential",
    "name": "창경궁로5다길",
    "name:en": "Changgyeonggung-ro 5da-gil",
    "name:ko": "창경궁로5다길",
    "id": "way/170403791"
  },
  "geometry": {
    "type": "LineString",
    "coordinates": [
      [
        126.9963637,
        37.5670067
      ],
      [
        126.9963533,
        37.567165
      ],
      [
        126.9963585,
        37.5672153
      ],
      [
        126.9963759,
        37.5672601
      ],
      [
        126.9963951,
        37.5672917
      ],
      [
        126.9964143,
        37.5673161
      ],
      [
        126.9964374,
        37.5673395
      ],
      [
        126.9964594,
        37.5673648
      ],
      [
        126.9964705,
        37.5673883
      ],
      [
        126.9964791,
        37.5674146
      ],
      [
        126.9964994,
        37.5676257
      ],
      [
        126.9965186,
        37.5678254
      ],
      [
        126.9965353,
        37.5682732
      ]
    ]
  }
},
{
  "type": "Feature",
  "id": "way/170403805",
  "properties": {
    "highway": "residential",
    "name": "창경궁로",
    "name:en": "Changgyeonggung-ro",
    "name:ko": "창경궁로",
    "id": "way/170403805"
  },
  "geometry": {
    "type": "LineString",
    "coordinates": [
      [
        126.9970076,
        37.5682332
      ],
      [
        126.997155,
        37.5683165
      ],
      [
        126.9974163,
        37.5683943
      ],
      [
        126.9976966,
        37.5684406
      ],
      [
        126.9979624,
        37.5684632
      ]
    ]
  }
},
{
  "type": "Feature",
  "id": "way/170403810",
  "properties": {
    "highway": "residential",
    "layer": "-1",
    "name": "종로26길",
    "name:en": "Jong-ro 26-gil",
    "name:ko": "종로26길",
    "tunnel": "yes",
    "id": "way/170403810"
  },
  "geometry": {
    "type": "LineString",
    "coordinates": [
      [
        126.9948243,
        37.5704905
      ],
      [
        126.9948305,
        37.570449
      ],
      [
        126.9948868,
        37.5700761
      ],
      [
        126.9949404,
        37.5697687
      ],
      [
        126.9950276,
        37.5692514
      ],
      [
        126.9950818,
        37.5687294
      ]
    ]
  }
},
{
  "type": "Feature",
  "id": "way/170403818",
  "properties": {
    "highway": "residential",
    "name": "창경궁로5가길",
    "name:en": "Changgyeonggung-ro 5ga-gil",
    "name:ko": "창경궁로5가길",
    "id": "way/170403818"
  },
  "geometry": {
    "type": "LineString",
    "coordinates": [
      [
        126.996307,
        37.5685161
      ],
      [
        126.9963159,
        37.5684702
      ],
      [
        126.9963219,
        37.5684435
      ],
      [
        126.9963372,
        37.5683985
      ],
      [
        126.9963636,
        37.5683561
      ],
      [
        126.9964333,
        37.5683136
      ],
      [
        126.9964773,
        37.5682962
      ],
      [
        126.9965353,
        37.5682732
      ],
      [
        126.9967255,
        37.5682434
      ],
      [
        126.9968141,
        37.568279
      ],
      [
        126.9969454,
        37.5682625
      ],
      [
        126.9970076,
        37.5682332
      ],
      [
        126.9970994,
        37.5681663
      ],
      [
        126.9971949,
        37.5680967
      ],
      [
        126.9972787,
        37.5680619
      ],
      [
        126.9974698,
        37.5679862
      ],
      [
        126.9975599,
        37.5679481
      ],
      [
        126.9977203,
        37.5678802
      ],
      [
        126.9977425,
        37.567856
      ],
      [
        126.9977604,
        37.5676876
      ],
      [
        126.9977687,
        37.5675875
      ]
    ]
  }
},
{
  "type": "Feature",
  "id": "way/170403831",
  "properties": {
    "highway": "residential",
    "name": "을지로15길",
    "name:en": "Eulji-ro 15-gil",
    "name:ko": "을지로15길",
    "surface": "asphalt",
    "id": "way/170403831"
  },
  "geometry": {
    "type": "LineString",
    "coordinates": [
      [
        126.9934151,
        37.5664679
      ],
      [
        126.9933717,
        37.5667414
      ],
      [
        126.9933615,
        37.5669588
      ],
      [
        126.9933863,
        37.5670784
      ],
      [
        126.9934196,
        37.5671991
      ],
      [
        126.9934802,
        37.5674185
      ],
      [
        126.9936693,
        37.5678048
      ],
      [
        126.9937007,
        37.5678953
      ],
      [
        126.9937431,
        37.5680712
      ],
      [
        126.9937493,
        37.5682942
      ]
    ]
  }
},
{
  "type": "Feature",
  "id": "way/183272548",
  "properties": {
    "cycleway:left": "no",
    "cycleway:right": "shared_lane",
    "highway": "primary",
    "lanes": "4",
    "maxspeed": "50",
    "maxspeed:type": "sign",
    "name": "율곡로",
    "name:en": "Yulgok-ro",
    "name:ja": "栗谷路",
    "name:ko": "율곡로",
    "name:ko-Latn": "Yulgok-ro",
    "name:zh": "栗谷路",
    "name:zh-Hans": "栗谷路",
    "name:zh-Hant": "栗谷路",
    "oneway": "yes",
    "ref": "50",
    "surface": "asphalt",
    "id": "way/183272548"
  },
  "geometry": {
    "type": "LineString",
    "coordinates": [
      [
        127.0097339,
        37.5699616
      ],
      [
        127.0097099,
        37.5702015
      ],
      [
        127.0096853,
        37.5702978
      ],
      [
        127.0096354,
        37.5704403
      ],
      [
        127.0096009,
        37.5705115
      ],
      [
        127.0094613,
        37.5707343
      ],
      [
        127.0092597,
        37.5710739
      ],
      [
        127.00921,
        37.5711575
      ],
      [
        127.0091352,
        37.5712719
      ]
    ]
  }
},
{
  "type": "Feature",
  "id": "way/184083104",
  "properties": {
    "highway": "residential",
    "layer": "-1",
    "name": "을지로19길",
    "name:en": "Eulji-ro 19-gil",
    "name:ko": "을지로19길",
    "oneway": "yes",
    "tunnel": "yes",
    "id": "way/184083104"
  },
  "geometry": {
    "type": "LineString",
    "coordinates": [
      [
        126.9950982,
        37.5684118
      ],
      [
        126.9951078,
        37.5683415
      ],
      [
        126.9951378,
        37.5681674
      ],
      [
        126.9951478,
        37.5681093
      ],
      [
        126.9951529,
        37.5680435
      ],
      [
        126.9951723,
        37.5677934
      ],
      [
        126.995175,
        37.5677579
      ],
      [
        126.9952053,
        37.5675132
      ],
      [
        126.9952248,
        37.5673555
      ],
      [
        126.995251,
        37.5671434
      ],
      [
        126.9953163,
        37.5665616
      ]
    ]
  }
},
{
  "type": "Feature",
  "id": "way/184083106",
  "properties": {
    "highway": "residential",
    "layer": "-1",
    "name": "을지로19길",
    "name:en": "Eulji-ro 19-gil",
    "name:ko": "을지로19길",
    "oneway": "yes",
    "tunnel": "yes",
    "id": "way/184083106"
  },
  "geometry": {
    "type": "LineString",
    "coordinates": [
      [
        126.995711,
        37.5668887
      ],
      [
        126.9956487,
        37.5675232
      ],
      [
        126.9956365,
        37.5677313
      ],
      [
        126.995601,
        37.5680801
      ],
      [
        126.9955621,
        37.5684047
      ]
    ]
  }
},
{
  "type": "Feature",
  "id": "way/203501044",
  "properties": {
    "bridge": "yes",
    "cycleway:both": "track",
    "cycleway:both:segregated": "no",
    "highway": "unclassified",
    "lane_markings": "no",
    "layer": "1",
    "lit": "yes",
    "name": "버들다리(전태일다리)",
    "sidewalk": "both",
    "surface": "asphalt",
    "id": "way/203501044"
  },
  "geometry": {
    "type": "LineString",
    "coordinates": [
      [
        127.006638,
        37.5695625
      ],
      [
        127.0066959,
        37.5697567
      ]
    ]
  }
},
{
  "type": "Feature",
  "id": "way/203501045",
  "properties": {
    "bicycle": "no",
    "covered": "yes",
    "highway": "pedestrian",
    "layer": "-1",
    "name": "종로",
    "name:en": "Jong-ro",
    "name:ko": "종로",
    "tunnel": "yes",
    "id": "way/203501045"
  },
  "geometry": {
    "type": "LineString",
    "coordinates": [
      [
        126.9992219,
        37.5707533
      ],
      [
        126.9992294,
        37.5707034
      ],
      [
        126.9992308,
        37.5706983
      ],
      [
        126.9992348,
        37.5706833
      ],
      [
        126.9992409,
        37.5706569
      ],
      [
        126.9992725,
        37.5703279
      ],
      [
        126.9992816,
        37.5702334
      ],
      [
        126.9992976,
        37.5700981
      ],
      [
        126.9993098,
        37.5699957
      ],
      [
        126.9993231,
        37.5698833
      ],
      [
        126.999369,
        37.569562
      ],
      [
        126.999409,
        37.5692996
      ]
    ]
  }
},
{
  "type": "Feature",
  "id": "way/203501046",
  "properties": {
    "covered": "yes",
    "highway": "pedestrian",
    "layer": "-1",
    "tunnel": "yes",
    "id": "way/203501046"
  },
  "geometry": {
    "type": "LineString",
    "coordinates": [
      [
        127.0003584,
        37.5694828
      ],
      [
        127.0003088,
        37.5697435
      ],
      [
        127.0002766,
        37.5699124
      ]
    ]
  }
},
{
  "type": "Feature",
  "id": "way/203501050",
  "properties": {
    "highway": "pedestrian",
    "id": "way/203501050"
  },
  "geometry": {
    "type": "LineString",
    "coordinates": [
      [
        127.0045384,
        37.5694758
      ],
      [
        127.0045351,
        37.5695179
      ]
    ]
  }
},
{
  "type": "Feature",
  "id": "way/203501052",
  "properties": {
    "covered": "yes",
    "highway": "pedestrian",
    "name": "종로32길",
    "name:en": "Jong-ro 32-gil",
    "name:ko": "종로32길",
    "id": "way/203501052"
  },
  "geometry": {
    "type": "LineString",
    "coordinates": [
      [
        127.0015376,
        37.5697055
      ],
      [
        127.0015026,
        37.5697415
      ],
      [
        127.0014328,
        37.5698134
      ],
      [
        127.0013234,
        37.5699261
      ],
      [
        127.0012316,
        37.5700207
      ],
      [
        127.0011007,
        37.5701456
      ],
      [
        127.0009715,
        37.570269
      ],
      [
        127.0008993,
        37.5703379
      ],
      [
        127.0008098,
        37.5704232
      ],
      [
        127.0004623,
        37.5707543
      ],
      [
        127.0004581,
        37.5707592
      ],
      [
        127.0004444,
        37.5707753
      ],
      [
        127.000396,
        37.5708321
      ]
    ]
  }
},
{
  "type": "Feature",
  "id": "way/203502418",
  "properties": {
    "bridge": "yes",
    "bridge:name": "수표교",
    "highway": "pedestrian",
    "layer": "1",
    "surface": "wood",
    "id": "way/203502418"
  },
  "geometry": {
    "type": "LineString",
    "coordinates": [
      [
        126.9901521,
        37.5680381
      ],
      [
        126.9901521,
        37.5683548
      ]
    ]
  }
},
{
  "type": "Feature",
  "id": "way/215843535",
  "properties": {
    "highway": "tertiary",
    "name": "수표로",
    "name:en": "Supyo-ro",
    "name:ja": "水票路",
    "name:ko": "수표로",
    "id": "way/215843535"
  },
  "geometry": {
    "type": "LineString",
    "coordinates": [
      [
        126.9894811,
        37.5702209
      ],
      [
        126.9894834,
        37.5701934
      ],
      [
        126.9894978,
        37.5698609
      ],
      [
        126.9894899,
        37.5696929
      ],
      [
        126.9895079,
        37.5692747
      ],
      [
        126.9895131,
        37.5692323
      ],
      [
        126.9895464,
        37.5686919
      ],
      [
        126.9896122,
        37.5683253
      ]
    ]
  }
},
{
  "type": "Feature",
  "id": "way/218769254",
  "properties": {
    "cycleway:left": "no",
    "cycleway:right": "lane",
    "highway": "primary",
    "lanes": "3",
    "name": "창경궁로",
    "name:en": "Changgyeonggung-ro",
    "name:ja": "昌慶宮路",
    "name:ko": "창경궁로",
    "name:ko-Latn": "Changgyeonggung-ro",
    "oneway": "yes",
    "oneway:bicycle": "yes",
    "surface": "asphalt",
    "wikipedia": "ko:창경궁로",
    "id": "way/218769254"
  },
  "geometry": {
    "type": "LineString",
    "coordinates": [
      [
        126.9979425,
        37.5687042
      ],
      [
        126.9979624,
        37.5684632
      ],
      [
        126.9979688,
        37.5683852
      ],
      [
        126.9979989,
        37.5680211
      ],
      [
        126.9980085,
        37.5679049
      ],
      [
        126.9980292,
        37.567655
      ]
    ]
  }
},
{
  "type": "Feature",
  "id": "way/218771978",
  "properties": {
    "bicycle": "designated",
    "cycleway:left": "track",
    "highway": "primary",
    "lanes": "1",
    "lit": "yes",
    "name": "청계천로",
    "name:en": "Cheonggyecheon-ro",
    "name:ja": "清渓川路",
    "name:ko": "청계천로",
    "name:ko-Latn": "Cheonggyecheon-ro",
    "name:zh": "清溪川路",
    "name:zh-Hans": "清溪川路",
    "name:zh-Hant": "清溪川路",
    "oneway": "yes",
    "oneway:bicycle": "yes",
    "surface": "asphalt",
    "id": "way/218771978"
  },
  "geometry": {
    "type": "LineString",
    "coordinates": [
      [
        127.0093093,
        37.5699435
      ],
      [
        127.0092429,
        37.5699417
      ],
      [
        127.0077726,
        37.5698511
      ],
      [
        127.0067096,
        37.5698222
      ],
      [
        127.0065786,
        37.5698212
      ],
      [
        127.0064106,
        37.5698159
      ],
      [
        127.0050495,
        37.5697895
      ],
      [
        127.0045322,
        37.5697876
      ],
      [
        127.0038992,
        37.5697832
      ],
      [
        127.0027939,
        37.5697951
      ],
      [
        127.0022844,
        37.569787
      ],
      [
        127.0020214,
        37.5697636
      ]
    ]
  }
},
{
  "type": "Feature",
  "id": "way/218923156",
  "properties": {
    "highway": "secondary",
    "lanes": "8",
    "lanes:backward": "3",
    "lanes:forward": "5",
    "name": "남대문로",
    "name:en": "Namdaemun-ro",
    "name:ja": "南大門路",
    "name:ko": "남대문로",
    "surface": "asphalt",
    "id": "way/218923156"
  },
  "geometry": {
    "type": "LineString",
    "coordinates": [
      [
        126.9827576,
        37.5686771
      ],
      [
        126.9827654,
        37.5687357
      ],
      [
        126.9827679,
        37.5687625
      ]
    ]
  }
},
{
  "type": "Feature",
  "id": "way/218924602",
  "properties": {
    "bicycle": "designated",
    "cycleway:left": "track",
    "highway": "primary",
    "lanes": "2",
    "name": "청계천로",
    "name:en": "Cheonggyecheon-ro",
    "name:ja": "清渓川路",
    "name:ko": "청계천로",
    "name:ko-Latn": "Cheonggyecheon-ro",
    "name:zh": "清溪川路",
    "oneway": "yes",
    "oneway:bicycle": "yes",
    "surface": "asphalt",
    "id": "way/218924602"
  },
  "geometry": {
    "type": "LineString",
    "coordinates": [
      [
        126.9924368,
        37.5681812
      ],
      [
        126.9926376,
        37.5681995
      ],
      [
        126.9928042,
        37.5682126
      ],
      [
        126.9937493,
        37.5682942
      ],
      [
        126.9943402,
        37.5683361
      ],
      [
        126.994647,
        37.568359
      ],
      [
        126.9950982,
        37.5684118
      ],
      [
        126.9951779,
        37.5684142
      ],
      [
        126.9953268,
        37.568428
      ],
      [
        126.9954864,
        37.5684433
      ],
      [
        126.9955568,
        37.568449
      ],
      [
        126.9955735,
        37.5684499
      ],
      [
        126.9961068,
        37.5684966
      ],
      [
        126.996307,
        37.5685161
      ],
      [
        126.9971158,
        37.5686054
      ],
      [
        126.9979425,
        37.5687042
      ]
    ]
  }
},
{
  "type": "Feature",
  "id": "way/228795468",
  "properties": {
    "highway": "residential",
    "maxspeed": "30",
    "maxspeed:type": "sign",
    "name": "을지로11길",
    "name:en": "Eulji-ro 11-gil",
    "name:ko": "을지로11길",
    "id": "way/228795468"
  },
  "geometry": {
    "type": "LineString",
    "coordinates": [
      [
        126.9908884,
        37.5663388
      ],
      [
        126.9908487,
        37.5668192
      ],
      [
        126.9908439,
        37.5672628
      ],
      [
        126.9908436,
        37.5672865
      ],
      [
        126.9908809,
        37.5676246
      ],
      [
        126.9909308,
        37.5680767
      ]
    ]
  }
},
{
  "type": "Feature",
  "id": "way/233651270",
  "properties": {
    "highway": "residential",
    "lanes": "2",
    "maxspeed": "30",
    "maxspeed:type": "sign",
    "name": "종로",
    "name:en": "Jong-ro",
    "name:ko": "종로",
    "surface": "asphalt",
    "id": "way/233651270"
  },
  "geometry": {
    "type": "LineString",
    "coordinates": [
      [
        126.9799401,
        37.5701333
      ],
      [
        126.9799394,
        37.5700551
      ],
      [
        126.9799166,
        37.5695641
      ],
      [
        126.9799029,
        37.5692619
      ]
    ]
  }
},
{
  "type": "Feature",
  "id": "way/233651275",
  "properties": {
    "highway": "residential",
    "name": "청계천로",
    "name:en": "Cheonggyecheon-ro",
    "name:ko": "청계천로",
    "id": "way/233651275"
  },
  "geometry": {
    "type": "LineString",
    "coordinates": [
      [
        126.9890236,
        37.5679639
      ],
      [
        126.9890584,
        37.5671929
      ]
    ]
  }
},
{
  "type": "Feature",
  "id": "way/233651279",
  "properties": {
    "highway": "service",
    "name": "청계천로",
    "name:en": "Cheonggyecheon-ro",
    "name:ko": "청계천로",
    "id": "way/233651279"
  },
  "geometry": {
    "type": "LineString",
    "coordinates": [
      [
        126.9905403,
        37.568858
      ],
      [
        126.9905825,
        37.5685702
      ],
      [
        126.9906058,
        37.5683966
      ]
    ]
  }
},
{
  "type": "Feature",
  "id": "way/233651280",
  "properties": {
    "highway": "residential",
    "maxspeed": "30",
    "maxspeed:type": "sign",
    "name": "을지로7길",
    "name:en": "Eulji-ro 7-gil",
    "name:ja": "乙支路 7キル",
    "name:ko": "을지로7길",
    "id": "way/233651280"
  },
  "geometry": {
    "type": "LineString",
    "coordinates": [
      [
        126.9857828,
        37.5679761
      ],
      [
        126.9857809,
        37.5679113
      ],
      [
        126.9857719,
        37.5676134
      ],
      [
        126.9857736,
        37.5674021
      ],
      [
        126.9857785,
        37.56679
      ],
      [
        126.9857462,
        37.5661502
      ]
    ]
  }
},
{
  "type": "Feature",
  "id": "way/233651317",
  "properties": {
    "highway": "residential",
    "name": "을지로1길",
    "name:en": "Eulji-ro 1-gil",
    "name:ja": "乙支路 1キル",
    "name:ko": "을지로1길",
    "id": "way/233651317"
  },
  "geometry": {
    "type": "LineString",
    "coordinates": [
      [
        126.9797857,
        37.5668776
      ],
      [
        126.9797921,
        37.5673446
      ],
      [
        126.9797951,
        37.5675642
      ],
      [
        126.9798119,
        37.5678831
      ],
      [
        126.9798092,
        37.5681897
      ],
      [
        126.9798081,
        37.5683099
      ],
      [
        126.9798126,
        37.5688956
      ],
      [
        126.9798128,
        37.5689321
      ]
    ]
  }
},
{
  "type": "Feature",
  "id": "way/233651327",
  "properties": {
    "highway": "residential",
    "name": "을지로3길",
    "name:en": "Eulji-ro 3-gil",
    "name:ja": "乙支路 3キル",
    "name:ko": "을지로3길",
    "id": "way/233651327"
  },
  "geometry": {
    "type": "LineString",
    "coordinates": [
      [
        126.9811092,
        37.5688383
      ],
      [
        126.9811017,
        37.5688031
      ],
      [
        126.9812141,
        37.5682893
      ],
      [
        126.9813331,
        37.5678901
      ],
      [
        126.9814137,
        37.5673958
      ],
      [
        126.9815034,
        37.5672196
      ],
      [
        126.9815025,
        37.567173
      ],
      [
        126.9815651,
        37.5667216
      ]
    ]
  }
},
{
  "type": "Feature",
  "id": "way/233651333",
  "properties": {
    "highway": "residential",
    "maxspeed": "30",
    "maxspeed:type": "sign",
    "name": "종로14길",
    "name:en": "Jong-ro 14-gil",
    "name:ko": "종로14길",
    "id": "way/233651333"
  },
  "geometry": {
    "type": "LineString",
    "coordinates": [
      [
        126.9868986,
        37.5701717
      ],
      [
        126.9868966,
        37.5700923
      ],
      [
        126.9869064,
        37.5697482
      ],
      [
        126.9869109,
        37.5695694
      ],
      [
        126.9869027,
        37.5691743
      ],
      [
        126.9868951,
        37.5688374
      ],
      [
        126.986862,
        37.5683419
      ]
    ]
  }
},
{
  "type": "Feature",
  "id": "way/233652295",
  "properties": {
    "highway": "residential",
    "name": "종로12길",
    "name:en": "Jong-ro 12-gil",
    "name:ko": "종로12길",
    "id": "way/233652295"
  },
  "geometry": {
    "type": "LineString",
    "coordinates": [
      [
        126.9857526,
        37.569559
      ],
      [
        126.9857549,
        37.5691737
      ],
      [
        126.9857361,
        37.5688524
      ],
      [
        126.9857346,
        37.5685332
      ]
    ]
  }
},
{
  "type": "Feature",
  "id": "way/238533393",
  "properties": {
    "handrail": "yes",
    "highway": "steps",
    "incline": "up",
    "ramp": "no",
    "surface": "wood",
    "id": "way/238533393"
  },
  "geometry": {
    "type": "LineString",
    "coordinates": [
      [
        126.983176,
        37.5687506
      ],
      [
        126.9831005,
        37.568759
      ],
      [
        126.9830965,
        37.5687248
      ]
    ]
  }
},
{
  "type": "Feature",
  "id": "way/238534228",
  "properties": {
    "highway": "footway",
    "id": "way/238534228"
  },
  "geometry": {
    "type": "LineString",
    "coordinates": [
      [
        126.9811092,
        37.5688383
      ],
      [
        126.9811128,
        37.5688807
      ]
    ]
  }
},
{
  "type": "Feature",
  "id": "way/238534488",
  "properties": {
    "bridge": "yes",
    "bridge:name": "장통교",
    "highway": "path",
    "layer": "1",
    "id": "way/238534488"
  },
  "geometry": {
    "type": "LineString",
    "coordinates": [
      [
        126.9857167,
        37.5684842
      ],
      [
        126.9856431,
        37.5682728
      ]
    ]
  }
},
{
  "type": "Feature",
  "id": "way/238535895",
  "properties": {
    "highway": "residential",
    "name": "종로36길",
    "name:en": "Jong-ro 36-gil",
    "name:ko": "종로36길",
    "id": "way/238535895"
  },
  "geometry": {
    "type": "LineString",
    "coordinates": [
      [
        127.0038992,
        37.5697832
      ],
      [
        127.0039111,
        37.5704353
      ],
      [
        127.0038942,
        37.5709301
      ],
      [
        127.0038912,
        37.5709938
      ]
    ]
  }
},
{
  "type": "Feature",
  "id": "way/238535896",
  "properties": {
    "covered": "yes",
    "highway": "residential",
    "name": "종로38길",
    "name:en": "Jong-ro 38-gil",
    "name:ko": "종로38길",
    "id": "way/238535896"
  },
  "geometry": {
    "type": "LineString",
    "coordinates": [
      [
        127.005044,
        37.5710156
      ],
      [
        127.0050449,
        37.5709538
      ],
      [
        127.0050551,
        37.5703864
      ],
      [
        127.0050495,
        37.5697895
      ]
    ]
  }
},
{
  "type": "Feature",
  "id": "way/292341579",
  "properties": {
    "admin_level": "6",
    "boundary": "administrative",
    "id": "way/292341579"
  },
  "geometry": {
    "type": "LineString",
    "coordinates": [
      [
        127.0014841,
        37.5695041
      ],
      [
        126.9994028,
        37.5691183
      ],
      [
        126.9982282,
        37.5688938
      ],
      [
        126.9965274,
        37.5686768
      ],
      [
        126.9963543,
        37.5686659
      ]
    ]
  }
},
{
  "type": "Feature",
  "id": "way/292341607",
  "properties": {
    "admin_level": "6",
    "boundary": "administrative",
    "id": "way/292341607"
  },
  "geometry": {
    "type": "LineString",
    "coordinates": [
      [
        127.0100257,
        37.5697823
      ],
      [
        127.0093069,
        37.5697932
      ],
      [
        127.0092589,
        37.5697918
      ],
      [
        127.0078731,
        37.5697276
      ],
      [
        127.006921,
        37.5696605
      ]
    ]
  }
},
{
  "type": "Feature",
  "id": "way/292347135",
  "properties": {
    "admin_level": "6",
    "boundary": "administrative",
    "id": "way/292347135"
  },
  "geometry": {
    "type": "LineString",
    "coordinates": [
      [
        127.0053763,
        37.5696182
      ],
      [
        127.0034946,
        37.5696493
      ],
      [
        127.0022696,
        37.5696253
      ],
      [
        127.0014841,
        37.5695041
      ]
    ]
  }
},
{
  "type": "Feature",
  "id": "way/292347203",
  "properties": {
    "admin_level": "6",
    "boundary": "administrative",
    "id": "way/292347203"
  },
  "geometry": {
    "type": "LineString",
    "coordinates": [
      [
        126.9889447,
        37.5681246
      ],
      [
        126.9886621,
        37.5681135
      ],
      [
        126.9882282,
        37.5681428
      ]
    ]
  }
},
{
  "type": "Feature",
  "id": "way/302087643",
  "properties": {
    "foot": "yes",
    "highway": "steps",
    "layer": "-1",
    "name": "장통교 진출입 계단 5번",
    "id": "way/302087643"
  },
  "geometry": {
    "type": "LineString",
    "coordinates": [
      [
        126.9845361,
        37.5686523
      ],
      [
        126.9845561,
        37.568767
      ]
    ]
  }
},
{
  "type": "Feature",
  "id": "way/302087644",
  "properties": {
    "foot": "yes",
    "handrail": "yes",
    "highway": "steps",
    "incline": "up",
    "layer": "-1",
    "name": "수표교 진출입 계단 10번",
    "id": "way/302087644"
  },
  "geometry": {
    "type": "LineString",
    "coordinates": [
      [
        126.990217,
        37.5681124
      ],
      [
        126.9901753,
        37.5680396
      ]
    ]
  }
},
{
  "type": "Feature",
  "id": "way/302087645",
  "properties": {
    "foot": "yes",
    "highway": "steps",
    "layer": "-1",
    "name": "광통교 진출입 계단 3번",
    "id": "way/302087645"
  },
  "geometry": {
    "type": "LineString",
    "coordinates": [
      [
        126.9813241,
        37.5691119
      ],
      [
        126.9813597,
        37.5691098
      ],
      [
        126.98136,
        37.5691242
      ]
    ]
  }
},
{
  "type": "Feature",
  "id": "way/302087646",
  "properties": {
    "highway": "footway",
    "layer": "1",
    "surface": "paving_stones",
    "id": "way/302087646"
  },
  "geometry": {
    "type": "LineString",
    "coordinates": [
      [
        126.9818627,
        37.5690659
      ],
      [
        126.9818527,
        37.5689963
      ]
    ]
  }
},
{
  "type": "Feature",
  "id": "way/302087651",
  "properties": {
    "foot": "yes",
    "handrail": "yes",
    "highway": "steps",
    "incline": "up",
    "layer": "-1",
    "name": "수표교 진출입 계단 9번",
    "id": "way/302087651"
  },
  "geometry": {
    "type": "LineString",
    "coordinates": [
      [
        126.9909138,
        37.5682513
      ],
      [
        126.9909117,
        37.5684141
      ]
    ]
  }
},
{
  "type": "Feature",
  "id": "way/302087656",
  "properties": {
    "foot": "yes",
    "handrail": "yes",
    "highway": "steps",
    "incline": "up",
    "name": "모전교 진출입계단 4번",
    "ramp": "no",
    "surface": "wood",
    "id": "way/302087656"
  },
  "geometry": {
    "type": "LineString",
    "coordinates": [
      [
        126.9800883,
        37.5689826
      ],
      [
        126.9800517,
        37.5689855
      ],
      [
        126.9800485,
        37.5689685
      ]
    ]
  }
},
{
  "type": "Feature",
  "id": "way/302087658",
  "properties": {
    "foot": "yes",
    "handrail": "yes",
    "highway": "steps",
    "incline": "up",
    "layer": "-1",
    "id": "way/302087658"
  },
  "geometry": {
    "type": "LineString",
    "coordinates": [
      [
        126.9927785,
        37.5683042
      ],
      [
        126.9926376,
        37.5681995
      ]
    ]
  }
},
{
  "type": "Feature",
  "id": "way/302093056",
  "properties": {
    "foot": "yes",
    "handrail": "yes",
    "highway": "steps",
    "incline": "up",
    "layer": "-1",
    "name": "삼일교 진출입 계단 7번",
    "ramp": "no",
    "surface": "wood",
    "tactile_paving": "no",
    "id": "way/302093056"
  },
  "geometry": {
    "type": "LineString",
    "coordinates": [
      [
        126.9871918,
        37.5681953
      ],
      [
        126.9873401,
        37.5683088
      ]
    ]
  }
},
{
  "type": "Feature",
  "id": "way/315702282",
  "properties": {
    "handrail": "yes",
    "highway": "steps",
    "id": "way/315702282"
  },
  "geometry": {
    "type": "LineString",
    "coordinates": [
      [
        127.0092952,
        37.5697046
      ],
      [
        127.0092938,
        37.5697152
      ],
      [
        127.0091664,
        37.5697099
      ]
    ]
  }
},
{
  "type": "Feature",
  "id": "way/315702283",
  "properties": {
    "highway": "footway",
    "id": "way/315702283"
  },
  "geometry": {
    "type": "LineString",
    "coordinates": [
      [
        127.0091664,
        37.5697099
      ],
      [
        127.0091638,
        37.569728
      ]
    ]
  }
},
{
  "type": "Feature",
  "id": "way/329995230",
  "properties": {
    "highway": "tertiary",
    "maxspeed": "30",
    "maxspeed:type": "sign",
    "name": "수표로",
    "name:en": "Supyo-ro",
    "name:ko": "수표로",
    "name:ko-Latn": "Supyo-ro",
    "id": "way/329995230"
  },
  "geometry": {
    "type": "LineString",
    "coordinates": [
      [
        126.9896637,
        37.5667609
      ],
      [
        126.9896569,
        37.5667957
      ],
      [
        126.989628,
        37.5672074
      ],
      [
        126.9896023,
        37.5675945
      ],
      [
        126.9895844,
        37.5680036
      ]
    ]
  }
},
{
  "type": "Feature",
  "id": "way/333725870",
  "properties": {
    "bridge": "yes",
    "bridge:name": "광교",
    "bridge:name:ko": "광교",
    "bridge:structure": "beam",
    "highway": "secondary",
    "layer": "1",
    "maxweight:signed": "no",
    "name:en": "Gwang Bridge",
    "name:ko-Latn": "Gwanggyo",
    "source:bridge": "mp2osm",
    "id": "way/333725870"
  },
  "geometry": {
    "type": "LineString",
    "coordinates": [
      [
        126.9827679,
        37.5687625
      ],
      [
        126.9827769,
        37.5690066
      ]
    ]
  }
},
{
  "type": "Feature",
  "id": "way/344663901",
  "properties": {
    "highway": "residential",
    "name": "종로16길",
    "name:en": "Jong-ro 16-gil",
    "name:ko": "종로16길",
    "id": "way/344663901"
  },
  "geometry": {
    "type": "LineString",
    "coordinates": [
      [
        126.9885854,
        37.5696593
      ],
      [
        126.9886689,
        37.569311
      ],
      [
        126.9886766,
        37.5692327
      ],
      [
        126.9886897,
        37.5691634
      ],
      [
        126.9888744,
        37.5682877
      ]
    ]
  }
},
{
  "type": "Feature",
  "id": "way/344663909",
  "properties": {
    "cycleway:both": "no",
    "highway": "residential",
    "name": "종로18길",
    "name:en": "Jong-ro 18-gil",
    "name:ko": "종로18길",
    "sidewalk": "no",
    "surface": "asphalt",
    "id": "way/344663909"
  },
  "geometry": {
    "type": "LineString",
    "coordinates": [
      [
        126.9912165,
        37.5700054
      ],
      [
        126.9912213,
        37.5697988
      ],
      [
        126.9911923,
        37.5694536
      ],
      [
        126.9912107,
        37.569344
      ],
      [
        126.991331,
        37.5692486
      ],
      [
        126.9914022,
        37.5692061
      ],
      [
        126.9913709,
        37.5689333
      ],
      [
        126.9913188,
        37.5688178
      ],
      [
        126.991337,
        37.5684549
      ]
    ]
  }
},
{
  "type": "Feature",
  "id": "way/344667309",
  "properties": {
    "highway": "service",
    "name": "종로22길",
    "name:en": "Jong-ro 22-gil",
    "name:ko": "종로22길",
    "id": "way/344667309"
  },
  "geometry": {
    "type": "LineString",
    "coordinates": [
      [
        126.9933241,
        37.5700662
      ],
      [
        126.9933331,
        37.5698588
      ],
      [
        126.9933472,
        37.5695334
      ],
      [
        126.9933476,
        37.5695244
      ],
      [
        126.993357,
        37.569308
      ],
      [
        126.9934027,
        37.5691419
      ],
      [
        126.9934354,
        37.5690778
      ],
      [
        126.9936097,
        37.568835
      ],
      [
        126.9936939,
        37.5687195
      ],
      [
        126.9937252,
        37.5686346
      ]
    ]
  }
},
{
  "type": "Feature",
  "id": "way/348648513",
  "properties": {
    "highway": "unclassified",
    "oneway": "yes",
    "id": "way/348648513"
  },
  "geometry": {
    "type": "LineString",
    "coordinates": [
      [
        127.0072085,
        37.5679697
      ],
      [
        127.007184,
        37.5683034
      ],
      [
        127.0071133,
        37.569264
      ],
      [
        127.0081984,
        37.5692708
      ],
      [
        127.008365,
        37.5692718
      ],
      [
        127.0092467,
        37.5693032
      ],
      [
        127.0094118,
        37.5692412
      ],
      [
        127.0094577,
        37.5692081
      ],
      [
        127.0094988,
        37.5691556
      ],
      [
        127.0095255,
        37.5691098
      ],
      [
        127.0095501,
        37.568997
      ]
    ]
  }
},
{
  "type": "Feature",
  "id": "way/350127794",
  "properties": {
    "bicycle": "designated",
    "cycleway:left": "track",
    "highway": "primary",
    "horse": "no",
    "lanes": "2",
    "name": "청계천로",
    "name:en": "Cheonggyecheon-ro",
    "name:ja": "清渓川路",
    "name:ko": "청계천로",
    "name:ko-Latn": "Cheonggyecheon-ro",
    "oneway": "yes",
    "oneway:bicycle": "yes",
    "surface": "asphalt",
    "id": "way/350127794"
  },
  "geometry": {
    "type": "LineString",
    "coordinates": [
      [
        126.9827849,
        37.5690741
      ],
      [
        126.9818907,
        37.5691277
      ],
      [
        126.9813463,
        37.5691628
      ],
      [
        126.9810187,
        37.5691802
      ],
      [
        126.9808082,
        37.569195
      ],
      [
        126.9806982,
        37.5692016
      ],
      [
        126.9799029,
        37.5692619
      ],
      [
        126.9794388,
        37.5692859
      ],
      [
        126.9793025,
        37.569295
      ],
      [
        126.9791699,
        37.5692947
      ],
      [
        126.9784655,
        37.5693267
      ],
      [
        126.9784105,
        37.5693319
      ],
      [
        126.9778822,
        37.5693634
      ],
      [
        126.9776101,
        37.5693779
      ],
      [
        126.9774714,
        37.5693903
      ]
    ]
  }
},
{
  "type": "Feature",
  "id": "way/360102127",
  "properties": {
    "highway": "service",
    "source": "survey",
    "id": "way/360102127"
  },
  "geometry": {
    "type": "LineString",
    "coordinates": [
      [
        126.9905825,
        37.5685702
      ],
      [
        126.9902125,
        37.5685416
      ]
    ]
  }
},
{
  "type": "Feature",
  "id": "way/360102128",
  "properties": {
    "highway": "service",
    "name": "청계천로",
    "name:en": "Cheonggyecheon-ro",
    "name:ko": "청계천로",
    "id": "way/360102128"
  },
  "geometry": {
    "type": "LineString",
    "coordinates": [
      [
        126.990182,
        37.5687292
      ],
      [
        126.9902125,
        37.5685416
      ],
      [
        126.9902318,
        37.5683619
      ]
    ]
  }
},
{
  "type": "Feature",
  "id": "way/360113078",
  "properties": {
    "highway": "residential",
    "name": "종로10길",
    "name:en": "Jong-ro 10-gil",
    "name:ko": "종로10길",
    "id": "way/360113078"
  },
  "geometry": {
    "type": "LineString",
    "coordinates": [
      [
        126.9844468,
        37.5695645
      ],
      [
        126.9844472,
        37.5691915
      ],
      [
        126.9844223,
        37.5687888
      ]
    ]
  }
},
{
  "type": "Feature",
  "id": "way/360113080",
  "properties": {
    "highway": "residential",
    "name": "종로8길",
    "name:en": "Jong-ro 8-gil",
    "name:ko": "종로8길",
    "id": "way/360113080"
  },
  "geometry": {
    "type": "LineString",
    "coordinates": [
      [
        126.98398,
        37.5695556
      ],
      [
        126.9839898,
        37.5688559
      ]
    ]
  }
},
{
  "type": "Feature",
  "id": "way/360147780",
  "properties": {
    "highway": "steps",
    "level": "-1;0",
    "source": "survey",
    "id": "way/360147780"
  },
  "geometry": {
    "type": "LineString",
    "coordinates": [
      [
        126.9824337,
        37.5692861
      ],
      [
        126.9824936,
        37.5692347
      ]
    ]
  }
},
{
  "type": "Feature",
  "id": "way/360147781",
  "properties": {
    "footway": "crossing",
    "highway": "footway",
    "source": "survey",
    "id": "way/360147781"
  },
  "geometry": {
    "type": "LineString",
    "coordinates": [
      [
        126.9826696,
        37.5692138
      ],
      [
        126.9828055,
        37.5691989
      ],
      [
        126.9829515,
        37.5691823
      ]
    ]
  }
},
{
  "type": "Feature",
  "id": "way/368276771",
  "properties": {
    "name": "청계천",
    "name:el": "Τσόνγκιετσον",
    "name:en": "Cheonggyecheon Stream",
    "name:ja": "清渓川",
    "name:ko": "청계천",
    "name:ko-Hani": "淸溪川",
    "name:zh": "清溪川",
    "name:zh-Hant": "清溪川",
    "waterway": "river",
    "wikidata": "Q495437",
    "wikipedia": "ko:청계천",
    "id": "way/368276771"
  },
  "geometry": {
    "type": "LineString",
    "coordinates": [
      [
        126.9785975,
        37.5691438
      ],
      [
        126.9786757,
        37.5691449
      ],
      [
        126.9794597,
        37.5691067
      ],
      [
        126.9801836,
        37.5690719
      ],
      [
        126.982453,
        37.5688944
      ],
      [
        126.9834423,
        37.568811
      ],
      [
        126.9852214,
        37.5684594
      ],
      [
        126.9866673,
        37.5681104
      ],
      [
        126.987812,
        37.5680958
      ],
      [
        126.988469,
        37.5680902
      ],
      [
        126.9886992,
        37.5680829
      ],
      [
        126.9901819,
        37.5681529
      ],
      [
        126.9909605,
        37.5682116
      ],
      [
        126.9919388,
        37.5682853
      ],
      [
        126.9925302,
        37.5683299
      ],
      [
        126.9930783,
        37.5683708
      ],
      [
        126.9949392,
        37.5685097
      ],
      [
        126.995596,
        37.5685645
      ],
      [
        126.9967778,
        37.5686863
      ],
      [
        126.9977791,
        37.5688006
      ],
      [
        126.9980552,
        37.5688467
      ],
      [
        127.0000376,
        37.5692406
      ],
      [
        127.0015341,
        37.5695268
      ],
      [
        127.0017919,
        37.5695761
      ],
      [
        127.0022487,
        37.5695905
      ],
      [
        127.0025823,
        37.5695922
      ],
      [
        127.003151,
        37.5695969
      ],
      [
        127.00445,
        37.5696019
      ],
      [
        127.0062675,
        37.5696422
      ],
      [
        127.0064916,
        37.5696472
      ],
      [
        127.008417,
        37.5697478
      ],
      [
        127.0092589,
        37.5697918
      ],
      [
        127.0093071,
        37.5697923
      ]
    ]
  }
},
{
  "type": "Feature",
  "id": "way/369701032",
  "properties": {
    "id": "way/369701032"
  },
  "geometry": {
    "type": "LineString",
    "coordinates": [
      [
        127.0093121,
        37.5697509
      ],
      [
        127.0092678,
        37.5697529
      ],
      [
        127.0078325,
        37.5696859
      ],
      [
        127.0067491,
        37.5696326
      ],
      [
        127.0065091,
        37.5696222
      ],
      [
        127.0021975,
        37.5695531
      ],
      [
        127.0018447,
        37.569518
      ],
      [
        127.0005222,
        37.5692915
      ],
      [
        126.9989801,
        37.5689929
      ],
      [
        126.9980682,
        37.5688175
      ],
      [
        126.9977356,
        37.5687665
      ],
      [
        126.9963851,
        37.5686198
      ],
      [
        126.9956382,
        37.5685464
      ],
      [
        126.9945666,
        37.5684519
      ],
      [
        126.9936356,
        37.5683826
      ],
      [
        126.9923243,
        37.5682839
      ],
      [
        126.9909849,
        37.5681812
      ],
      [
        126.9899197,
        37.5681051
      ],
      [
        126.9887862,
        37.5680446
      ],
      [
        126.9878151,
        37.5680678
      ],
      [
        126.9873161,
        37.5680603
      ],
      [
        126.9866672,
        37.5680937
      ],
      [
        126.9856075,
        37.568342
      ],
      [
        126.9852898,
        37.5684104
      ],
      [
        126.9840938,
        37.5686313
      ],
      [
        126.9834439,
        37.5687527
      ],
      [
        126.9825586,
        37.5688362
      ],
      [
        126.981227,
        37.5689358
      ],
      [
        126.9801188,
        37.5690367
      ],
      [
        126.9795091,
        37.569073
      ],
      [
        126.9789736,
        37.5690898
      ],
      [
        126.978542,
        37.569103
      ],
      [
        126.9785579,
        37.5692332
      ],
      [
        126.978638,
        37.5692191
      ],
      [
        126.9790708,
        37.5691878
      ],
      [
        126.9799754,
        37.5691062
      ],
      [
        126.9811663,
        37.5689777
      ],
      [
        126.9824312,
        37.5689378
      ],
      [
        126.9834225,
        37.5688532
      ],
      [
        126.984123,
        37.5687105
      ],
      [
        126.985626,
        37.568415
      ],
      [
        126.9866838,
        37.5681682
      ],
      [
        126.9878105,
        37.568148
      ],
      [
        126.9887837,
        37.5681308
      ],
      [
        126.9900658,
        37.568188
      ],
      [
        126.9909789,
        37.568245
      ],
      [
        126.9923138,
        37.5683443
      ],
      [
        126.9936251,
        37.5684389
      ],
      [
        126.9945529,
        37.5684985
      ],
      [
        126.9956338,
        37.568592
      ],
      [
        126.9957614,
        37.5686223
      ],
      [
        126.9963808,
        37.5686611
      ],
      [
        126.9977187,
        37.5688144
      ],
      [
        126.9980495,
        37.568867
      ],
      [
        126.9998503,
        37.5692729
      ],
      [
        127.001188,
        37.5695333
      ],
      [
        127.0013711,
        37.5695498
      ],
      [
        127.0015944,
        37.5696088
      ],
      [
        127.001809,
        37.5696348
      ],
      [
        127.002117,
        37.5696435
      ],
      [
        127.0065156,
        37.5696816
      ],
      [
        127.0072092,
        37.5697199
      ],
      [
        127.0092246,
        37.5698235
      ],
      [
        127.0093116,
        37.5698207
      ],
      [
        127.0093109,
        37.569802
      ],
      [
        127.0093121,
        37.5697509
      ]
    ]
  }
},
{
  "type": "Feature",
  "id": "way/377289801",
  "properties": {
    "highway": "secondary",
    "horse": "no",
    "name": "무교로",
    "name:en": "Mugyo-ro",
    "name:ko": "무교로",
    "oneway": "yes",
    "surface": "asphalt",
    "id": "way/377289801"
  },
  "geometry": {
    "type": "LineString",
    "coordinates": [
      [
        126.9792816,
        37.5689741
      ],
      [
        126.9792862,
        37.5690224
      ],
      [
        126.9792872,
        37.569033
      ]
    ]
  }
},
{
  "type": "Feature",
  "id": "way/377289802",
  "properties": {
    "highway": "secondary",
    "horse": "no",
    "lanes": "2",
    "name": "무교로",
    "name:en": "Mugyo-ro",
    "name:ja": "武橋路",
    "name:ko": "무교로",
    "name:ko-Latn": "Mugyo-ro",
    "oneway": "yes",
    "sidewalk": "both",
    "surface": "asphalt",
    "id": "way/377289802"
  },
  "geometry": {
    "type": "LineString",
    "coordinates": [
      [
        126.9793031,
        37.5692519
      ],
      [
        126.9793025,
        37.569295
      ],
      [
        126.9793182,
        37.5697342
      ],
      [
        126.9793366,
        37.5700577
      ],
      [
        126.979338,
        37.5701409
      ],
      [
        126.9793379,
        37.5702006
      ],
      [
        126.9793378,
        37.5702371
      ],
      [
        126.9793377,
        37.570263
      ]
    ]
  }
},
{
  "type": "Feature",
  "id": "way/377289805",
  "properties": {
    "highway": "footway",
    "id": "way/377289805"
  },
  "geometry": {
    "type": "LineString",
    "coordinates": [
      [
        126.9791678,
        37.5692228
      ],
      [
        126.9791688,
        37.5692561
      ],
      [
        126.9791699,
        37.5692947
      ]
    ]
  }
},
{
  "type": "Feature",
  "id": "way/377289806",
  "properties": {
    "highway": "footway",
    "layer": "-1",
    "surface": "paving_stones",
    "tunnel": "yes",
    "id": "way/377289806"
  },
  "geometry": {
    "type": "LineString",
    "coordinates": [
      [
        126.9780027,
        37.5691284
      ],
      [
        126.9786636,
        37.5690834
      ]
    ]
  }
},
{
  "type": "Feature",
  "id": "way/377289808",
  "properties": {
    "bridge": "yes",
    "highway": "footway",
    "layer": "1",
    "id": "way/377289808"
  },
  "geometry": {
    "type": "LineString",
    "coordinates": [
      [
        126.9791491,
        37.569054
      ],
      [
        126.9791678,
        37.5692228
      ]
    ]
  }
},
{
  "type": "Feature",
  "id": "way/377289811",
  "properties": {
    "bicycle": "no",
    "highway": "footway",
    "layer": "-1",
    "id": "way/377289811"
  },
  "geometry": {
    "type": "LineString",
    "coordinates": [
      [
        126.9786932,
        37.5690829
      ],
      [
        126.9790274,
        37.569078
      ],
      [
        126.9794332,
        37.5690618
      ],
      [
        126.9795508,
        37.5690512
      ],
      [
        126.980054,
        37.5690055
      ],
      [
        126.9800924,
        37.5690026
      ],
      [
        126.9801681,
        37.5689967
      ],
      [
        126.9818286,
        37.5688422
      ],
      [
        126.9823964,
        37.5688077
      ],
      [
        126.9825626,
        37.5688032
      ],
      [
        126.9829284,
        37.5687933
      ],
      [
        126.9831797,
        37.5687616
      ],
      [
        126.9834158,
        37.5687319
      ],
      [
        126.984882,
        37.5684427
      ],
      [
        126.9849439,
        37.5684313
      ],
      [
        126.9852038,
        37.5683901
      ],
      [
        126.985712,
        37.5682918
      ],
      [
        126.9866406,
        37.5680789
      ],
      [
        126.9866949,
        37.5680762
      ],
      [
        126.9879301,
        37.5680476
      ],
      [
        126.9884704,
        37.5680419
      ],
      [
        126.9889061,
        37.5680405
      ],
      [
        126.9891981,
        37.5680576
      ],
      [
        126.989551,
        37.5680647
      ],
      [
        126.9895693,
        37.5680661
      ],
      [
        126.990217,
        37.5681124
      ],
      [
        126.9902361,
        37.5681138
      ],
      [
        126.9909639,
        37.5681683
      ],
      [
        126.9923837,
        37.5682747
      ],
      [
        126.9923872,
        37.5682749
      ],
      [
        126.9923913,
        37.5682753
      ],
      [
        126.9923947,
        37.5682755
      ],
      [
        126.9924278,
        37.568277
      ],
      [
        126.9924313,
        37.5682776
      ],
      [
        126.9924353,
        37.5682782
      ],
      [
        126.9924398,
        37.5682788
      ],
      [
        126.9924428,
        37.5682793
      ],
      [
        126.9924956,
        37.5682831
      ],
      [
        126.9926041,
        37.568291
      ],
      [
        126.9927785,
        37.5683042
      ],
      [
        126.9930839,
        37.5683272
      ],
      [
        126.9941508,
        37.5684077
      ],
      [
        126.9941741,
        37.5684095
      ],
      [
        126.9941957,
        37.5684111
      ],
      [
        126.9942176,
        37.5684128
      ],
      [
        126.9942387,
        37.5684143
      ],
      [
        126.9947126,
        37.5684501
      ],
      [
        126.9949893,
        37.568471
      ]
    ]
  }
},
{
  "type": "Feature",
  "id": "way/379994122",
  "properties": {
    "colour": "#32A1C8",
    "electrified": "contact_line",
    "frequency": "0",
    "gauge": "1435",
    "layer": "-4",
    "level": "-4",
    "level:ref": "B4",
    "name": "4호선",
    "name:en": "Line 4",
    "name:ja": "4号線",
    "name:ko": "4호선",
    "name:zh": "4號線",
    "name:zh-Hans": "4号线",
    "name:zh-Hant": "4號線",
    "network": "수도권 전철",
    "note": "Location of path is approximate based on locations of subway stations.",
    "operator": "서울교통공사",
    "operator:en": "Seoul Metro",
    "operator:ko": "서울교통공사",
    "operator:type": "public",
    "operator:wikidata": "Q28699048",
    "railway": "subway",
    "railway:atc": "yes",
    "railway:radio": "lte-r",
    "tracks": "1",
    "tunnel": "yes",
    "usage": "main",
    "voltage": "1500",
    "workrules": "KR:URA",
    "id": "way/379994122"
  },
  "geometry": {
    "type": "LineString",
    "coordinates": [
      [
        127.0098237,
        37.5698062
      ],
      [
        127.0096881,
        37.5701941
      ],
      [
        127.0096096,
        37.5703929
      ],
      [
        127.009551,
        37.5704833
      ],
      [
        127.0093746,
        37.5707564
      ],
      [
        127.0091362,
        37.5710934
      ],
      [
        127.0089252,
        37.571378
      ],
      [
        127.0081691,
        37.5722503
      ]
    ]
  }
},
{
  "type": "Feature",
  "id": "way/396816939",
  "properties": {
    "electrified": "contact_line",
    "frequency": "0",
    "gauge": "1435",
    "layer": "-5",
    "level": "-5",
    "maxspeed": "100",
    "name": "5호선",
    "name:en": "Line 5",
    "name:es": "Línea 5",
    "name:ja": "5号線",
    "name:ko": "5호선",
    "name:zh": "5號線",
    "name:zh-Hans": "5号线",
    "name:zh-Hant": "5號線",
    "network": "수도권 전철",
    "operator": "서울교통공사",
    "operator:en": "Seoul Metro",
    "operator:ko": "서울교통공사",
    "operator:type": "public",
    "operator:wikidata": "Q28699048",
    "railway": "subway",
    "railway:atc": "yes",
    "railway:ato": "sto",
    "railway:radio": "lte-r",
    "tunnel": "yes",
    "usage": "main",
    "voltage": "1500",
    "workrules": "KR:URA",
    "id": "way/396816939"
  },
  "geometry": {
    "type": "LineString",
    "coordinates": [
      [
        127.0795654,
        37.5571693
      ],
      [
        127.0723063,
        37.5600553
      ],
      [
        127.0705622,
        37.5606579
      ],
      [
        127.0645955,
        37.5615078
      ],
      [
        127.0608897,
        37.5620673
      ],
      [
        127.0588841,
        37.5624145
      ],
      [
        127.0584956,
        37.5626004
      ],
      [
        127.0574137,
        37.5633745
      ],
      [
        127.0527067,
        37.5668495
      ],
      [
        127.0519238,
        37.5674071
      ],
      [
        127.0497794,
        37.5689942
      ],
      [
        127.0494863,
        37.5691347
      ],
      [
        127.0492243,
        37.5692317
      ],
      [
        127.0489452,
        37.5692993
      ],
      [
        127.0486501,
        37.5693197
      ],
      [
        127.0483763,
        37.5692714
      ],
      [
        127.0480888,
        37.56918
      ],
      [
        127.0473349,
        37.5688316
      ],
      [
        127.0467502,
        37.5684858
      ],
      [
        127.0428899,
        37.5661188
      ],
      [
        127.0416672,
        37.5654068
      ],
      [
        127.0397017,
        37.5639277
      ],
      [
        127.0369158,
        37.5618494
      ],
      [
        127.0362345,
        37.5613412
      ],
      [
        127.0357556,
        37.561058
      ],
      [
        127.0323204,
        37.5590155
      ],
      [
        127.0306402,
        37.5580165
      ],
      [
        127.0299451,
        37.5576032
      ],
      [
        127.026293,
        37.5559051
      ],
      [
        127.0240966,
        37.5548114
      ],
      [
        127.0234762,
        37.5545694
      ],
      [
        127.0231617,
        37.5544882
      ],
      [
        127.0228193,
        37.5544225
      ],
      [
        127.0222239,
        37.5543551
      ],
      [
        127.0217648,
        37.554308
      ],
      [
        127.021366,
        37.5542896
      ],
      [
        127.0210376,
        37.5543109
      ],
      [
        127.0202666,
        37.5544558
      ],
      [
        127.0193689,
        37.5546323
      ],
      [
        127.0184866,
        37.5550687
      ],
      [
        127.0180847,
        37.5553818
      ],
      [
        127.0177172,
        37.5557017
      ],
      [
        127.0173025,
        37.5563875
      ],
      [
        127.0171923,
        37.5568521
      ],
      [
        127.0168301,
        37.5578738
      ],
      [
        127.0163601,
        37.5587376
      ],
      [
        127.0156155,
        37.5594195
      ],
      [
        127.0149435,
        37.5598254
      ],
      [
        127.0137109,
        37.5602991
      ],
      [
        127.0120646,
        37.5609846
      ],
      [
        127.0116949,
        37.5611853
      ],
      [
        127.0112407,
        37.561449
      ],
      [
        127.0108399,
        37.561765
      ],
      [
        127.0105507,
        37.5620096
      ],
      [
        127.0098932,
        37.5626481
      ],
      [
        127.009438,
        37.5630789
      ],
      [
        127.0091837,
        37.563271
      ],
      [
        127.0086833,
        37.5635915
      ],
      [
        127.0077097,
        37.5641088
      ],
      [
        127.0075338,
        37.5641758
      ],
      [
        127.00729,
        37.5642629
      ],
      [
        127.0064173,
        37.5645242
      ],
      [
        127.0055263,
        37.5647018
      ],
      [
        127.004613,
        37.5647972
      ],
      [
        127.0011056,
        37.5645656
      ],
      [
        127.0004849,
        37.5645219
      ],
      [
        127.0004036,
        37.5645323
      ],
      [
        127.0002557,
        37.5645512
      ],
      [
        126.9999496,
        37.5646249
      ],
      [
        126.9995591,
        37.5647529
      ],
      [
        126.9990664,
        37.5650434
      ],
      [
        126.9988342,
        37.5651767
      ],
      [
        126.9983,
        37.5657651
      ],
      [
        126.9982039,
        37.5661268
      ],
      [
        126.9981326,
        37.566936
      ],
      [
        126.998029,
        37.5684996
      ],
      [
        126.9978842,
        37.569289
      ],
      [
        126.9978629,
        37.5695389
      ],
      [
        126.9977923,
        37.5700539
      ],
      [
        126.9977134,
        37.5702478
      ],
      [
        126.9976151,
        37.5704232
      ],
      [
        126.9975083,
        37.5705518
      ],
      [
        126.9973685,
        37.570696
      ],
      [
        126.9971421,
        37.5708711
      ],
      [
        126.9969493,
        37.5709912
      ],
      [
        126.9967216,
        37.5711302
      ],
      [
        126.9961155,
        37.5714321
      ],
      [
        126.9958482,
        37.5715322
      ],
      [
        126.9955365,
        37.5716585
      ],
      [
        126.9949122,
        37.5718533
      ],
      [
        126.9941339,
        37.5721017
      ],
      [
        126.9932422,
        37.5723573
      ],
      [
        126.992954,
        37.5724289
      ],
      [
        126.9926798,
        37.5724901
      ],
      [
        126.9921842,
        37.5725444
      ]
    ]
  }
},
{
  "type": "Feature",
  "id": "way/417857527",
  "properties": {
    "highway": "service",
    "name": "청계천로",
    "name:en": "Cheonggyecheon-ro",
    "name:ko": "청계천로",
    "service": "alley",
    "source": "survey",
    "id": "way/417857527"
  },
  "geometry": {
    "type": "LineString",
    "coordinates": [
      [
        126.9917591,
        37.5689526
      ],
      [
        126.991869,
        37.5685019
      ]
    ]
  }
},
{
  "type": "Feature",
  "id": "way/420348542",
  "properties": {
    "highway": "residential",
    "name": "을지로35길",
    "name:en": "Eulji-ro 35-gil",
    "name:ko": "을지로35길",
    "oneway": "yes",
    "id": "way/420348542"
  },
  "geometry": {
    "type": "LineString",
    "coordinates": [
      [
        127.001514,
        37.5683779
      ],
      [
        127.0015347,
        37.5684996
      ],
      [
        127.0015442,
        37.5686703
      ],
      [
        127.0015318,
        37.5689396
      ],
      [
        127.0015067,
        37.569343
      ],
      [
        127.0015053,
        37.569358
      ]
    ]
  }
},
{
  "type": "Feature",
  "id": "way/420348545",
  "properties": {
    "highway": "residential",
    "name": "을지로35길",
    "name:en": "Eulji-ro 35-gil",
    "name:ko": "을지로35길",
    "id": "way/420348545"
  },
  "geometry": {
    "type": "LineString",
    "coordinates": [
      [
        127.0015318,
        37.5689396
      ],
      [
        127.0000985,
        37.5688954
      ]
    ]
  }
},
{
  "type": "Feature",
  "id": "way/420348549",
  "properties": {
    "highway": "footway",
    "name": "창경궁로8길",
    "name:en": "Changgyeonggung-ro 8-gil",
    "name:ko": "창경궁로8길",
    "id": "way/420348549"
  },
  "geometry": {
    "type": "LineString",
    "coordinates": [
      [
        126.9979624,
        37.5684632
      ],
      [
        126.9981122,
        37.568467
      ],
      [
        126.9982349,
        37.5684702
      ],
      [
        126.9983025,
        37.568481
      ],
      [
        126.9985021,
        37.5685259
      ],
      [
        126.9985941,
        37.5685501
      ],
      [
        126.9990286,
        37.5687002
      ],
      [
        126.9992867,
        37.5687628
      ],
      [
        126.9992952,
        37.5687642
      ],
      [
        126.9996735,
        37.5688032
      ],
      [
        126.9997166,
        37.5688076
      ],
      [
        126.9997289,
        37.5687218
      ],
      [
        126.9999149,
        37.5687258
      ],
      [
        127.0001061,
        37.5687299
      ]
    ]
  }
},
{
  "type": "Feature",
  "id": "way/420383141",
  "properties": {
    "highway": "secondary",
    "maxspeed": "50",
    "maxspeed:type": "sign",
    "name": "충무로",
    "name:en": "Chungmu-ro",
    "name:ja": "忠武路",
    "name:ja-Hira": "チュンムロ",
    "name:ko": "충무로",
    "oneway": "yes",
    "sidewalk": "both",
    "surface": "asphalt",
    "id": "way/420383141"
  },
  "geometry": {
    "type": "LineString",
    "coordinates": [
      [
        126.992626,
        37.566429
      ],
      [
        126.9925734,
        37.5669222
      ],
      [
        126.9925184,
        37.5674541
      ],
      [
        126.9924826,
        37.5677732
      ],
      [
        126.9924368,
        37.5681812
      ]
    ]
  }
},
{
  "type": "Feature",
  "id": "way/420391195",
  "properties": {
    "highway": "residential",
    "name": "청계천로",
    "name:en": "Cheonggyecheon-ro",
    "name:ko": "청계천로",
    "id": "way/420391195"
  },
  "geometry": {
    "type": "LineString",
    "coordinates": [
      [
        126.9961068,
        37.5684966
      ],
      [
        126.9962052,
        37.5677243
      ]
    ]
  }
},
{
  "type": "Feature",
  "id": "way/424940172",
  "properties": {
    "highway": "secondary",
    "lanes": "8",
    "lanes:backward": "3",
    "lanes:forward": "5",
    "name": "남대문로",
    "name:en": "Namdaemun-ro",
    "name:ja": "南大門路",
    "name:ko": "남대문로",
    "surface": "asphalt",
    "id": "way/424940172"
  },
  "geometry": {
    "type": "LineString",
    "coordinates": [
      [
        126.9827769,
        37.5690066
      ],
      [
        126.9827849,
        37.5690741
      ]
    ]
  }
},
{
  "type": "Feature",
  "id": "way/469260694",
  "properties": {
    "highway": "secondary",
    "horse": "no",
    "lanes": "2",
    "name": "무교로",
    "name:en": "Mugyo-ro",
    "name:ja": "武橋路",
    "name:ko": "무교로",
    "name:ko-Kana": "ムギョロ",
    "oneway": "yes",
    "surface": "asphalt",
    "id": "way/469260694"
  },
  "geometry": {
    "type": "LineString",
    "coordinates": [
      [
        126.9789782,
        37.5660099
      ],
      [
        126.9790329,
        37.5661066
      ],
      [
        126.9790961,
        37.5661748
      ],
      [
        126.9791423,
        37.5662463
      ],
      [
        126.9791478,
        37.5663641
      ],
      [
        126.9791959,
        37.5668992
      ],
      [
        126.9791977,
        37.5669982
      ],
      [
        126.9792257,
        37.5675337
      ],
      [
        126.9792495,
        37.5678811
      ],
      [
        126.9792536,
        37.5681216
      ],
      [
        126.9792579,
        37.5683165
      ],
      [
        126.9792631,
        37.5686313
      ],
      [
        126.9792757,
        37.5688656
      ],
      [
        126.9792816,
        37.5689741
      ]
    ]
  }
},
{
  "type": "Feature",
  "id": "way/469265198",
  "properties": {
    "highway": "residential",
    "lanes": "2",
    "maxspeed": "30",
    "maxspeed:type": "sign",
    "name": "종로",
    "name:en": "Jong-ro",
    "name:ko": "종로",
    "oneway": "yes",
    "surface": "paving_stones",
    "id": "way/469265198"
  },
  "geometry": {
    "type": "LineString",
    "coordinates": [
      [
        126.9784327,
        37.5701407
      ],
      [
        126.9784302,
        37.5700544
      ],
      [
        126.9784105,
        37.5693319
      ]
    ]
  }
},
{
  "type": "Feature",
  "id": "way/482167259",
  "properties": {
    "highway": "primary",
    "lane_markings": "yes",
    "layer": "1",
    "maxspeed": "50",
    "maxspeed:type": "sign",
    "name": "동호로",
    "name:en": "Dongho-ro",
    "name:ko": "동호로",
    "ref": "41",
    "surface": "asphalt",
    "id": "way/482167259"
  },
  "geometry": {
    "type": "LineString",
    "coordinates": [
      [
        127.0020423,
        37.5694343
      ],
      [
        127.0020397,
        37.5694731
      ]
    ]
  }
},
{
  "type": "Feature",
  "id": "way/482167260",
  "properties": {
    "highway": "primary",
    "maxspeed": "50",
    "maxspeed:type": "sign",
    "name": "동호로",
    "name:en": "Dongho-ro",
    "name:ko": "동호로",
    "ref": "41",
    "surface": "asphalt",
    "id": "way/482167260"
  },
  "geometry": {
    "type": "LineString",
    "coordinates": [
      [
        127.0020214,
        37.5697636
      ],
      [
        127.0019568,
        37.5703796
      ]
    ]
  }
},
{
  "type": "Feature",
  "id": "way/506162633",
  "properties": {
    "bridge": "yes",
    "bridge:name": "관수교",
    "bridge:name:ko": "관수교",
    "highway": "secondary",
    "layer": "1",
    "name:en": "Gwansugyo Bridge",
    "id": "way/506162633"
  },
  "geometry": {
    "type": "LineString",
    "coordinates": [
      [
        126.9923753,
        37.5685537
      ],
      [
        126.9924368,
        37.5681812
      ]
    ]
  }
},
{
  "type": "Feature",
  "id": "way/506246957",
  "properties": {
    "addr:city": "서울특별시",
    "addr:district": "중구",
    "id": "way/506246957"
  },
  "geometry": {
    "type": "LineString",
    "coordinates": [
      [
        126.9982776,
        37.5685956
      ],
      [
        126.9982245,
        37.5687338
      ],
      [
        126.9981786,
        37.5687232
      ],
      [
        126.9981055,
        37.5686225
      ],
      [
        126.9981141,
        37.5685819
      ],
      [
        126.9982776,
        37.5685956
      ]
    ]
  }
},
{
  "type": "Feature",
  "id": "way/506246961",
  "properties": {
    "highway": "residential",
    "noname": "yes",
    "id": "way/506246961"
  },
  "geometry": {
    "type": "LineString",
    "coordinates": [
      [
        126.9820499,
        37.5687887
      ],
      [
        126.9820487,
        37.5687474
      ],
      [
        126.9820365,
        37.5683271
      ],
      [
        126.9820259,
        37.5679833
      ]
    ]
  }
},
{
  "type": "Feature",
  "id": "way/506252730",
  "properties": {
    "highway": "residential",
    "noname": "yes",
    "oneway": "yes",
    "id": "way/506252730"
  },
  "geometry": {
    "type": "LineString",
    "coordinates": [
      [
        126.9806982,
        37.5692016
      ],
      [
        126.9806932,
        37.5695546
      ],
      [
        126.9799166,
        37.5695641
      ]
    ]
  }
},
{
  "type": "Feature",
  "id": "way/506252749",
  "properties": {
    "crossing": "marked",
    "crossing:markings": "zebra",
    "footway": "crossing",
    "highway": "footway",
    "id": "way/506252749"
  },
  "geometry": {
    "type": "LineString",
    "coordinates": [
      [
        126.9791451,
        37.5690278
      ],
      [
        126.9791406,
        37.568985
      ],
      [
        126.9791386,
        37.5689633
      ]
    ]
  }
},
{
  "type": "Feature",
  "id": "way/506252752",
  "properties": {
    "crossing": "marked",
    "crossing:markings": "zebra",
    "footway": "crossing",
    "highway": "footway",
    "id": "way/506252752"
  },
  "geometry": {
    "type": "LineString",
    "coordinates": [
      [
        126.9794117,
        37.5690176
      ],
      [
        126.9794041,
        37.5689617
      ],
      [
        126.9794016,
        37.568929
      ]
    ]
  }
},
{
  "type": "Feature",
  "id": "way/506692238",
  "properties": {
    "crossing": "marked",
    "crossing:markings": "zebra",
    "footway": "crossing",
    "highway": "footway",
    "name": "탈출 사다리",
    "id": "way/506692238"
  },
  "geometry": {
    "type": "LineString",
    "coordinates": [
      [
        126.9896719,
        37.5681964
      ],
      [
        126.9896642,
        37.5682765
      ]
    ]
  }
},
{
  "type": "Feature",
  "id": "way/517641026",
  "properties": {
    "highway": "secondary",
    "name": "돈화문로",
    "name:en": "Donhwamun-ro",
    "name:ja": "敦化門路",
    "name:ko": "돈화문로",
    "name:ko-Latn": "Donhwamunno",
    "oneway": "yes",
    "id": "way/517641026"
  },
  "geometry": {
    "type": "LineString",
    "coordinates": [
      [
        126.9923753,
        37.5685537
      ],
      [
        126.992265,
        37.5691087
      ],
      [
        126.9922502,
        37.5692801
      ],
      [
        126.9922355,
        37.5695822
      ],
      [
        126.9922225,
        37.5698519
      ],
      [
        126.9922156,
        37.5699961
      ],
      [
        126.9921938,
        37.5702889
      ],
      [
        126.9921882,
        37.5703256
      ],
      [
        126.9921827,
        37.5703619
      ],
      [
        126.9921671,
        37.5704048
      ]
    ]
  }
},
{
  "type": "Feature",
  "id": "way/517706841",
  "properties": {
    "highway": "primary",
    "maxspeed": "50",
    "maxspeed:type": "sign",
    "name": "삼일대로",
    "name:en": "Samil-daero",
    "name:ja": "三一大路",
    "name:ko": "삼일대로",
    "name:ko-Latn": "Samil-daero",
    "oneway": "yes",
    "sidewalk": "right",
    "surface": "asphalt",
    "wikidata": "Q12600302",
    "wikipedia": "ko:삼일대로",
    "id": "way/517706841"
  },
  "geometry": {
    "type": "LineString",
    "coordinates": [
      [
        126.9876396,
        37.5701691
      ],
      [
        126.9876389,
        37.5701
      ],
      [
        126.9876298,
        37.5697302
      ],
      [
        126.987627,
        37.5696154
      ],
      [
        126.9876216,
        37.5693851
      ],
      [
        126.9876178,
        37.5691646
      ],
      [
        126.9875918,
        37.5688157
      ],
      [
        126.987555,
        37.568307
      ]
    ]
  }
},
{
  "type": "Feature",
  "id": "way/565107358",
  "properties": {
    "admin_level": "6",
    "boundary": "administrative",
    "id": "way/565107358"
  },
  "geometry": {
    "type": "LineString",
    "coordinates": [
      [
        126.9826472,
        37.5690576
      ],
      [
        126.9820847,
        37.5690672
      ],
      [
        126.9807637,
        37.569013
      ],
      [
        126.979927,
        37.569079
      ]
    ]
  }
},
{
  "type": "Feature",
  "id": "way/565107359",
  "properties": {
    "boundary": "legal",
    "id": "way/565107359"
  },
  "geometry": {
    "type": "LineString",
    "coordinates": [
      [
        126.9830355,
        37.5700164
      ],
      [
        126.9829194,
        37.5689987
      ]
    ]
  }
},
{
  "type": "Feature",
  "id": "way/565405121",
  "properties": {
    "admin_level": "6",
    "boundary": "administrative",
    "id": "way/565405121"
  },
  "geometry": {
    "type": "LineString",
    "coordinates": [
      [
        126.9946218,
        37.5685102
      ],
      [
        126.993225,
        37.5684057
      ],
      [
        126.9923198,
        37.568329
      ]
    ]
  }
},
{
  "type": "Feature",
  "id": "way/565405122",
  "properties": {
    "boundary": "legal",
    "id": "way/565405122"
  },
  "geometry": {
    "type": "LineString",
    "coordinates": [
      [
        126.9963543,
        37.5686659
      ],
      [
        126.9963417,
        37.5688283
      ],
      [
        126.9962983,
        37.568979
      ],
      [
        126.9961918,
        37.5690987
      ],
      [
        126.9960177,
        37.5693169
      ],
      [
        126.9959461,
        37.5693922
      ],
      [
        126.9958633,
        37.5694427
      ],
      [
        126.9956937,
        37.5695572
      ],
      [
        126.9956277,
        37.5696041
      ],
      [
        126.9955879,
        37.5696329
      ],
      [
        126.9954897,
        37.5697258
      ],
      [
        126.995435,
        37.5697944
      ],
      [
        126.9954217,
        37.5698591
      ],
      [
        126.9954074,
        37.5699286
      ],
      [
        126.9953839,
        37.5701278
      ]
    ]
  }
},
{
  "type": "Feature",
  "id": "way/565405123",
  "properties": {
    "admin_level": "6",
    "boundary": "administrative",
    "id": "way/565405123"
  },
  "geometry": {
    "type": "LineString",
    "coordinates": [
      [
        126.9923198,
        37.568329
      ],
      [
        126.9909154,
        37.5681986
      ]
    ]
  }
},
{
  "type": "Feature",
  "id": "way/565405125",
  "properties": {
    "id": "way/565405125"
  },
  "geometry": {
    "type": "LineString",
    "coordinates": [
      [
        126.9923133,
        37.5700037
      ],
      [
        126.992324,
        37.569638
      ],
      [
        126.992206,
        37.5695487
      ],
      [
        126.9922328,
        37.5693999
      ],
      [
        126.9921255,
        37.5692936
      ],
      [
        126.9923198,
        37.568329
      ]
    ]
  }
},
{
  "type": "Feature",
  "id": "way/565405126",
  "properties": {
    "id": "way/565405126"
  },
  "geometry": {
    "type": "LineString",
    "coordinates": [
      [
        127.0062291,
        37.571637
      ],
      [
        127.0063321,
        37.5709287
      ],
      [
        127.006655,
        37.5701695
      ],
      [
        127.006921,
        37.5696605
      ]
    ]
  }
},
{
  "type": "Feature",
  "id": "way/565405128",
  "properties": {
    "admin_level": "6",
    "boundary": "administrative",
    "id": "way/565405128"
  },
  "geometry": {
    "type": "LineString",
    "coordinates": [
      [
        127.006921,
        37.5696605
      ],
      [
        127.0053763,
        37.5696182
      ]
    ]
  }
},
{
  "type": "Feature",
  "id": "way/565405133",
  "properties": {
    "admin_level": "8",
    "boundary": "administrative",
    "id": "way/565405133"
  },
  "geometry": {
    "type": "LineString",
    "coordinates": [
      [
        127.0008739,
        37.5703031
      ],
      [
        127.0014811,
        37.5696848
      ],
      [
        127.0014841,
        37.5695041
      ]
    ]
  }
},
{
  "type": "Feature",
  "id": "way/565405142",
  "properties": {
    "boundary": "legal",
    "id": "way/565405142"
  },
  "geometry": {
    "type": "LineString",
    "coordinates": [
      [
        126.9885769,
        37.5696487
      ],
      [
        126.9886118,
        37.5695402
      ],
      [
        126.9885528,
        37.5694488
      ],
      [
        126.9886869,
        37.5693042
      ],
      [
        126.9889447,
        37.5681246
      ]
    ]
  }
},
{
  "type": "Feature",
  "id": "way/565405145",
  "properties": {
    "admin_level": "6",
    "boundary": "administrative",
    "id": "way/565405145"
  },
  "geometry": {
    "type": "LineString",
    "coordinates": [
      [
        126.9909154,
        37.5681986
      ],
      [
        126.9899115,
        37.5681428
      ],
      [
        126.9889447,
        37.5681246
      ]
    ]
  }
},
{
  "type": "Feature",
  "id": "way/570475582",
  "properties": {
    "boundary": "legal",
    "id": "way/570475582"
  },
  "geometry": {
    "type": "LineString",
    "coordinates": [
      [
        126.9945626,
        37.5669933
      ],
      [
        126.9946448,
        37.5677943
      ],
      [
        126.9946468,
        37.5678517
      ],
      [
        126.9946218,
        37.5685102
      ]
    ]
  }
},
{
  "type": "Feature",
  "id": "way/570475596",
  "properties": {
    "admin_level": "8",
    "boundary": "administrative",
    "id": "way/570475596"
  },
  "geometry": {
    "type": "LineString",
    "coordinates": [
      [
        127.0044823,
        37.5681097
      ],
      [
        127.0045522,
        37.5682157
      ],
      [
        127.0045951,
        37.5687472
      ],
      [
        127.004866,
        37.5690321
      ],
      [
        127.0049545,
        37.568962
      ],
      [
        127.0051289,
        37.5689896
      ],
      [
        127.0051369,
        37.5691299
      ],
      [
        127.0052147,
        37.5692511
      ],
      [
        127.0053703,
        37.5692787
      ],
      [
        127.0053763,
        37.5696182
      ]
    ]
  }
},
{
  "type": "Feature",
  "id": "way/570475606",
  "properties": {
    "admin_level": "6",
    "boundary": "administrative",
    "id": "way/570475606"
  },
  "geometry": {
    "type": "LineString",
    "coordinates": [
      [
        126.9963543,
        37.5686659
      ],
      [
        126.9946218,
        37.5685102
      ]
    ]
  }
},
{
  "type": "Feature",
  "id": "way/570475608",
  "properties": {
    "admin_level": "8",
    "boundary": "administrative",
    "id": "way/570475608"
  },
  "geometry": {
    "type": "LineString",
    "coordinates": [
      [
        126.9909105,
        37.5680797
      ],
      [
        126.9909154,
        37.5681986
      ]
    ]
  }
},
{
  "type": "Feature",
  "id": "way/570475610",
  "properties": {
    "boundary": "legal",
    "id": "way/570475610"
  },
  "geometry": {
    "type": "LineString",
    "coordinates": [
      [
        126.9909105,
        37.5680797
      ],
      [
        126.9909494,
        37.5680855
      ],
      [
        126.9909018,
        37.5673579
      ],
      [
        126.9910587,
        37.5673574
      ],
      [
        126.9910942,
        37.567318
      ],
      [
        126.9913255,
        37.5673244
      ],
      [
        126.9913483,
        37.5672846
      ],
      [
        126.9913347,
        37.5672123
      ],
      [
        126.9915003,
        37.5672218
      ],
      [
        126.9916197,
        37.5672832
      ],
      [
        126.991813,
        37.5673935
      ],
      [
        126.9919525,
        37.5674312
      ],
      [
        126.9920638,
        37.5674355
      ],
      [
        126.9922201,
        37.5673999
      ],
      [
        126.9921952,
        37.567326
      ],
      [
        126.9921168,
        37.5673265
      ],
      [
        126.9921349,
        37.5673042
      ],
      [
        126.9921852,
        37.5673042
      ],
      [
        126.9921517,
        37.5672266
      ],
      [
        126.9921932,
        37.5672186
      ],
      [
        126.9922817,
        37.5674328
      ],
      [
        126.9924829,
        37.5674483
      ],
      [
        126.9925627,
        37.567299
      ],
      [
        126.9930241,
        37.567299
      ],
      [
        126.9930737,
        37.5674132
      ],
      [
        126.9931675,
        37.567545
      ],
      [
        126.9933258,
        37.5674525
      ],
      [
        126.9935068,
        37.5674142
      ],
      [
        126.9934693,
        37.5672877
      ],
      [
        126.993476,
        37.5672218
      ],
      [
        126.9940487,
        37.567191
      ],
      [
        126.9940393,
        37.5670305
      ],
      [
        126.9941318,
        37.5669497
      ],
      [
        126.9943625,
        37.5669327
      ],
      [
        126.9943839,
        37.5670231
      ],
      [
        126.9945626,
        37.5669933
      ]
    ]
  }
},
{
  "type": "Feature",
  "id": "way/570475688",
  "properties": {
    "id": "way/570475688"
  },
  "geometry": {
    "type": "LineString",
    "coordinates": [
      [
        126.98842,
        37.5667392
      ],
      [
        126.9884093,
        37.5673398
      ],
      [
        126.9879976,
        37.5673537
      ],
      [
        126.9879882,
        37.5674227
      ],
      [
        126.988176,
        37.567865
      ],
      [
        126.9882269,
        37.5680818
      ],
      [
        126.9882282,
        37.5681428
      ]
    ]
  }
},
{
  "type": "Feature",
  "id": "way/570475690",
  "properties": {
    "admin_level": "8",
    "boundary": "administrative",
    "id": "way/570475690"
  },
  "geometry": {
    "type": "LineString",
    "coordinates": [
      [
        126.9897084,
        37.5667719
      ],
      [
        126.9908769,
        37.5668253
      ],
      [
        126.9908354,
        37.5673377
      ],
      [
        126.9909105,
        37.5680797
      ]
    ]
  }
},
{
  "type": "Feature",
  "id": "way/570475694",
  "properties": {
    "id": "way/570475694"
  },
  "geometry": {
    "type": "LineString",
    "coordinates": [
      [
        126.985715,
        37.5670124
      ],
      [
        126.9857298,
        37.5679521
      ],
      [
        126.9861797,
        37.5680675
      ],
      [
        126.9861831,
        37.5681461
      ]
    ]
  }
},
{
  "type": "Feature",
  "id": "way/570475697",
  "properties": {
    "admin_level": "6",
    "boundary": "administrative",
    "id": "way/570475697"
  },
  "geometry": {
    "type": "LineString",
    "coordinates": [
      [
        126.9882282,
        37.5681428
      ],
      [
        126.9867479,
        37.5682341
      ],
      [
        126.9865891,
        37.5682536
      ],
      [
        126.9864727,
        37.5682731
      ]
    ]
  }
},
{
  "type": "Feature",
  "id": "way/570475701",
  "properties": {
    "boundary": "legal",
    "id": "way/570475701"
  },
  "geometry": {
    "type": "LineString",
    "coordinates": [
      [
        126.9832152,
        37.5669795
      ],
      [
        126.9841325,
        37.5675386
      ],
      [
        126.9846073,
        37.5677374
      ],
      [
        126.9857074,
        37.5679984
      ],
      [
        126.9857961,
        37.5680167
      ],
      [
        126.9861831,
        37.5681461
      ]
    ]
  }
},
{
  "type": "Feature",
  "id": "way/570475703",
  "properties": {
    "boundary": "legal",
    "id": "way/570475703"
  },
  "geometry": {
    "type": "LineString",
    "coordinates": [
      [
        126.9861831,
        37.5681461
      ],
      [
        126.9863648,
        37.5682088
      ],
      [
        126.9864727,
        37.5682731
      ]
    ]
  }
},
{
  "type": "Feature",
  "id": "way/570475715",
  "properties": {
    "boundary": "legal",
    "id": "way/570475715"
  },
  "geometry": {
    "type": "LineString",
    "coordinates": [
      [
        126.9824991,
        37.5667467
      ],
      [
        126.9825822,
        37.5684156
      ],
      [
        126.9825675,
        37.5686069
      ],
      [
        126.9825849,
        37.5689141
      ],
      [
        126.9826472,
        37.5690576
      ]
    ]
  }
},
{
  "type": "Feature",
  "id": "way/570475719",
  "properties": {
    "admin_level": "6",
    "boundary": "administrative",
    "id": "way/570475719"
  },
  "geometry": {
    "type": "LineString",
    "coordinates": [
      [
        126.9864727,
        37.5682731
      ],
      [
        126.9832563,
        37.5689257
      ]
    ]
  }
},
{
  "type": "Feature",
  "id": "way/570475721",
  "properties": {
    "admin_level": "6",
    "boundary": "administrative",
    "id": "way/570475721"
  },
  "geometry": {
    "type": "LineString",
    "coordinates": [
      [
        126.9832563,
        37.5689257
      ],
      [
        126.9829194,
        37.5689987
      ]
    ]
  }
},
{
  "type": "Feature",
  "id": "way/570475723",
  "properties": {
    "boundary": "legal",
    "id": "way/570475723"
  },
  "geometry": {
    "type": "LineString",
    "coordinates": [
      [
        126.9832563,
        37.5689257
      ],
      [
        126.9832085,
        37.5687387
      ],
      [
        126.9831736,
        37.5680074
      ],
      [
        126.9832286,
        37.5678554
      ],
      [
        126.983525,
        37.567883
      ],
      [
        126.9837101,
        37.5679287
      ],
      [
        126.9837356,
        37.5678044
      ],
      [
        126.9837946,
        37.5676439
      ],
      [
        126.9831522,
        37.5675599
      ],
      [
        126.9831347,
        37.5670943
      ],
      [
        126.9832152,
        37.5669795
      ]
    ]
  }
},
{
  "type": "Feature",
  "id": "way/570475726",
  "properties": {
    "admin_level": "6",
    "boundary": "administrative",
    "id": "way/570475726"
  },
  "geometry": {
    "type": "LineString",
    "coordinates": [
      [
        126.9829194,
        37.5689987
      ],
      [
        126.9826472,
        37.5690576
      ]
    ]
  }
},
{
  "type": "Feature",
  "id": "way/570475735",
  "properties": {
    "admin_level": "6",
    "boundary": "administrative",
    "id": "way/570475735"
  },
  "geometry": {
    "type": "LineString",
    "coordinates": [
      [
        126.979927,
        37.569079
      ],
      [
        126.9788855,
        37.5691612
      ],
      [
        126.9779742,
        37.5692505
      ]
    ]
  }
},
{
  "type": "Feature",
  "id": "way/570475737",
  "properties": {
    "boundary": "legal",
    "id": "way/570475737"
  },
  "geometry": {
    "type": "LineString",
    "coordinates": [
      [
        126.9798356,
        37.5669423
      ],
      [
        126.9798651,
        37.5686558
      ],
      [
        126.979927,
        37.569079
      ]
    ]
  }
},
{
  "type": "Feature",
  "id": "way/591142213",
  "properties": {
    "boundary": "legal",
    "id": "way/591142213"
  },
  "geometry": {
    "type": "LineString",
    "coordinates": [
      [
        127.0008963,
        37.5676821
      ],
      [
        127.0013255,
        37.5680861
      ],
      [
        127.0014749,
        37.5682329
      ],
      [
        127.0015077,
        37.5684975
      ],
      [
        127.0015132,
        37.5685219
      ],
      [
        127.0014355,
        37.5686601
      ],
      [
        127.0015186,
        37.5687855
      ],
      [
        127.0015267,
        37.5690513
      ],
      [
        127.0014841,
        37.5695041
      ]
    ]
  }
},
{
  "type": "Feature",
  "id": "way/591142218",
  "properties": {
    "boundary": "legal",
    "id": "way/591142218"
  },
  "geometry": {
    "type": "LineString",
    "coordinates": [
      [
        126.997844,
        37.5672325
      ],
      [
        126.9977903,
        37.5675822
      ],
      [
        126.9977555,
        37.5678798
      ],
      [
        126.9973907,
        37.5680265
      ],
      [
        126.9972075,
        37.5681125
      ],
      [
        126.9969545,
        37.5682703
      ],
      [
        126.9967604,
        37.5682965
      ],
      [
        126.9965994,
        37.5683072
      ],
      [
        126.9964197,
        37.5683667
      ],
      [
        126.9963795,
        37.5684454
      ],
      [
        126.9963543,
        37.5686659
      ]
    ]
  }
},
{
  "type": "Feature",
  "id": "way/608946831",
  "properties": {
    "bridge": "yes",
    "bridge:name": "마전교",
    "bridge:name:ko": "마전교",
    "highway": "primary",
    "lane_markings": "yes",
    "layer": "1",
    "maxspeed": "50",
    "maxspeed:type": "sign",
    "ref": "41",
    "surface": "asphalt",
    "id": "way/608946831"
  },
  "geometry": {
    "type": "LineString",
    "coordinates": [
      [
        127.0020397,
        37.5694731
      ],
      [
        127.0020223,
        37.5697327
      ]
    ]
  }
},
{
  "type": "Feature",
  "id": "way/608946832",
  "properties": {
    "highway": "primary",
    "maxspeed": "50",
    "maxspeed:type": "sign",
    "name": "동호로",
    "name:en": "Dongho-ro",
    "name:ko": "동호로",
    "ref": "41",
    "surface": "asphalt",
    "id": "way/608946832"
  },
  "geometry": {
    "type": "LineString",
    "coordinates": [
      [
        127.0020223,
        37.5697327
      ],
      [
        127.0020214,
        37.5697636
      ]
    ]
  }
},
{
  "type": "Feature",
  "id": "way/620634300",
  "properties": {
    "bridge": "yes",
    "bridge:structure": "beam",
    "cycleway:left": "no",
    "cycleway:right": "lane",
    "highway": "primary",
    "lane_markings": "yes",
    "layer": "1",
    "name": "배오개다리",
    "name:ko": "배오개다리",
    "oneway": "yes",
    "oneway:bicycle": "yes",
    "surface": "asphalt",
    "id": "way/620634300"
  },
  "geometry": {
    "type": "LineString",
    "coordinates": [
      [
        126.997927,
        37.568963
      ],
      [
        126.9979396,
        37.568739
      ]
    ]
  }
},
{
  "type": "Feature",
  "id": "way/620634305",
  "properties": {
    "bridge": "yes",
    "bridge:name": "모전교",
    "bridge:name:ko": "모전교",
    "highway": "secondary",
    "horse": "no",
    "lanes": "2",
    "layer": "1",
    "name:en": "Mojeongyo (Bridge)",
    "oneway": "yes",
    "surface": "asphalt",
    "id": "way/620634305"
  },
  "geometry": {
    "type": "LineString",
    "coordinates": [
      [
        126.9792872,
        37.569033
      ],
      [
        126.9793031,
        37.5692519
      ]
    ]
  }
},
{
  "type": "Feature",
  "id": "way/626418049",
  "properties": {
    "highway": "footway",
    "width": "8",
    "id": "way/626418049"
  },
  "geometry": {
    "type": "LineString",
    "coordinates": [
      [
        126.9952971,
        37.5686867
      ],
      [
        126.9952986,
        37.5686737
      ]
    ]
  }
},
{
  "type": "Feature",
  "id": "way/640794402",
  "properties": {
    "colour": "#32A1C8",
    "electrified": "contact_line",
    "frequency": "0",
    "gauge": "1435",
    "layer": "-4",
    "level": "-4",
    "level:ref": "B4",
    "name": "4호선",
    "name:en": "Line 4",
    "name:ja": "4号線",
    "name:ko": "4호선",
    "name:zh": "4號線",
    "name:zh-Hans": "4号线",
    "name:zh-Hant": "4號線",
    "network": "수도권 전철",
    "note": "Location of path is approximate based on locations of subway stations.",
    "operator": "서울교통공사",
    "operator:en": "Seoul Metro",
    "operator:ko": "서울교통공사",
    "operator:type": "public",
    "operator:wikidata": "Q28699048",
    "railway": "subway",
    "railway:atc": "yes",
    "railway:radio": "lte-r",
    "tracks": "1",
    "tunnel": "yes",
    "usage": "main",
    "voltage": "1500",
    "workrules": "KR:URA",
    "id": "way/640794402"
  },
  "geometry": {
    "type": "LineString",
    "coordinates": [
      [
        127.0082021,
        37.5722814
      ],
      [
        127.0089564,
        37.5714025
      ],
      [
        127.0091796,
        37.5711085
      ],
      [
        127.0094174,
        37.5707737
      ],
      [
        127.0095542,
        37.5705469
      ],
      [
        127.0096337,
        37.5704265
      ],
      [
        127.0097181,
        37.5702601
      ],
      [
        127.0098649,
        37.5698509
      ]
    ]
  }
},
{
  "type": "Feature",
  "id": "way/640794409",
  "properties": {
    "colour": "#32A1C8",
    "electrified": "contact_line",
    "frequency": "0",
    "gauge": "1435",
    "layer": "-2",
    "name": "4호선",
    "name:en": "Line 4",
    "name:ja": "4号線",
    "name:ko": "4호선",
    "name:zh": "4號線",
    "name:zh-Hans": "4号线",
    "name:zh-Hant": "4號線",
    "network": "수도권 전철",
    "note": "Location of path is approximate based on locations of subway stations.",
    "operator": "서울교통공사",
    "operator:en": "Seoul Metro",
    "operator:ko": "서울교통공사",
    "operator:type": "public",
    "operator:wikidata": "Q28699048",
    "railway": "subway",
    "railway:atc": "yes",
    "railway:radio": "lte-r",
    "tracks": "1",
    "tunnel": "yes",
    "usage": "main",
    "voltage": "1500",
    "workrules": "KR:URA",
    "id": "way/640794409"
  },
  "geometry": {
    "type": "LineString",
    "coordinates": [
      [
        127.0098649,
        37.5698509
      ],
      [
        127.0099285,
        37.5696021
      ],
      [
        127.0099516,
        37.5694015
      ],
      [
        127.00994,
        37.5691033
      ],
      [
        127.0099066,
        37.568857
      ],
      [
        127.0098788,
        37.5686733
      ],
      [
        127.0098373,
        37.5684632
      ],
      [
        127.0097945,
        37.5681388
      ],
      [
        127.0097302,
        37.5678662
      ],
      [
        127.0096212,
        37.567552
      ],
      [
        127.0095176,
        37.5673176
      ],
      [
        127.0094185,
        37.567113
      ],
      [
        127.009145,
        37.5666551
      ],
      [
        127.0089094,
        37.5661993
      ],
      [
        127.0086827,
        37.5658339
      ],
      [
        127.0083694,
        37.5654667
      ],
      [
        127.0080864,
        37.5651755
      ],
      [
        127.0077125,
        37.5647509
      ],
      [
        127.0074343,
        37.5644341
      ],
      [
        127.0073826,
        37.5643722
      ],
      [
        127.0073252,
        37.5643176
      ],
      [
        127.0072471,
        37.5642582
      ],
      [
        127.0071911,
        37.5642237
      ],
      [
        127.0071127,
        37.5641831
      ],
      [
        127.0070297,
        37.5641404
      ],
      [
        127.0068912,
        37.5640701
      ],
      [
        127.0066623,
        37.5639672
      ],
      [
        127.0065473,
        37.5639223
      ],
      [
        127.0064036,
        37.5638927
      ],
      [
        127.005953,
        37.5638549
      ],
      [
        127.0054948,
        37.5638027
      ],
      [
        127.0039433,
        37.5635001
      ],
      [
        127.001817,
        37.563002
      ],
      [
        126.9977826,
        37.5620569
      ],
      [
        126.9974814,
        37.5619889
      ],
      [
        126.996313,
        37.561725
      ]
    ]
  }
},
{
  "type": "Feature",
  "id": "way/641231861",
  "properties": {
    "electrified": "contact_line",
    "frequency": "0",
    "gauge": "1435",
    "layer": "-5",
    "level": "-5",
    "maxspeed": "100",
    "name": "5호선",
    "name:en": "Line 5",
    "name:es": "Línea 5",
    "name:ja": "5号線",
    "name:ko": "5호선",
    "name:zh": "5號線",
    "name:zh-Hans": "5号线",
    "name:zh-Hant": "5號線",
    "network": "수도권 전철",
    "operator": "서울교통공사",
    "operator:en": "Seoul Metro",
    "operator:ko": "서울교통공사",
    "operator:type": "public",
    "operator:wikidata": "Q28699048",
    "railway": "subway",
    "railway:atc": "yes",
    "railway:ato": "sto",
    "railway:radio": "lte-r",
    "tunnel": "yes",
    "usage": "main",
    "voltage": "1500",
    "workrules": "KR:URA",
    "id": "way/641231861"
  },
  "geometry": {
    "type": "LineString",
    "coordinates": [
      [
        127.0795354,
        37.5571224
      ],
      [
        127.0722806,
        37.5600068
      ],
      [
        127.0705533,
        37.5606064
      ],
      [
        127.0648416,
        37.5614211
      ],
      [
        127.0645907,
        37.5614569
      ],
      [
        127.0608678,
        37.5620225
      ],
      [
        127.0588401,
        37.5623797
      ],
      [
        127.0584705,
        37.5625541
      ],
      [
        127.0573676,
        37.5633449
      ],
      [
        127.0526477,
        37.5667984
      ],
      [
        127.0518583,
        37.567376
      ],
      [
        127.0497367,
        37.5689556
      ],
      [
        127.0494609,
        37.5690945
      ],
      [
        127.0491991,
        37.5691964
      ],
      [
        127.0489384,
        37.5692632
      ],
      [
        127.0486559,
        37.5692837
      ],
      [
        127.0483881,
        37.569237
      ],
      [
        127.048111,
        37.5691484
      ],
      [
        127.0473576,
        37.5687961
      ],
      [
        127.0467889,
        37.5684475
      ],
      [
        127.0429225,
        37.5660844
      ],
      [
        127.0417,
        37.5653727
      ],
      [
        127.0397401,
        37.5638977
      ],
      [
        127.0369505,
        37.5618095
      ],
      [
        127.0362693,
        37.5612996
      ],
      [
        127.0357909,
        37.5610151
      ],
      [
        127.0299795,
        37.5575595
      ],
      [
        127.0263708,
        37.5557968
      ],
      [
        127.0250159,
        37.5551394
      ],
      [
        127.024075,
        37.554724
      ],
      [
        127.0234891,
        37.554498
      ],
      [
        127.0231665,
        37.5544072
      ],
      [
        127.0227049,
        37.5543283
      ],
      [
        127.0218776,
        37.5542428
      ],
      [
        127.021383,
        37.5542233
      ],
      [
        127.0210451,
        37.5542445
      ],
      [
        127.0202557,
        37.5544039
      ],
      [
        127.0193392,
        37.554589
      ],
      [
        127.0184433,
        37.555027
      ],
      [
        127.0180399,
        37.5553366
      ],
      [
        127.0176709,
        37.5556735
      ],
      [
        127.0172417,
        37.5563751
      ],
      [
        127.0171291,
        37.5568429
      ],
      [
        127.0167696,
        37.5578593
      ],
      [
        127.0162976,
        37.5587098
      ],
      [
        127.0155734,
        37.5593817
      ],
      [
        127.0149136,
        37.5597878
      ],
      [
        127.0136945,
        37.5602418
      ],
      [
        127.0121692,
        37.5608446
      ],
      [
        127.0117236,
        37.5610665
      ],
      [
        127.0112132,
        37.5613532
      ],
      [
        127.0107481,
        37.561713
      ],
      [
        127.0104428,
        37.5619748
      ],
      [
        127.0098195,
        37.5625769
      ],
      [
        127.0094306,
        37.5629264
      ],
      [
        127.0090954,
        37.5632122
      ],
      [
        127.00863,
        37.5635338
      ],
      [
        127.0079087,
        37.5639283
      ],
      [
        127.007422,
        37.5641583
      ],
      [
        127.0072575,
        37.564204
      ],
      [
        127.0063895,
        37.5644824
      ],
      [
        127.0055339,
        37.5646546
      ],
      [
        127.0046219,
        37.5647439
      ],
      [
        127.0011163,
        37.56451
      ],
      [
        127.000486,
        37.5644611
      ],
      [
        127.0002526,
        37.5644803
      ],
      [
        126.9999522,
        37.5645653
      ],
      [
        126.9995284,
        37.5646971
      ],
      [
        126.9990349,
        37.5649778
      ],
      [
        126.9987827,
        37.5651351
      ],
      [
        126.9982409,
        37.5657347
      ],
      [
        126.9981363,
        37.5661131
      ],
      [
        126.9980713,
        37.5669307
      ],
      [
        126.9979188,
        37.5684863
      ],
      [
        126.9978671,
        37.5689178
      ],
      [
        126.997795,
        37.5693497
      ],
      [
        126.9977504,
        37.5698296
      ],
      [
        126.9977333,
        37.5700069
      ],
      [
        126.9976599,
        37.5702055
      ],
      [
        126.9975392,
        37.5703866
      ],
      [
        126.9973985,
        37.5705584
      ],
      [
        126.9971629,
        37.5707722
      ],
      [
        126.9969096,
        37.5709428
      ],
      [
        126.9966395,
        37.5711055
      ],
      [
        126.9960768,
        37.571361
      ],
      [
        126.995519,
        37.5715797
      ],
      [
        126.99488,
        37.5717862
      ],
      [
        126.9940479,
        37.5720615
      ],
      [
        126.993269,
        37.5722759
      ],
      [
        126.9931759,
        37.5723015
      ],
      [
        126.9926491,
        37.5724036
      ],
      [
        126.992118,
        37.5724631
      ]
    ]
  }
},
{
  "type": "Feature",
  "id": "way/656122968",
  "properties": {
    "bridge": "yes",
    "bridge:name": "광통교",
    "highway": "footway",
    "layer": "1",
    "website": "https://terms.naver.com/entry.nhn?docId=409724&cid=726&categoryId=1510",
    "id": "way/656122968"
  },
  "geometry": {
    "type": "LineString",
    "coordinates": [
      [
        126.9810292,
        37.5688852
      ],
      [
        126.9810441,
        37.5691276
      ]
    ]
  }
},
{
  "type": "Feature",
  "id": "way/656122969",
  "properties": {
    "highway": "footway",
    "id": "way/656122969"
  },
  "geometry": {
    "type": "LineString",
    "coordinates": [
      [
        126.9810441,
        37.5691276
      ],
      [
        126.9810434,
        37.5691476
      ],
      [
        126.9810187,
        37.5691802
      ],
      [
        126.9810156,
        37.5692043
      ]
    ]
  }
},
{
  "type": "Feature",
  "id": "way/656122970",
  "properties": {
    "bridge": "yes",
    "highway": "footway",
    "layer": "1",
    "surface": "wood",
    "id": "way/656122970"
  },
  "geometry": {
    "type": "LineString",
    "coordinates": [
      [
        126.9818527,
        37.5689963
      ],
      [
        126.9818311,
        37.5688599
      ]
    ]
  }
},
{
  "type": "Feature",
  "id": "way/656122971",
  "properties": {
    "highway": "footway",
    "layer": "1",
    "surface": "paving_stones",
    "id": "way/656122971"
  },
  "geometry": {
    "type": "LineString",
    "coordinates": [
      [
        126.9818311,
        37.5688599
      ],
      [
        126.9818286,
        37.5688422
      ]
    ]
  }
},
{
  "type": "Feature",
  "id": "way/656122978",
  "properties": {
    "highway": "path",
    "id": "way/656122978"
  },
  "geometry": {
    "type": "LineString",
    "coordinates": [
      [
        126.9856364,
        37.568254
      ],
      [
        126.9856204,
        37.5682036
      ]
    ]
  }
},
{
  "type": "Feature",
  "id": "way/656122979",
  "properties": {
    "highway": "path",
    "id": "way/656122979"
  },
  "geometry": {
    "type": "LineString",
    "coordinates": [
      [
        126.9857346,
        37.5685332
      ],
      [
        126.9857167,
        37.5684842
      ]
    ]
  }
},
{
  "type": "Feature",
  "id": "way/656122980",
  "properties": {
    "bridge": "yes",
    "highway": "primary",
    "layer": "1",
    "name": "삼일대로",
    "name:en": "Samil-daero",
    "name:ja": "三一大路",
    "name:ko": "삼일대로",
    "name:ko-Latn": "Samil-daero",
    "oneway": "yes",
    "surface": "asphalt",
    "wikidata": "Q12600302",
    "wikipedia": "ko:삼일대로",
    "id": "way/656122980"
  },
  "geometry": {
    "type": "LineString",
    "coordinates": [
      [
        126.9875513,
        37.5682407
      ],
      [
        126.9875469,
        37.5680529
      ]
    ]
  }
},
{
  "type": "Feature",
  "id": "way/656122981",
  "properties": {
    "highway": "primary",
    "lanes": "3",
    "maxspeed": "50",
    "maxspeed:type": "sign",
    "name": "삼일대로",
    "name:en": "Samil-daero",
    "name:ja": "三一大路",
    "name:ko": "삼일대로",
    "name:ko-Latn": "Samil-daero",
    "oneway": "yes",
    "surface": "asphalt",
    "wikidata": "Q12600302",
    "wikipedia": "ko:삼일대로",
    "id": "way/656122981"
  },
  "geometry": {
    "type": "LineString",
    "coordinates": [
      [
        126.9875469,
        37.5680529
      ],
      [
        126.987545,
        37.5679912
      ],
      [
        126.9875386,
        37.5677333
      ],
      [
        126.9874996,
        37.567158
      ],
      [
        126.9874704,
        37.5668339
      ],
      [
        126.987478,
        37.5667661
      ],
      [
        126.9874869,
        37.5666631
      ],
      [
        126.9875002,
        37.5664068
      ],
      [
        126.9875102,
        37.5662155
      ]
    ]
  }
},
{
  "type": "Feature",
  "id": "way/656122988",
  "properties": {
    "highway": "residential",
    "oneway": "yes",
    "id": "way/656122988"
  },
  "geometry": {
    "type": "LineString",
    "coordinates": [
      [
        126.9950887,
        37.5686554
      ],
      [
        126.9950818,
        37.5687294
      ]
    ]
  }
},
{
  "type": "Feature",
  "id": "way/656122990",
  "properties": {
    "highway": "residential",
    "oneway": "yes",
    "id": "way/656122990"
  },
  "geometry": {
    "type": "LineString",
    "coordinates": [
      [
        126.9954983,
        37.5687057
      ],
      [
        126.9954955,
        37.5686908
      ]
    ]
  }
},
{
  "type": "Feature",
  "id": "way/656122991",
  "properties": {
    "highway": "residential",
    "oneway": "yes",
    "id": "way/656122991"
  },
  "geometry": {
    "type": "LineString",
    "coordinates": [
      [
        126.9955428,
        37.5684624
      ],
      [
        126.9955568,
        37.568449
      ]
    ]
  }
},
{
  "type": "Feature",
  "id": "way/656122993",
  "properties": {
    "highway": "residential",
    "oneway": "yes",
    "id": "way/656122993"
  },
  "geometry": {
    "type": "LineString",
    "coordinates": [
      [
        126.9950982,
        37.5684118
      ],
      [
        126.9951032,
        37.5684221
      ]
    ]
  }
},
{
  "type": "Feature",
  "id": "way/656122994",
  "properties": {
    "highway": "footway",
    "id": "way/656122994"
  },
  "geometry": {
    "type": "LineString",
    "coordinates": [
      [
        127.0002271,
        37.5691833
      ],
      [
        127.0002389,
        37.569144
      ]
    ]
  }
},
{
  "type": "Feature",
  "id": "way/656122995",
  "properties": {
    "highway": "footway",
    "id": "way/656122995"
  },
  "geometry": {
    "type": "LineString",
    "coordinates": [
      [
        127.0001472,
        37.569441
      ],
      [
        127.0001605,
        37.5693931
      ]
    ]
  }
},
{
  "type": "Feature",
  "id": "way/656122996",
  "properties": {
    "bridge": "yes",
    "cycleway:left": "no",
    "cycleway:right": "shared_lane",
    "highway": "primary",
    "layer": "1",
    "name": "장충단로",
    "name:en": "Jangchungdan-ro",
    "name:ja": "奨忠壇路",
    "name:ko": "장충단로",
    "name:ko-Latn": "Jangchungdan-ro",
    "name:zh": "奖忠坛路",
    "name:zh-Hans": "奖忠坛路",
    "name:zh-Hant": "奬忠壇路",
    "oneway": "yes",
    "surface": "asphalt",
    "id": "way/656122996"
  },
  "geometry": {
    "type": "LineString",
    "coordinates": [
      [
        127.0097763,
        37.5696179
      ],
      [
        127.0097339,
        37.5699616
      ]
    ]
  }
},
{
  "type": "Feature",
  "id": "way/656122998",
  "properties": {
    "highway": "residential",
    "lit": "yes",
    "maxspeed": "30",
    "maxspeed:type": "sign",
    "name": "종로40길",
    "name:en": "Jong-ro 40-gil",
    "name:ko": "종로40길",
    "name:zh": "钟路40街",
    "name:zh-Hans": "钟路40街",
    "name:zh-Hant": "鐘路40街",
    "sidewalk": "both",
    "surface": "asphalt",
    "id": "way/656122998"
  },
  "geometry": {
    "type": "LineString",
    "coordinates": [
      [
        127.0066959,
        37.5697567
      ],
      [
        127.0067096,
        37.5698222
      ],
      [
        127.0067242,
        37.5703371
      ],
      [
        127.0067256,
        37.5703862
      ],
      [
        127.0067095,
        37.5709861
      ],
      [
        127.0067077,
        37.5710801
      ]
    ]
  }
},
{
  "type": "Feature",
  "id": "way/656122999",
  "properties": {
    "highway": "unclassified",
    "lit": "yes",
    "name": "청계천로",
    "surface": "asphalt",
    "id": "way/656122999"
  },
  "geometry": {
    "type": "LineString",
    "coordinates": [
      [
        127.0066192,
        37.5695061
      ],
      [
        127.006638,
        37.5695625
      ]
    ]
  }
},
{
  "type": "Feature",
  "id": "way/656123000",
  "properties": {
    "bridge": "yes",
    "bridge:name": "나래교",
    "highway": "pedestrian",
    "layer": "1",
    "lit": "no",
    "surface": "asphalt",
    "id": "way/656123000"
  },
  "geometry": {
    "type": "LineString",
    "coordinates": [
      [
        127.0045351,
        37.5695179
      ],
      [
        127.0045326,
        37.5697496
      ]
    ]
  }
},
{
  "type": "Feature",
  "id": "way/656123001",
  "properties": {
    "highway": "pedestrian",
    "id": "way/656123001"
  },
  "geometry": {
    "type": "LineString",
    "coordinates": [
      [
        127.0045326,
        37.5697496
      ],
      [
        127.0045322,
        37.5697876
      ]
    ]
  }
},
{
  "type": "Feature",
  "id": "way/732213462",
  "properties": {
    "highway": "primary",
    "lanes": "4",
    "name": "창경궁로",
    "name:en": "Changgyeonggung-ro",
    "name:ja": "昌慶宮路",
    "name:ko": "창경궁로",
    "name:ko-Latn": "Changgyeonggung-ro",
    "oneway": "yes",
    "surface": "asphalt",
    "id": "way/732213462"
  },
  "geometry": {
    "type": "LineString",
    "coordinates": [
      [
        126.9979243,
        37.5689866
      ],
      [
        126.997927,
        37.568963
      ]
    ]
  }
},
{
  "type": "Feature",
  "id": "way/732213463",
  "properties": {
    "bicycle": "designated",
    "cycleway:left": "track",
    "highway": "primary",
    "lanes": "2",
    "name": "청계천로",
    "name:en": "Cheonggyecheon-ro",
    "name:ja": "清渓川路",
    "name:ko": "청계천로",
    "name:ko-Latn": "Cheonggyecheon-ro",
    "oneway": "yes",
    "oneway:bicycle": "yes",
    "surface": "asphalt",
    "id": "way/732213463"
  },
  "geometry": {
    "type": "LineString",
    "coordinates": [
      [
        126.9979243,
        37.5689866
      ],
      [
        126.997548,
        37.5689213
      ],
      [
        126.9972482,
        37.568884
      ],
      [
        126.9968944,
        37.5688419
      ],
      [
        126.9968282,
        37.5688361
      ],
      [
        126.9963666,
        37.5687834
      ],
      [
        126.9962319,
        37.5687768
      ],
      [
        126.9955413,
        37.5687537
      ],
      [
        126.9950818,
        37.5687294
      ],
      [
        126.9946985,
        37.5687053
      ],
      [
        126.9945995,
        37.5686991
      ],
      [
        126.9944371,
        37.5686871
      ],
      [
        126.9937252,
        37.5686346
      ],
      [
        126.9930801,
        37.5685942
      ],
      [
        126.9927378,
        37.5685727
      ],
      [
        126.9923753,
        37.5685537
      ]
    ]
  }
},
{
  "type": "Feature",
  "id": "way/756850595",
  "properties": {
    "intermittent": "no",
    "name": "중학천(삼청동천)",
    "name:en": "Junghakcheon Stream",
    "name:ja": "中学川(チュンハクチョン)",
    "name:ko": "중학천(삼청동전)",
    "waterway": "stream",
    "wikidata": "Q16166563",
    "wikipedia": "ko:삼청동천",
    "id": "way/756850595"
  },
  "geometry": {
    "type": "LineString",
    "coordinates": [
      [
        126.9785739,
        37.5692176
      ],
      [
        126.9785975,
        37.5691438
      ]
    ]
  }
},
{
  "type": "Feature",
  "id": "way/756850596",
  "properties": {
    "intermittent": "no",
    "layer": "-1",
    "name": "중학천(삼청동천)",
    "name:en": "Junghakcheon Stream",
    "name:ja": "中学川(チュンハクチョン)",
    "name:ko": "중학천(삼청동전)",
    "tunnel": "culvert",
    "waterway": "stream",
    "wikidata": "Q16166563",
    "wikipedia": "ko:삼청동천",
    "id": "way/756850596"
  },
  "geometry": {
    "type": "LineString",
    "coordinates": [
      [
        126.9785493,
        37.5703572
      ],
      [
        126.978552,
        37.5702583
      ],
      [
        126.9785234,
        37.5701806
      ],
      [
        126.9785055,
        37.5701317
      ],
      [
        126.9784209,
        37.5699015
      ],
      [
        126.9783994,
        37.5693488
      ],
      [
        126.9785739,
        37.5692176
      ]
    ]
  }
},
{
  "type": "Feature",
  "id": "way/759395654",
  "properties": {
    "id": "way/759395654"
  },
  "geometry": {
    "type": "LineString",
    "coordinates": [
      [
        127.0100054,
        37.5696356
      ],
      [
        127.0099975,
        37.5696354
      ],
      [
        127.0099455,
        37.5696404
      ],
      [
        127.0098454,
        37.5696374
      ],
      [
        127.0098276,
        37.5696551
      ],
      [
        127.0098104,
        37.5698825
      ],
      [
        127.0098271,
        37.5698946
      ],
      [
        127.0099191,
        37.5698932
      ],
      [
        127.0099919,
        37.5698985
      ],
      [
        127.0100004,
        37.5698769
      ],
      [
        127.010002,
        37.5698726
      ],
      [
        127.0100135,
        37.5698353
      ],
      [
        127.0100241,
        37.5697833
      ],
      [
        127.010023,
        37.5697154
      ],
      [
        127.01001,
        37.5696515
      ],
      [
        127.0100054,
        37.5696356
      ]
    ]
  }
},
{
  "type": "Feature",
  "id": "way/760259687",
  "properties": {
    "id": "way/760259687"
  },
  "geometry": {
    "type": "LineString",
    "coordinates": [
      [
        127.009319,
        37.5698513
      ],
      [
        127.0093169,
        37.5698398
      ],
      [
        127.0093144,
        37.5698227
      ],
      [
        127.009314,
        37.5698057
      ],
      [
        127.0093137,
        37.5697903
      ],
      [
        127.0093144,
        37.5697702
      ],
      [
        127.0093159,
        37.5697469
      ],
      [
        127.0093175,
        37.5697313
      ],
      [
        127.0093217,
        37.5697125
      ],
      [
        127.0093275,
        37.569684
      ],
      [
        127.0093347,
        37.5696598
      ],
      [
        127.0093422,
        37.5696375
      ],
      [
        127.0094589,
        37.5696456
      ],
      [
        127.0095208,
        37.5696499
      ]
    ]
  }
},
{
  "type": "Feature",
  "id": "way/765967587",
  "properties": {
    "bridge": "yes",
    "ele": "15",
    "highway": "footway",
    "layer": "3",
    "name": "세운상가 공중보행데크",
    "surface": "concrete",
    "width": "3",
    "id": "way/765967587"
  },
  "geometry": {
    "type": "LineString",
    "coordinates": [
      [
        126.9955223,
        37.5683519
      ],
      [
        126.9955102,
        37.5685662
      ],
      [
        126.9955035,
        37.5686854
      ],
      [
        126.9954959,
        37.5687402
      ],
      [
        126.9954948,
        37.5687481
      ],
      [
        126.9954914,
        37.5687723
      ],
      [
        126.9954855,
        37.5688426
      ],
      [
        126.995452,
        37.5691956
      ],
      [
        126.995429,
        37.5694476
      ],
      [
        126.9954044,
        37.5696844
      ],
      [
        126.995279,
        37.5696729
      ],
      [
        126.9952292,
        37.5696713
      ],
      [
        126.9950635,
        37.5696626
      ],
      [
        126.9950692,
        37.569593
      ],
      [
        126.9950787,
        37.5694146
      ],
      [
        126.9951154,
        37.5688273
      ],
      [
        126.9951266,
        37.5686267
      ],
      [
        126.9951378,
        37.5683275
      ]
    ]
  }
},
{
  "type": "Feature",
  "id": "way/767528816",
  "properties": {
    "bridge": "yes",
    "highway": "footway",
    "layer": "1",
    "id": "way/767528816"
  },
  "geometry": {
    "type": "LineString",
    "coordinates": [
      [
        126.9951378,
        37.5683275
      ],
      [
        126.9955223,
        37.5683519
      ]
    ]
  }
},
{
  "type": "Feature",
  "id": "way/767528817",
  "properties": {
    "bridge": "yes",
    "highway": "footway",
    "layer": "1",
    "id": "way/767528817"
  },
  "geometry": {
    "type": "LineString",
    "coordinates": [
      [
        126.9954855,
        37.5688426
      ],
      [
        126.9952699,
        37.5688315
      ],
      [
        126.9951491,
        37.5688276
      ],
      [
        126.9951154,
        37.5688273
      ]
    ]
  }
},
{
  "type": "Feature",
  "id": "way/768400769",
  "properties": {
    "bridge": "yes",
    "highway": "footway",
    "layer": "1",
    "id": "way/768400769"
  },
  "geometry": {
    "type": "LineString",
    "coordinates": [
      [
        126.9950783,
        37.5685583
      ],
      [
        126.9950736,
        37.568599
      ],
      [
        126.9951055,
        37.5686173
      ],
      [
        126.9951266,
        37.5686267
      ]
    ]
  }
},
{
  "type": "Feature",
  "id": "way/769631455",
  "properties": {
    "name": "청계천",
    "name:el": "Τσόνγκιετσον",
    "name:en": "Cheonggyecheon (Stream)",
    "name:ja": "清渓川",
    "name:ko": "청계천",
    "name:ko-Hani": "淸溪川",
    "name:zh": "清溪川",
    "name:zh-Hant": "清溪川",
    "waterway": "river",
    "wikidata": "Q495437",
    "wikipedia": "ko:청계천",
    "id": "way/769631455"
  },
  "geometry": {
    "type": "LineString",
    "coordinates": [
      [
        127.0093071,
        37.5697923
      ],
      [
        127.0100308,
        37.5697682
      ],
      [
        127.0105226,
        37.5697636
      ],
      [
        127.0123521,
        37.5697464
      ],
      [
        127.0149692,
        37.5697417
      ],
      [
        127.0153425,
        37.569741
      ],
      [
        127.0155904,
        37.5697406
      ],
      [
        127.0156491,
        37.5697458
      ],
      [
        127.0160978,
        37.5697854
      ],
      [
        127.0167624,
        37.5699516
      ],
      [
        127.0175041,
        37.5702226
      ],
      [
        127.0188358,
        37.5709441
      ],
      [
        127.0191272,
        37.5710854
      ],
      [
        127.0203224,
        37.571584
      ],
      [
        127.0211015,
        37.571815
      ],
      [
        127.0218813,
        37.5719088
      ],
      [
        127.0223862,
        37.5718956
      ],
      [
        127.0228377,
        37.5718142
      ],
      [
        127.0243385,
        37.5714025
      ],
      [
        127.025239,
        37.5711508
      ],
      [
        127.0252678,
        37.5711428
      ],
      [
        127.0257493,
        37.5710083
      ],
      [
        127.0276164,
        37.5704501
      ],
      [
        127.0296375,
        37.5698946
      ],
      [
        127.0305836,
        37.569714
      ],
      [
        127.0308563,
        37.5697059
      ],
      [
        127.0311691,
        37.5697223
      ],
      [
        127.0316684,
        37.5698362
      ],
      [
        127.0319956,
        37.5699425
      ],
      [
        127.0322451,
        37.5700403
      ],
      [
        127.0326045,
        37.5701807
      ],
      [
        127.0336667,
        37.5708695
      ],
      [
        127.0346108,
        37.5715157
      ],
      [
        127.0355345,
        37.5719665
      ],
      [
        127.0358602,
        37.5720608
      ],
      [
        127.036999,
        37.5723576
      ],
      [
        127.0397107,
        37.5723302
      ],
      [
        127.0405797,
        37.5721941
      ],
      [
        127.0414891,
        37.5719572
      ],
      [
        127.0420925,
        37.571786
      ],
      [
        127.0437369,
        37.5711469
      ],
      [
        127.044603,
        37.570706
      ],
      [
        127.0456793,
        37.5700839
      ],
      [
        127.0459314,
        37.5698602
      ],
      [
        127.0461102,
        37.5696683
      ],
      [
        127.0463249,
        37.5693912
      ],
      [
        127.0464969,
        37.5690405
      ],
      [
        127.0470598,
        37.5680303
      ],
      [
        127.0519481,
        37.5582118
      ],
      [
        127.0521665,
        37.5565427
      ],
      [
        127.0521311,
        37.5560825
      ],
      [
        127.0520176,
        37.5555052
      ],
      [
        127.0517861,
        37.5543278
      ],
      [
        127.0510543,
        37.5531646
      ],
      [
        127.0506623,
        37.5527466
      ]
    ]
  }
},
{
  "type": "Feature",
  "id": "way/769668065",
  "properties": {
    "id": "way/769668065"
  },
  "geometry": {
    "type": "LineString",
    "coordinates": [
      [
        126.9977596,
        37.5690123
      ],
      [
        126.997702,
        37.56899
      ],
      [
        126.9972384,
        37.5689488
      ],
      [
        126.9968676,
        37.5689051
      ],
      [
        126.9963539,
        37.5688621
      ],
      [
        126.996221,
        37.5688417
      ],
      [
        126.9955654,
        37.5687716
      ],
      [
        126.9955627,
        37.5687959
      ],
      [
        126.9955596,
        37.5688229
      ],
      [
        126.995327,
        37.5704321
      ],
      [
        126.9953664,
        37.5704335
      ]
    ]
  }
},
{
  "type": "Feature",
  "id": "way/769719698",
  "properties": {
    "barrier": "retaining_wall",
    "man_made": "dyke",
    "material": "concrete;stone",
    "id": "way/769719698"
  },
  "geometry": {
    "type": "LineString",
    "coordinates": [
      [
        126.9786495,
        37.5692706
      ],
      [
        126.9792076,
        37.5692426
      ],
      [
        126.9794892,
        37.569235
      ],
      [
        126.9801362,
        37.5692067
      ],
      [
        126.9812684,
        37.5691276
      ],
      [
        126.9821252,
        37.5690434
      ],
      [
        126.9825048,
        37.5690201
      ],
      [
        126.982872,
        37.5689888
      ],
      [
        126.9833609,
        37.5689357
      ],
      [
        126.9842757,
        37.5687639
      ],
      [
        126.9846641,
        37.5687062
      ],
      [
        126.9855126,
        37.5685183
      ],
      [
        126.9864487,
        37.5683516
      ],
      [
        126.9868948,
        37.5682825
      ],
      [
        126.9871405,
        37.5682534
      ],
      [
        126.987379,
        37.5682394
      ],
      [
        126.9879503,
        37.5682301
      ],
      [
        126.9889496,
        37.5682159
      ],
      [
        126.9893839,
        37.568243
      ],
      [
        126.989676,
        37.568264
      ],
      [
        126.9904878,
        37.5682986
      ],
      [
        126.990979,
        37.5683407
      ],
      [
        126.9920601,
        37.5684309
      ],
      [
        126.9925209,
        37.5684505
      ],
      [
        126.9934616,
        37.5685181
      ],
      [
        126.9943018,
        37.5685737
      ],
      [
        126.9949372,
        37.5686309
      ],
      [
        126.9964052,
        37.5687646
      ],
      [
        126.9969893,
        37.5688293
      ],
      [
        126.9977537,
        37.568921
      ],
      [
        126.9984118,
        37.5690412
      ],
      [
        126.9989656,
        37.569157
      ],
      [
        126.9998191,
        37.5693314
      ],
      [
        127.0001832,
        37.56939
      ],
      [
        127.0013383,
        37.5696035
      ],
      [
        127.0015109,
        37.569635
      ],
      [
        127.0019528,
        37.5696937
      ],
      [
        127.00204,
        37.5696997
      ],
      [
        127.0023188,
        37.5696997
      ],
      [
        127.002994,
        37.5697102
      ],
      [
        127.0043423,
        37.569718
      ],
      [
        127.0045452,
        37.5697189
      ],
      [
        127.0048802,
        37.5697099
      ],
      [
        127.0057192,
        37.5697323
      ],
      [
        127.0062233,
        37.5697332
      ],
      [
        127.0065515,
        37.5697376
      ],
      [
        127.0071176,
        37.5697582
      ],
      [
        127.0076679,
        37.5697841
      ],
      [
        127.0084528,
        37.5698181
      ],
      [
        127.0093246,
        37.5698702
      ]
    ]
  }
},
{
  "type": "Feature",
  "id": "way/770890586",
  "properties": {
    "highway": "tertiary_link",
    "oneway": "yes",
    "surface": "asphalt",
    "id": "way/770890586"
  },
  "geometry": {
    "type": "LineString",
    "coordinates": [
      [
        127.0095586,
        37.5702161
      ],
      [
        127.0095329,
        37.5701482
      ],
      [
        127.0095031,
        37.5700904
      ],
      [
        127.0094819,
        37.5700583
      ],
      [
        127.0094536,
        37.5700265
      ],
      [
        127.0094213,
        37.5700007
      ],
      [
        127.0093568,
        37.5699723
      ],
      [
        127.0093015,
        37.5699581
      ],
      [
        127.0092676,
        37.5699486
      ],
      [
        127.0092429,
        37.5699417
      ]
    ]
  }
},
{
  "type": "Feature",
  "id": "way/770890587",
  "properties": {
    "bridge": "yes",
    "bridge:name": "오산수교",
    "cycleway:left": "shared_lane",
    "cycleway:right": "no",
    "highway": "primary",
    "layer": "1",
    "name": "장충단로",
    "oneway": "yes",
    "surface": "asphalt",
    "id": "way/770890587"
  },
  "geometry": {
    "type": "LineString",
    "coordinates": [
      [
        127.0095977,
        37.5699559
      ],
      [
        127.0096375,
        37.569625
      ]
    ]
  }
},
{
  "type": "Feature",
  "id": "way/770890589",
  "properties": {
    "cycleway:left": "shared_lane",
    "cycleway:right": "no",
    "highway": "primary",
    "lane_markings": "yes",
    "name": "장충단로",
    "name:en": "Jangchungdan-ro",
    "name:ja": "奨忠壇路",
    "name:ko": "장충단로",
    "name:zh": "奖忠坛路",
    "name:zh-Hans": "奖忠坛路",
    "name:zh-Hant": "奬忠壇路",
    "oneway": "yes",
    "sidewalk": "right",
    "surface": "asphalt",
    "id": "way/770890589"
  },
  "geometry": {
    "type": "LineString",
    "coordinates": [
      [
        127.0096375,
        37.569625
      ],
      [
        127.0096516,
        37.5693817
      ],
      [
        127.0096525,
        37.5693657
      ],
      [
        127.0096659,
        37.5691351
      ],
      [
        127.0096525,
        37.5689777
      ],
      [
        127.0096243,
        37.56888
      ],
      [
        127.0095922,
        37.5687939
      ],
      [
        127.0095653,
        37.5687327
      ],
      [
        127.0095345,
        37.5686791
      ],
      [
        127.0094057,
        37.5684813
      ],
      [
        127.0091053,
        37.5680762
      ],
      [
        127.0087341,
        37.5675757
      ],
      [
        127.0082375,
        37.5668977
      ],
      [
        127.0081046,
        37.566686
      ]
    ]
  }
},
{
  "type": "Feature",
  "id": "way/771273785",
  "properties": {
    "barrier": "city_wall",
    "id": "way/771273785"
  },
  "geometry": {
    "type": "LineString",
    "coordinates": [
      [
        127.0093246,
        37.5698702
      ],
      [
        127.009319,
        37.5698513
      ]
    ]
  }
},
{
  "type": "Feature",
  "id": "way/773003427",
  "properties": {
    "highway": "residential",
    "oneway": "yes",
    "id": "way/773003427"
  },
  "geometry": {
    "type": "LineString",
    "coordinates": [
      [
        126.9856204,
        37.5682036
      ],
      [
        126.9857047,
        37.568152
      ],
      [
        126.9857533,
        37.568105
      ],
      [
        126.9857642,
        37.5680674
      ],
      [
        126.9857702,
        37.5680376
      ],
      [
        126.9857828,
        37.5679761
      ]
    ]
  }
},
{
  "type": "Feature",
  "id": "way/773004582",
  "properties": {
    "id": "way/773004582"
  },
  "geometry": {
    "type": "LineString",
    "coordinates": [
      [
        127.0095208,
        37.5696499
      ],
      [
        127.0095352,
        37.569665
      ],
      [
        127.0095155,
        37.5698654
      ],
      [
        127.009502,
        37.5698761
      ],
      [
        127.0093599,
        37.5698705
      ],
      [
        127.0093246,
        37.5698702
      ],
      [
        127.009319,
        37.5698513
      ]
    ]
  }
},
{
  "type": "Feature",
  "id": "way/773004583",
  "properties": {
    "barrier": "city_wall",
    "id": "way/773004583"
  },
  "geometry": {
    "type": "LineString",
    "coordinates": [
      [
        127.009319,
        37.5698513
      ],
      [
        127.0093169,
        37.5698398
      ],
      [
        127.0093144,
        37.5698227
      ],
      [
        127.009314,
        37.5698057
      ],
      [
        127.0093137,
        37.5697903
      ],
      [
        127.0093144,
        37.5697702
      ],
      [
        127.0093159,
        37.5697469
      ],
      [
        127.0093175,
        37.5697313
      ],
      [
        127.0093217,
        37.5697125
      ],
      [
        127.0093275,
        37.569684
      ],
      [
        127.0093347,
        37.5696598
      ],
      [
        127.0093422,
        37.5696375
      ]
    ]
  }
},
{
  "type": "Feature",
  "id": "way/773004584",
  "properties": {
    "bicycle": "no",
    "highway": "footway",
    "layer": "-1",
    "lit": "yes",
    "id": "way/773004584"
  },
  "geometry": {
    "type": "LineString",
    "coordinates": [
      [
        127.0091986,
        37.5698449
      ],
      [
        127.0084092,
        37.5698033
      ],
      [
        127.0082893,
        37.569797
      ],
      [
        127.0065104,
        37.5697194
      ],
      [
        127.0062646,
        37.5697209
      ],
      [
        127.0044924,
        37.5697314
      ],
      [
        127.0038633,
        37.5697275
      ],
      [
        127.0032348,
        37.569722
      ],
      [
        127.0031442,
        37.5697228
      ],
      [
        127.0022455,
        37.5697142
      ],
      [
        127.0019963,
        37.5697122
      ],
      [
        127.001986,
        37.5697121
      ],
      [
        127.0018828,
        37.5696995
      ],
      [
        127.0018127,
        37.569691
      ],
      [
        127.00153,
        37.569613
      ],
      [
        127.0009165,
        37.5694977
      ],
      [
        127.0000206,
        37.5693298
      ],
      [
        126.9999348,
        37.5693122
      ],
      [
        126.9998402,
        37.5692904
      ],
      [
        126.9980515,
        37.5688822
      ],
      [
        126.9979043,
        37.568862
      ],
      [
        126.9978967,
        37.568861
      ],
      [
        126.9978868,
        37.5688597
      ],
      [
        126.9978811,
        37.5688589
      ],
      [
        126.9977964,
        37.5688473
      ],
      [
        126.997768,
        37.5688434
      ],
      [
        126.9971973,
        37.5687659
      ],
      [
        126.9971162,
        37.5687549
      ],
      [
        126.997025,
        37.5687425
      ],
      [
        126.996932,
        37.5687299
      ],
      [
        126.9968519,
        37.568719
      ],
      [
        126.9967692,
        37.5687078
      ],
      [
        126.9967551,
        37.5687066
      ],
      [
        126.9966538,
        37.5686978
      ],
      [
        126.9965563,
        37.5686894
      ],
      [
        126.9964594,
        37.5686811
      ],
      [
        126.9963673,
        37.5686731
      ],
      [
        126.9962214,
        37.5686605
      ],
      [
        126.9961965,
        37.5686587
      ],
      [
        126.9961063,
        37.568651
      ],
      [
        126.9959576,
        37.5686382
      ],
      [
        126.9957614,
        37.5686223
      ],
      [
        126.9955803,
        37.5686059
      ]
    ]
  }
},
{
  "type": "Feature",
  "id": "way/773004585",
  "properties": {
    "bicycle": "no",
    "highway": "footway",
    "layer": "-1",
    "tunnel": "yes",
    "id": "way/773004585"
  },
  "geometry": {
    "type": "LineString",
    "coordinates": [
      [
        127.0099999,
        37.5698702
      ],
      [
        127.009319,
        37.5698513
      ]
    ]
  }
},
{
  "type": "Feature",
  "id": "way/773060741",
  "properties": {
    "cycleway:left": "shared_lane",
    "cycleway:right": "no",
    "highway": "primary",
    "name": "율곡로",
    "name:en": "Yulgok-ro",
    "name:ja": "栗谷路",
    "name:ko": "율곡로",
    "name:zh": "栗谷路",
    "name:zh-Hans": "栗谷路",
    "name:zh-Hant": "栗谷路",
    "oneway": "yes",
    "ref": "50",
    "surface": "asphalt",
    "id": "way/773060741"
  },
  "geometry": {
    "type": "LineString",
    "coordinates": [
      [
        127.009329,
        37.5707195
      ],
      [
        127.0094599,
        37.5705178
      ],
      [
        127.0095099,
        37.570418
      ],
      [
        127.0095287,
        37.5703441
      ],
      [
        127.0095586,
        37.5702161
      ],
      [
        127.0095977,
        37.5699559
      ]
    ]
  }
},
{
  "type": "Feature",
  "id": "way/785130604",
  "properties": {
    "colour": "#32A1C8",
    "electrified": "contact_line",
    "frequency": "0",
    "gauge": "1435",
    "layer": "-2",
    "name": "4호선",
    "name:en": "Line 4",
    "name:ja": "4号線",
    "name:ko": "4호선",
    "name:zh": "4號線",
    "name:zh-Hans": "4号线",
    "name:zh-Hant": "4號線",
    "network": "수도권 전철",
    "note": "Location of path is approximate based on locations of subway stations.",
    "operator": "서울교통공사",
    "operator:en": "Seoul Metro",
    "operator:ko": "서울교통공사",
    "operator:type": "public",
    "operator:wikidata": "Q28699048",
    "railway": "subway",
    "railway:atc": "yes",
    "railway:radio": "lte-r",
    "tracks": "1",
    "tunnel": "yes",
    "usage": "main",
    "voltage": "1500",
    "workrules": "KR:URA",
    "id": "way/785130604"
  },
  "geometry": {
    "type": "LineString",
    "coordinates": [
      [
        127.0018956,
        37.5630535
      ],
      [
        127.0039305,
        37.5635383
      ],
      [
        127.005482,
        37.5638388
      ],
      [
        127.0059176,
        37.5638952
      ],
      [
        127.0063887,
        37.5639204
      ],
      [
        127.00654,
        37.5639454
      ],
      [
        127.0066551,
        37.5639876
      ],
      [
        127.0069533,
        37.5641273
      ],
      [
        127.007096,
        37.5641933
      ],
      [
        127.0071662,
        37.5642374
      ],
      [
        127.0072266,
        37.564279
      ],
      [
        127.0073162,
        37.5643497
      ],
      [
        127.0073966,
        37.564429
      ],
      [
        127.0074771,
        37.5645268
      ],
      [
        127.0076809,
        37.5647644
      ],
      [
        127.0080476,
        37.5652027
      ],
      [
        127.0083242,
        37.5655213
      ],
      [
        127.0086008,
        37.5658577
      ],
      [
        127.008868,
        37.5662509
      ],
      [
        127.0091374,
        37.5667364
      ],
      [
        127.0093455,
        37.5671095
      ],
      [
        127.009472,
        37.5673694
      ],
      [
        127.0095719,
        37.5675544
      ],
      [
        127.0096769,
        37.5678745
      ],
      [
        127.0097341,
        37.5681408
      ],
      [
        127.0097929,
        37.568552
      ],
      [
        127.0098469,
        37.5688366
      ],
      [
        127.009878,
        37.5691032
      ],
      [
        127.0098914,
        37.5694439
      ],
      [
        127.0098656,
        37.5696167
      ],
      [
        127.0098237,
        37.5698062
      ]
    ]
  }
},
{
  "type": "Feature",
  "id": "way/829964067",
  "properties": {
    "highway": "residential",
    "id": "way/829964067"
  },
  "geometry": {
    "type": "LineString",
    "coordinates": [
      [
        126.9818907,
        37.5691277
      ],
      [
        126.9817155,
        37.5694825
      ],
      [
        126.9811102,
        37.5695186
      ]
    ]
  }
},
{
  "type": "Feature",
  "id": "way/908646367",
  "properties": {
    "bicycle": "designated",
    "cycleway:left": "track",
    "highway": "primary",
    "lanes": "2",
    "maxspeed": "30",
    "maxspeed:type": "sign",
    "name": "청계천로",
    "name:en": "Cheonggyecheon-ro",
    "name:ja": "清渓川路",
    "name:ko": "청계천로",
    "name:ko-Latn": "Cheonggyecheon-ro",
    "name:zh": "清溪川路",
    "oneway": "yes",
    "oneway:bicycle": "yes",
    "smoothness": "good",
    "surface": "asphalt",
    "id": "way/908646367"
  },
  "geometry": {
    "type": "LineString",
    "coordinates": [
      [
        126.9876575,
        37.5679887
      ],
      [
        126.9877429,
        37.5679868
      ],
      [
        126.9881089,
        37.5679803
      ],
      [
        126.9890236,
        37.5679639
      ],
      [
        126.9895844,
        37.5680036
      ],
      [
        126.9901521,
        37.5680381
      ],
      [
        126.9901753,
        37.5680396
      ],
      [
        126.9909308,
        37.5680767
      ],
      [
        126.9924368,
        37.5681812
      ]
    ]
  }
},
{
  "type": "Feature",
  "id": "way/908694578",
  "properties": {
    "bicycle": "designated",
    "cycleway:left": "track",
    "highway": "primary",
    "lanes": "2",
    "name": "청계천로",
    "name:en": "Cheonggyecheon-ro",
    "name:ja": "清渓川路",
    "name:ko": "청계천로",
    "name:ko-Latn": "Cheonggyecheon-ro",
    "oneway": "yes",
    "oneway:bicycle": "yes",
    "surface": "asphalt",
    "id": "way/908694578"
  },
  "geometry": {
    "type": "LineString",
    "coordinates": [
      [
        126.987555,
        37.568307
      ],
      [
        126.9873401,
        37.5683088
      ],
      [
        126.986862,
        37.5683419
      ],
      [
        126.9866038,
        37.5683736
      ],
      [
        126.9857346,
        37.5685332
      ],
      [
        126.9846286,
        37.568757
      ],
      [
        126.9845561,
        37.568767
      ],
      [
        126.9844223,
        37.5687888
      ],
      [
        126.9839898,
        37.5688559
      ],
      [
        126.9831339,
        37.5690144
      ],
      [
        126.9827849,
        37.5690741
      ]
    ]
  }
},
{
  "type": "Feature",
  "id": "way/908694579",
  "properties": {
    "highway": "primary",
    "name": "삼일대로",
    "name:en": "Samil-daero",
    "name:ja": "三一大路",
    "name:ko": "삼일대로",
    "name:ko-Latn": "Samil-daero",
    "oneway": "yes",
    "surface": "asphalt",
    "wikidata": "Q12600302",
    "wikipedia": "ko:삼일대로",
    "id": "way/908694579"
  },
  "geometry": {
    "type": "LineString",
    "coordinates": [
      [
        126.987555,
        37.568307
      ],
      [
        126.9875513,
        37.5682407
      ]
    ]
  }
},
{
  "type": "Feature",
  "id": "way/913565823",
  "properties": {
    "bridge": "yes",
    "highway": "primary",
    "layer": "1",
    "name": "삼일대로",
    "name:en": "Samil-daero",
    "name:ja": "三一大路",
    "name:ko": "삼일대로",
    "name:ko-Latn": "Samil-daero",
    "oneway": "yes",
    "surface": "asphalt",
    "wikidata": "Q12600302",
    "wikipedia": "ko:삼일대로",
    "id": "way/913565823"
  },
  "geometry": {
    "type": "LineString",
    "coordinates": [
      [
        126.9877482,
        37.5680399
      ],
      [
        126.9877605,
        37.568236
      ]
    ]
  }
},
{
  "type": "Feature",
  "id": "way/913565824",
  "properties": {
    "highway": "primary",
    "lane_markings": "yes",
    "name": "삼일대로",
    "name:en": "Samil-daero",
    "name:ja": "三一大路",
    "name:ko": "삼일대로",
    "name:ko-Latn": "Samil-daero",
    "oneway": "yes",
    "surface": "asphalt",
    "wikidata": "Q12600302",
    "wikipedia": "ko:삼일대로",
    "id": "way/913565824"
  },
  "geometry": {
    "type": "LineString",
    "coordinates": [
      [
        126.9877971,
        37.5646509
      ],
      [
        126.9877567,
        37.5648315
      ],
      [
        126.9877443,
        37.5652352
      ],
      [
        126.9877271,
        37.5654828
      ],
      [
        126.9877105,
        37.5659335
      ],
      [
        126.987709,
        37.565975
      ],
      [
        126.9877052,
        37.5660788
      ],
      [
        126.9877005,
        37.5662184
      ],
      [
        126.9876747,
        37.5664101
      ],
      [
        126.9876406,
        37.5666628
      ],
      [
        126.987667,
        37.5671653
      ],
      [
        126.9877165,
        37.5676938
      ],
      [
        126.9877429,
        37.5679868
      ],
      [
        126.9877482,
        37.5680399
      ]
    ]
  }
},
{
  "type": "Feature",
  "id": "way/913692893",
  "properties": {
    "highway": "primary_link",
    "oneway": "yes",
    "surface": "asphalt",
    "id": "way/913692893"
  },
  "geometry": {
    "type": "LineString",
    "coordinates": [
      [
        127.0093587,
        37.5696263
      ],
      [
        127.0094191,
        37.5696093
      ],
      [
        127.0094714,
        37.5695817
      ],
      [
        127.0095203,
        37.5695439
      ],
      [
        127.0095706,
        37.5694913
      ],
      [
        127.0096135,
        37.5694334
      ],
      [
        127.0096516,
        37.5693817
      ]
    ]
  }
},
{
  "type": "Feature",
  "id": "way/913839558",
  "properties": {
    "highway": "residential",
    "id": "way/913839558"
  },
  "geometry": {
    "type": "LineString",
    "coordinates": [
      [
        127.0027227,
        37.5709723
      ],
      [
        127.0027257,
        37.570883
      ],
      [
        127.0027538,
        37.5704278
      ],
      [
        127.0027984,
        37.569817
      ],
      [
        127.0027939,
        37.5697951
      ]
    ]
  }
},
{
  "type": "Feature",
  "id": "way/919117822",
  "properties": {
    "highway": "primary",
    "name": "삼일대로",
    "name:en": "Samil-daero",
    "name:ja": "三一大路",
    "name:ko": "삼일대로",
    "name:ko-Latn": "Samil-daero",
    "oneway": "yes",
    "surface": "asphalt",
    "wikidata": "Q12600302",
    "wikipedia": "ko:삼일대로",
    "id": "way/919117822"
  },
  "geometry": {
    "type": "LineString",
    "coordinates": [
      [
        126.9877605,
        37.568236
      ],
      [
        126.9877648,
        37.568306
      ],
      [
        126.9878094,
        37.5691089
      ],
      [
        126.987816,
        37.5693584
      ],
      [
        126.9878245,
        37.5696234
      ],
      [
        126.9878445,
        37.5701083
      ],
      [
        126.9878443,
        37.5701772
      ]
    ]
  }
},
{
  "type": "Feature",
  "id": "way/919261680",
  "properties": {
    "highway": "residential",
    "name": "남대문로10길",
    "name:en": "Namdaemun-ro 10-gil",
    "name:ja": "南大門路 10キル",
    "name:ko": "남대문로10길",
    "oneway": "yes",
    "id": "way/919261680"
  },
  "geometry": {
    "type": "LineString",
    "coordinates": [
      [
        126.9857828,
        37.5679761
      ],
      [
        126.9858626,
        37.5680524
      ],
      [
        126.9859448,
        37.568108
      ],
      [
        126.986021,
        37.5681334
      ]
    ]
  }
},
{
  "type": "Feature",
  "id": "way/945015850",
  "properties": {
    "bridge": "yes",
    "ele": "15",
    "highway": "footway",
    "layer": "3",
    "name": "세운상가 공중보행데크",
    "surface": "concrete",
    "width": "3",
    "id": "way/945015850"
  },
  "geometry": {
    "type": "LineString",
    "coordinates": [
      [
        126.9951378,
        37.5683275
      ],
      [
        126.9951709,
        37.5681089
      ],
      [
        126.9951812,
        37.5680411
      ],
      [
        126.9952481,
        37.5674398
      ],
      [
        126.9952508,
        37.5674154
      ],
      [
        126.9953238,
        37.5667309
      ]
    ]
  }
},
{
  "type": "Feature",
  "id": "way/945015851",
  "properties": {
    "bridge": "yes",
    "ele": "15",
    "highway": "footway",
    "layer": "3",
    "name": "세운상가 공중보행데크",
    "surface": "concrete",
    "width": "3",
    "id": "way/945015851"
  },
  "geometry": {
    "type": "LineString",
    "coordinates": [
      [
        126.9957008,
        37.5667429
      ],
      [
        126.99567,
        37.5668789
      ],
      [
        126.9956527,
        37.5670519
      ],
      [
        126.9956145,
        37.5674324
      ],
      [
        126.9955822,
        37.5677543
      ],
      [
        126.9955467,
        37.5681083
      ],
      [
        126.9955223,
        37.5683519
      ]
    ]
  }
},
{
  "type": "Feature",
  "id": "way/976915570",
  "properties": {
    "highway": "service",
    "id": "way/976915570"
  },
  "geometry": {
    "type": "LineString",
    "coordinates": [
      [
        126.9994051,
        37.5683414
      ],
      [
        126.9993566,
        37.568592
      ],
      [
        126.9992952,
        37.5687642
      ]
    ]
  }
},
{
  "type": "Feature",
  "id": "way/976964155",
  "properties": {
    "highway": "service",
    "id": "way/976964155"
  },
  "geometry": {
    "type": "LineString",
    "coordinates": [
      [
        127.0020989,
        37.5687789
      ],
      [
        127.0022751,
        37.5688808
      ],
      [
        127.0023598,
        37.5689298
      ],
      [
        127.0023812,
        37.5689616
      ],
      [
        127.0025255,
        37.5692975
      ],
      [
        127.0025424,
        37.5693819
      ],
      [
        127.0025514,
        37.5694486
      ],
      [
        127.0025523,
        37.5694551
      ],
      [
        127.0025534,
        37.5694638
      ],
      [
        127.0025545,
        37.5694718
      ]
    ]
  }
},
{
  "type": "Feature",
  "id": "way/980060201",
  "properties": {
    "highway": "service",
    "service": "parking_aisle",
    "id": "way/980060201"
  },
  "geometry": {
    "type": "LineString",
    "coordinates": [
      [
        126.9979688,
        37.5683852
      ],
      [
        126.9980598,
        37.5683835
      ],
      [
        126.9981193,
        37.5683824
      ],
      [
        126.9981868,
        37.5683811
      ],
      [
        126.9982184,
        37.5683805
      ],
      [
        126.9982414,
        37.5683671
      ],
      [
        126.9983654,
        37.5683683
      ],
      [
        126.998373,
        37.5683065
      ],
      [
        126.9982302,
        37.5683028
      ],
      [
        126.9982286,
        37.5683295
      ],
      [
        126.9982281,
        37.5683473
      ],
      [
        126.9981899,
        37.5683473
      ],
      [
        126.9981868,
        37.5683811
      ]
    ]
  }
},
{
  "type": "Feature",
  "id": "way/1002205235",
  "properties": {
    "highway": "footway",
    "id": "way/1002205235"
  },
  "geometry": {
    "type": "LineString",
    "coordinates": [
      [
        126.9810156,
        37.5692043
      ],
      [
        126.980805,
        37.5692222
      ],
      [
        126.9808059,
        37.5692705
      ],
      [
        126.9807931,
        37.5694889
      ],
      [
        126.9808141,
        37.5695204
      ],
      [
        126.9808456,
        37.5696629
      ],
      [
        126.9808468,
        37.569835
      ],
      [
        126.9808141,
        37.5700525
      ]
    ]
  }
},
{
  "type": "Feature",
  "id": "way/1004718837",
  "properties": {
    "highway": "living_street",
    "layer": "-1",
    "motor_vehicle": "no",
    "name": "청계천로",
    "tunnel": "yes",
    "id": "way/1004718837"
  },
  "geometry": {
    "type": "LineString",
    "coordinates": [
      [
        126.9996735,
        37.5688032
      ],
      [
        126.9996291,
        37.5690427
      ]
    ]
  }
},
{
  "type": "Feature",
  "id": "way/1010047712",
  "properties": {
    "bridge": "yes",
    "highway": "footway",
    "layer": "1",
    "id": "way/1010047712"
  },
  "geometry": {
    "type": "LineString",
    "coordinates": [
      [
        126.9951709,
        37.5681089
      ],
      [
        126.9951603,
        37.5681079
      ],
      [
        126.9950308,
        37.5680955
      ]
    ]
  }
},
{
  "type": "Feature",
  "id": "way/1014306688",
  "properties": {
    "layer": "-1",
    "name:en": "Muksadongcheon Stream",
    "name:ko": "묵사동천",
    "tunnel": "culvert",
    "waterway": "stream",
    "width": "10",
    "wikidata": "Q12595658",
    "wikipedia": "ko:묵사동천",
    "id": "way/1014306688"
  },
  "geometry": {
    "type": "LineString",
    "coordinates": [
      [
        126.9966657,
        37.5543342
      ],
      [
        126.9965316,
        37.5545259
      ],
      [
        126.9963849,
        37.5548852
      ],
      [
        126.9963352,
        37.5549405
      ],
      [
        126.9962041,
        37.5549923
      ],
      [
        126.9961252,
        37.5550621
      ],
      [
        126.9958593,
        37.5555643
      ],
      [
        126.9956727,
        37.5559149
      ],
      [
        126.9956336,
        37.5561913
      ],
      [
        126.9956431,
        37.5563253
      ],
      [
        126.9957105,
        37.5566365
      ],
      [
        126.9957661,
        37.5568639
      ],
      [
        126.9958281,
        37.5571374
      ],
      [
        126.9959432,
        37.5573527
      ],
      [
        126.9959624,
        37.5574352
      ],
      [
        126.9961552,
        37.558531
      ],
      [
        126.996199,
        37.5592493
      ],
      [
        126.9962078,
        37.5593446
      ],
      [
        126.9962458,
        37.5594457
      ],
      [
        126.9963114,
        37.559533
      ],
      [
        126.9969969,
        37.5601669
      ],
      [
        126.9970896,
        37.5602422
      ],
      [
        126.9981331,
        37.5611686
      ],
      [
        126.9982238,
        37.5613022
      ],
      [
        126.9985359,
        37.561932
      ],
      [
        126.9985782,
        37.5620708
      ],
      [
        126.9987817,
        37.5628936
      ],
      [
        126.9987966,
        37.5629485
      ],
      [
        126.9988105,
        37.5630337
      ],
      [
        126.9988127,
        37.5631453
      ],
      [
        126.9987891,
        37.5636078
      ],
      [
        126.9988173,
        37.5636983
      ],
      [
        126.9988772,
        37.5637741
      ],
      [
        126.9989852,
        37.5638613
      ],
      [
        126.99901,
        37.5639004
      ],
      [
        126.9990036,
        37.5639795
      ],
      [
        126.9988977,
        37.5644937
      ],
      [
        126.9988715,
        37.5646482
      ],
      [
        126.9988649,
        37.5647349
      ],
      [
        126.998854,
        37.5648313
      ],
      [
        126.9988734,
        37.5650382
      ],
      [
        126.998915,
        37.5651764
      ],
      [
        126.9990318,
        37.5654457
      ],
      [
        126.9991185,
        37.5655775
      ],
      [
        126.9991751,
        37.5656379
      ],
      [
        126.9992831,
        37.5656435
      ],
      [
        126.9995822,
        37.5656533
      ],
      [
        126.9997078,
        37.5656841
      ],
      [
        126.9998087,
        37.5657389
      ],
      [
        126.9998936,
        37.5658441
      ],
      [
        126.9999944,
        37.566043
      ],
      [
        127.0000104,
        37.5660951
      ],
      [
        127.0000653,
        37.5663771
      ],
      [
        127.0001044,
        37.5665863
      ],
      [
        127.0001181,
        37.5666242
      ],
      [
        127.0001529,
        37.5666518
      ],
      [
        127.0002736,
        37.5667209
      ],
      [
        127.0002996,
        37.5667335
      ],
      [
        127.0004024,
        37.5667974
      ],
      [
        127.0004574,
        37.5668495
      ],
      [
        127.0005714,
        37.567009
      ],
      [
        127.0006424,
        37.5671737
      ],
      [
        127.0007475,
        37.5674028
      ],
      [
        127.0007749,
        37.567458
      ],
      [
        127.0009063,
        37.5676418
      ],
      [
        127.0009957,
        37.567726
      ],
      [
        127.0011513,
        37.5678909
      ],
      [
        127.0014101,
        37.5681266
      ],
      [
        127.0014933,
        37.5682352
      ],
      [
        127.0015494,
        37.5683461
      ],
      [
        127.0015647,
        37.5689159
      ],
      [
        127.0015341,
        37.5695268
      ]
    ]
  }
},
{
  "type": "Feature",
  "id": "way/1014306689",
  "properties": {
    "layer": "-3",
    "name": "옥류천",
    "name:en": "Okryucheon Stream",
    "name:ja": "玉流川",
    "name:ko": "옥류천",
    "tunnel": "culvert",
    "waterway": "stream",
    "id": "way/1014306689"
  },
  "geometry": {
    "type": "LineString",
    "coordinates": [
      [
        126.9967196,
        37.5769861
      ],
      [
        126.9967663,
        37.5768804
      ],
      [
        126.9970916,
        37.5763773
      ],
      [
        126.9973417,
        37.5759857
      ],
      [
        126.9975507,
        37.5748396
      ],
      [
        126.9975836,
        37.5747141
      ],
      [
        126.9979216,
        37.5743028
      ],
      [
        126.9979412,
        37.5742601
      ],
      [
        126.9979664,
        37.5740624
      ],
      [
        126.9980274,
        37.5738739
      ],
      [
        126.9980887,
        37.5736962
      ],
      [
        126.9986701,
        37.573055
      ],
      [
        126.9988469,
        37.5728375
      ],
      [
        126.9994527,
        37.5722204
      ],
      [
        126.999538,
        37.5721125
      ],
      [
        126.9997738,
        37.5718015
      ],
      [
        127.0001092,
        37.571373
      ],
      [
        127.0002963,
        37.5710314
      ],
      [
        127.0004182,
        37.5708477
      ],
      [
        127.0007394,
        37.5705191
      ],
      [
        127.0014702,
        37.5697472
      ],
      [
        127.0014848,
        37.5697205
      ],
      [
        127.0015037,
        37.5696724
      ],
      [
        127.0015341,
        37.5695268
      ]
    ]
  }
},
{
  "type": "Feature",
  "id": "way/1062619344",
  "properties": {
    "highway": "footway",
    "id": "way/1062619344"
  },
  "geometry": {
    "type": "LineString",
    "coordinates": [
      [
        126.9794302,
        37.5692181
      ],
      [
        126.979435,
        37.5692556
      ],
      [
        126.9794388,
        37.5692859
      ]
    ]
  }
},
{
  "type": "Feature",
  "id": "way/1062619345",
  "properties": {
    "bridge": "yes",
    "highway": "footway",
    "layer": "1",
    "id": "way/1062619345"
  },
  "geometry": {
    "type": "LineString",
    "coordinates": [
      [
        126.9794169,
        37.5690511
      ],
      [
        126.9794302,
        37.5692181
      ]
    ]
  }
},
{
  "type": "Feature",
  "id": "way/1063461197",
  "properties": {
    "foot": "yes",
    "ford": "stepping_stones",
    "highway": "path",
    "surface": "stepping_stones",
    "id": "way/1063461197"
  },
  "geometry": {
    "type": "LineString",
    "coordinates": [
      [
        126.9852327,
        37.5685094
      ],
      [
        126.9852214,
        37.5684594
      ],
      [
        126.9852038,
        37.5683901
      ]
    ]
  }
},
{
  "type": "Feature",
  "id": "way/1063461198",
  "properties": {
    "ford": "stepping_stones",
    "highway": "path",
    "surface": "stepping_stones",
    "id": "way/1063461198"
  },
  "geometry": {
    "type": "LineString",
    "coordinates": [
      [
        126.9801928,
        37.5691431
      ],
      [
        126.9801836,
        37.5690719
      ],
      [
        126.9801681,
        37.5689967
      ]
    ]
  }
},
{
  "type": "Feature",
  "id": "way/1063461199",
  "properties": {
    "ford": "stepping_stones",
    "highway": "path",
    "surface": "stepping_stones",
    "id": "way/1063461199"
  },
  "geometry": {
    "type": "LineString",
    "coordinates": [
      [
        126.9834488,
        37.5688676
      ],
      [
        126.9834423,
        37.568811
      ],
      [
        126.9834158,
        37.5687319
      ]
    ]
  }
},
{
  "type": "Feature",
  "id": "way/1063461200",
  "properties": {
    "ford": "stepping_stones",
    "highway": "path",
    "surface": "stepping_stones",
    "id": "way/1063461200"
  },
  "geometry": {
    "type": "LineString",
    "coordinates": [
      [
        126.9884733,
        37.5681685
      ],
      [
        126.988469,
        37.5680902
      ],
      [
        126.9884704,
        37.5680419
      ]
    ]
  }
},
{
  "type": "Feature",
  "id": "way/1063461201",
  "properties": {
    "ford": "stepping_stones",
    "highway": "path",
    "surface": "stepping_stones",
    "id": "way/1063461201"
  },
  "geometry": {
    "type": "LineString",
    "coordinates": [
      [
        126.9909572,
        37.5682545
      ],
      [
        126.9909605,
        37.5682116
      ],
      [
        126.9909639,
        37.5681683
      ]
    ]
  }
},
{
  "type": "Feature",
  "id": "way/1063461202",
  "properties": {
    "ford": "stepping_stones",
    "highway": "path",
    "surface": "stepping_stones",
    "id": "way/1063461202"
  },
  "geometry": {
    "type": "LineString",
    "coordinates": [
      [
        127.0031442,
        37.5697228
      ],
      [
        127.003151,
        37.5695969
      ],
      [
        127.003155,
        37.5695222
      ]
    ]
  }
},
{
  "type": "Feature",
  "id": "way/1063461203",
  "properties": {
    "ford": "stepping_stones",
    "highway": "path",
    "surface": "stepping_stones",
    "id": "way/1063461203"
  },
  "geometry": {
    "type": "LineString",
    "coordinates": [
      [
        127.0084092,
        37.5698033
      ],
      [
        127.008417,
        37.5697478
      ],
      [
        127.0084248,
        37.569692
      ]
    ]
  }
},
{
  "type": "Feature",
  "id": "way/1063461208",
  "properties": {
    "ford": "stepping_stones",
    "highway": "path",
    "surface": "stepping_stones",
    "id": "way/1063461208"
  },
  "geometry": {
    "type": "LineString",
    "coordinates": [
      [
        126.9930733,
        37.5684101
      ],
      [
        126.9930783,
        37.5683708
      ],
      [
        126.9930839,
        37.5683272
      ]
    ]
  }
},
{
  "type": "Feature",
  "id": "way/1063461209",
  "properties": {
    "ford": "stepping_stones",
    "highway": "path",
    "surface": "stepping_stones",
    "id": "way/1063461209"
  },
  "geometry": {
    "type": "LineString",
    "coordinates": [
      [
        127.0062646,
        37.5697209
      ],
      [
        127.0062675,
        37.5696422
      ],
      [
        127.0062693,
        37.5695929
      ]
    ]
  }
},
{
  "type": "Feature",
  "id": "way/1084408276",
  "properties": {
    "cycleway": "lane",
    "highway": "secondary",
    "lane_markings": "yes",
    "name": "우정국로",
    "name:en": "Ujeongguk-ro",
    "name:ja": "郵征局路(ウジョングクロ)",
    "name:ko": "우정국로",
    "name:ko-Latn": "Ujeonggungno",
    "surface": "asphalt",
    "id": "way/1084408276"
  },
  "geometry": {
    "type": "LineString",
    "coordinates": [
      [
        126.9827849,
        37.5690741
      ],
      [
        126.9828055,
        37.5691989
      ],
      [
        126.9828538,
        37.5695301
      ],
      [
        126.9828751,
        37.5696619
      ]
    ]
  }
},
{
  "type": "Feature",
  "id": "way/1101530933",
  "properties": {
    "crossing": "marked",
    "crossing:markings": "yes",
    "footway": "crossing",
    "highway": "footway",
    "id": "way/1101530933"
  },
  "geometry": {
    "type": "LineString",
    "coordinates": [
      [
        127.0093489,
        37.569997
      ],
      [
        127.0093568,
        37.5699723
      ],
      [
        127.0093642,
        37.5699486
      ],
      [
        127.0093607,
        37.5698854
      ]
    ]
  }
},
{
  "type": "Feature",
  "id": "way/1102519405",
  "properties": {
    "circuits": "2",
    "frequency": "60",
    "layer": "-1",
    "location": "underground",
    "power": "cable",
    "voltage": "154000",
    "id": "way/1102519405"
  },
  "geometry": {
    "type": "LineString",
    "coordinates": [
      [
        126.9748778,
        37.5730952
      ],
      [
        126.9745842,
        37.5730892
      ],
      [
        126.9747406,
        37.5721463
      ],
      [
        126.9753655,
        37.5715645
      ],
      [
        126.9757978,
        37.5709521
      ],
      [
        126.9763735,
        37.5704415
      ],
      [
        126.9770963,
        37.5698006
      ],
      [
        126.9780267,
        37.5689872
      ],
      [
        126.9826493,
        37.568728
      ],
      [
        126.9866614,
        37.5679887
      ],
      [
        126.9875312,
        37.5679578
      ],
      [
        126.9876579,
        37.5679533
      ],
      [
        126.9880961,
        37.5680128
      ],
      [
        126.9885779,
        37.5681444
      ],
      [
        126.9888239,
        37.5682809
      ]
    ]
  }
},
{
  "type": "Feature",
  "id": "way/1103145026",
  "properties": {
    "circuits": "2",
    "frequency": "60",
    "layer": "-1",
    "location": "underground",
    "power": "cable",
    "voltage": "154000",
    "id": "way/1103145026"
  },
  "geometry": {
    "type": "LineString",
    "coordinates": [
      [
        126.9875312,
        37.5679578
      ],
      [
        126.9876405,
        37.5691322
      ],
      [
        126.9876337,
        37.5697007
      ],
      [
        126.987628,
        37.5701781
      ],
      [
        126.9876078,
        37.5714685
      ],
      [
        126.9876884,
        37.5720302
      ],
      [
        126.9877639,
        37.5725566
      ],
      [
        126.9878686,
        37.5731485
      ],
      [
        126.9871975,
        37.5742613
      ],
      [
        126.9865481,
        37.5755516
      ],
      [
        126.9862526,
        37.5764715
      ],
      [
        126.9861855,
        37.5766805
      ],
      [
        126.9861698,
        37.576746
      ],
      [
        126.9861772,
        37.5768199
      ],
      [
        126.9863464,
        37.5768999
      ],
      [
        126.9868753,
        37.5771499
      ],
      [
        126.9874373,
        37.5773428
      ],
      [
        126.9878096,
        37.5774279
      ],
      [
        126.9890152,
        37.5774209
      ],
      [
        126.9900468,
        37.5774148
      ],
      [
        126.9917374,
        37.5775801
      ],
      [
        126.9924969,
        37.5775955
      ],
      [
        126.9929368,
        37.5775342
      ],
      [
        126.9932587,
        37.5774628
      ],
      [
        126.9972715,
        37.5759382
      ],
      [
        126.9967379,
        37.5782338
      ],
      [
        126.9964277,
        37.5802133
      ]
    ]
  }
},
{
  "type": "Feature",
  "id": "way/1113011065",
  "properties": {
    "id": "way/1113011065"
  },
  "geometry": {
    "type": "LineString",
    "coordinates": [
      [
        126.9963425,
        37.5683512
      ],
      [
        126.9961569,
        37.5683169
      ],
      [
        126.9962239,
        37.5677317
      ],
      [
        126.9964917,
        37.5677151
      ],
      [
        126.9965112,
        37.5682642
      ],
      [
        126.9964279,
        37.5682981
      ],
      [
        126.9963425,
        37.5683512
      ]
    ]
  }
},
{
  "type": "Feature",
  "id": "way/1124654276",
  "properties": {
    "highway": "pedestrian",
    "layer": "-1",
    "tunnel": "yes",
    "id": "way/1124654276"
  },
  "geometry": {
    "type": "LineString",
    "coordinates": [
      [
        127.0009171,
        37.5699798
      ],
      [
        127.0010512,
        37.5696136
      ]
    ]
  }
},
{
  "type": "Feature",
  "id": "way/1124654280",
  "properties": {
    "highway": "service",
    "service": "parking_aisle",
    "id": "way/1124654280"
  },
  "geometry": {
    "type": "LineString",
    "coordinates": [
      [
        126.9997492,
        37.5693648
      ],
      [
        126.9997204,
        37.5694492
      ]
    ]
  }
},
{
  "type": "Feature",
  "id": "way/1124655654",
  "properties": {
    "highway": "footway",
    "layer": "-1",
    "tunnel": "yes",
    "id": "way/1124655654"
  },
  "geometry": {
    "type": "LineString",
    "coordinates": [
      [
        126.9999032,
        37.5698951
      ],
      [
        126.9999071,
        37.5697825
      ],
      [
        126.9999094,
        37.5697135
      ],
      [
        126.9999132,
        37.5696029
      ],
      [
        126.9999663,
        37.5696039
      ],
      [
        127.0000164,
        37.5696048
      ],
      [
        127.0000133,
        37.5697165
      ],
      [
        127.0000113,
        37.5697879
      ],
      [
        127.0000081,
        37.5698997
      ]
    ]
  }
},
{
  "type": "Feature",
  "id": "way/1124655655",
  "properties": {
    "highway": "footway",
    "layer": "-1",
    "tunnel": "yes",
    "id": "way/1124655655"
  },
  "geometry": {
    "type": "LineString",
    "coordinates": [
      [
        127.0003088,
        37.5697435
      ],
      [
        127.0000133,
        37.5697165
      ],
      [
        126.9999617,
        37.569715
      ],
      [
        126.9999094,
        37.5697135
      ]
    ]
  }
},
{
  "type": "Feature",
  "id": "way/1124655657",
  "properties": {
    "highway": "footway",
    "layer": "-1",
    "tunnel": "yes",
    "id": "way/1124655657"
  },
  "geometry": {
    "type": "LineString",
    "coordinates": [
      [
        126.9999556,
        37.5698972
      ],
      [
        126.999958,
        37.5697851
      ],
      [
        126.9999617,
        37.569715
      ],
      [
        126.9999663,
        37.5696039
      ]
    ]
  }
},
{
  "type": "Feature",
  "id": "way/1125230934",
  "properties": {
    "highway": "footway",
    "layer": "-1",
    "tunnel": "yes",
    "id": "way/1125230934"
  },
  "geometry": {
    "type": "LineString",
    "coordinates": [
      [
        127.0018051,
        37.5697851
      ],
      [
        127.0018711,
        37.5698546
      ],
      [
        127.0019274,
        37.5699121
      ],
      [
        127.0019073,
        37.5701706
      ],
      [
        127.0018643,
        37.570169
      ],
      [
        127.001855,
        37.5702451
      ],
      [
        127.0018485,
        37.5702884
      ]
    ]
  }
},
{
  "type": "Feature",
  "id": "way/1125230935",
  "properties": {
    "highway": "footway",
    "layer": "-1",
    "tunnel": "yes",
    "id": "way/1125230935"
  },
  "geometry": {
    "type": "LineString",
    "coordinates": [
      [
        127.0022865,
        37.5698381
      ],
      [
        127.0022013,
        37.5698947
      ],
      [
        127.002142,
        37.5699225
      ],
      [
        127.0021219,
        37.5701811
      ],
      [
        127.0021492,
        37.5701823
      ],
      [
        127.0021429,
        37.5702542
      ],
      [
        127.002138,
        37.5703045
      ],
      [
        127.002138,
        37.5703458
      ],
      [
        127.0021382,
        37.5704034
      ]
    ]
  }
},
{
  "type": "Feature",
  "id": "way/1125230937",
  "properties": {
    "highway": "footway",
    "id": "way/1125230937"
  },
  "geometry": {
    "type": "LineString",
    "coordinates": [
      [
        127.0018051,
        37.5697851
      ],
      [
        127.0017667,
        37.5697751
      ],
      [
        127.0015331,
        37.5697459
      ],
      [
        127.0015026,
        37.5697415
      ]
    ]
  }
},
{
  "type": "Feature",
  "id": "way/1125230938",
  "properties": {
    "highway": "footway",
    "lit": "no",
    "surface": "paving_stones",
    "id": "way/1125230938"
  },
  "geometry": {
    "type": "LineString",
    "coordinates": [
      [
        127.0022865,
        37.5698381
      ],
      [
        127.0023353,
        37.569834
      ],
      [
        127.0023824,
        37.5698336
      ],
      [
        127.0026894,
        37.5698395
      ],
      [
        127.0027273,
        37.5698497
      ],
      [
        127.0027984,
        37.569817
      ]
    ]
  }
},
{
  "type": "Feature",
  "id": "way/1125230939",
  "properties": {
    "highway": "footway",
    "layer": "-1",
    "tunnel": "yes",
    "id": "way/1125230939"
  },
  "geometry": {
    "type": "LineString",
    "coordinates": [
      [
        127.002142,
        37.5699225
      ],
      [
        127.0019274,
        37.5699121
      ]
    ]
  }
},
{
  "type": "Feature",
  "id": "way/1125472126",
  "properties": {
    "highway": "footway",
    "layer": "-1",
    "name:ko": "청계천",
    "tunnel": "yes",
    "id": "way/1125472126"
  },
  "geometry": {
    "type": "LineString",
    "coordinates": [
      [
        126.9982492,
        37.569778
      ],
      [
        126.9984653,
        37.5690844
      ]
    ]
  }
},
{
  "type": "Feature",
  "id": "way/1125630902",
  "properties": {
    "highway": "footway",
    "layer": "-1",
    "tunnel": "yes",
    "id": "way/1125630902"
  },
  "geometry": {
    "type": "LineString",
    "coordinates": [
      [
        126.999369,
        37.569562
      ],
      [
        126.9992302,
        37.5695518
      ],
      [
        126.9992256,
        37.5696
      ],
      [
        126.9991723,
        37.5698776
      ]
    ]
  }
},
{
  "type": "Feature",
  "id": "way/1125630923",
  "properties": {
    "highway": "footway",
    "layer": "-1",
    "name": "중상5번 출입",
    "tunnel": "yes",
    "id": "way/1125630923"
  },
  "geometry": {
    "type": "LineString",
    "coordinates": [
      [
        126.9989696,
        37.569318
      ],
      [
        126.9989536,
        37.5694623
      ]
    ]
  }
},
{
  "type": "Feature",
  "id": "way/1125630924",
  "properties": {
    "highway": "footway",
    "layer": "-1",
    "tunnel": "yes",
    "id": "way/1125630924"
  },
  "geometry": {
    "type": "LineString",
    "coordinates": [
      [
        126.9988519,
        37.5691726
      ],
      [
        126.9988228,
        37.5692817
      ],
      [
        126.9988038,
        37.56945
      ],
      [
        126.9988341,
        37.5697801
      ],
      [
        126.9988255,
        37.5698475
      ]
    ]
  }
},
{
  "type": "Feature",
  "id": "way/1125640020",
  "properties": {
    "highway": "unclassified",
    "lit": "yes",
    "name": "청계천로",
    "name:en": "Cheonggyecheon-ro",
    "name:ko": "청계천로",
    "surface": "asphalt",
    "id": "way/1125640020"
  },
  "geometry": {
    "type": "LineString",
    "coordinates": [
      [
        127.0066192,
        37.5695061
      ],
      [
        127.0066027,
        37.5694054
      ]
    ]
  }
},
{
  "type": "Feature",
  "id": "way/1125640021",
  "properties": {
    "highway": "unclassified",
    "layer": "-1",
    "lit": "yes",
    "name": "청계천로",
    "name:en": "Cheonggyecheon-ro",
    "name:ko": "청계천로",
    "tunnel": "yes",
    "id": "way/1125640021"
  },
  "geometry": {
    "type": "LineString",
    "coordinates": [
      [
        127.0066027,
        37.5694054
      ],
      [
        127.0066063,
        37.5692729
      ]
    ]
  }
},
{
  "type": "Feature",
  "id": "way/1125640022",
  "properties": {
    "cycleway:both": "no",
    "highway": "unclassified",
    "lane_markings": "no",
    "lit": "yes",
    "name": "청계천로",
    "name:en": "Cheonggyecheon-ro",
    "name:ko": "청계천로",
    "surface": "asphalt",
    "id": "way/1125640022"
  },
  "geometry": {
    "type": "LineString",
    "coordinates": [
      [
        127.0066063,
        37.5692729
      ],
      [
        127.0066165,
        37.5689311
      ]
    ]
  }
},
{
  "type": "Feature",
  "id": "way/1125761328",
  "properties": {
    "highway": "footway",
    "layer": "-1",
    "tunnel": "yes",
    "id": "way/1125761328"
  },
  "geometry": {
    "type": "LineString",
    "coordinates": [
      [
        127.0013234,
        37.5699261
      ],
      [
        127.0013984,
        37.5699695
      ]
    ]
  }
},
{
  "type": "Feature",
  "id": "way/1125982012",
  "properties": {
    "crossing": "uncontrolled",
    "footway": "crossing",
    "highway": "footway",
    "id": "way/1125982012"
  },
  "geometry": {
    "type": "LineString",
    "coordinates": [
      [
        127.0017667,
        37.5697751
      ],
      [
        127.0018054,
        37.5697566
      ],
      [
        127.0018208,
        37.5697493
      ],
      [
        127.0018828,
        37.5696995
      ],
      [
        127.0019068,
        37.569675
      ]
    ]
  }
},
{
  "type": "Feature",
  "id": "way/1125982013",
  "properties": {
    "bridge": "yes",
    "highway": "footway",
    "layer": "1",
    "id": "way/1125982013"
  },
  "geometry": {
    "type": "LineString",
    "coordinates": [
      [
        127.0019121,
        37.5696203
      ],
      [
        127.0019185,
        37.5695423
      ]
    ]
  }
},
{
  "type": "Feature",
  "id": "way/1125982014",
  "properties": {
    "bridge": "yes",
    "highway": "footway",
    "layer": "1",
    "id": "way/1125982014"
  },
  "geometry": {
    "type": "LineString",
    "coordinates": [
      [
        127.0019185,
        37.5695423
      ],
      [
        127.0019212,
        37.5695041
      ]
    ]
  }
},
{
  "type": "Feature",
  "id": "way/1125982015",
  "properties": {
    "bridge": "yes",
    "highway": "footway",
    "layer": "1",
    "id": "way/1125982015"
  },
  "geometry": {
    "type": "LineString",
    "coordinates": [
      [
        127.0019068,
        37.569675
      ],
      [
        127.0019121,
        37.5696203
      ]
    ]
  }
},
{
  "type": "Feature",
  "id": "way/1125982016",
  "properties": {
    "crossing": "uncontrolled",
    "footway": "crossing",
    "highway": "footway",
    "id": "way/1125982016"
  },
  "geometry": {
    "type": "LineString",
    "coordinates": [
      [
        127.0019212,
        37.5695041
      ],
      [
        127.0019108,
        37.5694813
      ],
      [
        127.0018725,
        37.5694102
      ],
      [
        127.0018515,
        37.5693801
      ]
    ]
  }
},
{
  "type": "Feature",
  "id": "way/1125982018",
  "properties": {
    "highway": "footway",
    "layer": "-1",
    "tunnel": "yes",
    "id": "way/1125982018"
  },
  "geometry": {
    "type": "LineString",
    "coordinates": [
      [
        127.0018515,
        37.5693801
      ],
      [
        127.0018351,
        37.5693626
      ],
      [
        127.0018671,
        37.5693377
      ],
      [
        127.0019062,
        37.5693078
      ],
      [
        127.0019245,
        37.5692668
      ],
      [
        127.0019317,
        37.5691852
      ],
      [
        127.0019457,
        37.569025
      ],
      [
        127.0019588,
        37.568876
      ],
      [
        127.0019675,
        37.5687775
      ],
      [
        127.0019801,
        37.5686457
      ]
    ]
  }
},
{
  "type": "Feature",
  "id": "way/1125982022",
  "properties": {
    "highway": "footway",
    "layer": "-1",
    "tunnel": "yes",
    "id": "way/1125982022"
  },
  "geometry": {
    "type": "LineString",
    "coordinates": [
      [
        127.0022579,
        37.5687858
      ],
      [
        127.0022466,
        37.5688899
      ],
      [
        127.00223,
        37.5690421
      ],
      [
        127.002213,
        37.569199
      ],
      [
        127.0022081,
        37.5692442
      ],
      [
        127.0022111,
        37.5692813
      ],
      [
        127.0022233,
        37.5693127
      ],
      [
        127.0022474,
        37.5693441
      ]
    ]
  }
},
{
  "type": "Feature",
  "id": "way/1125982023",
  "properties": {
    "highway": "footway",
    "layer": "-1",
    "tunnel": "yes",
    "id": "way/1125982023"
  },
  "geometry": {
    "type": "LineString",
    "coordinates": [
      [
        127.0019317,
        37.5691852
      ],
      [
        127.002213,
        37.569199
      ]
    ]
  }
},
{
  "type": "Feature",
  "id": "way/1125982026",
  "properties": {
    "highway": "footway",
    "id": "way/1125982026"
  },
  "geometry": {
    "type": "LineString",
    "coordinates": [
      [
        127.0022474,
        37.5693441
      ],
      [
        127.0022795,
        37.5693778
      ],
      [
        127.0022948,
        37.5693939
      ],
      [
        127.0023476,
        37.5694398
      ],
      [
        127.0023751,
        37.5694503
      ],
      [
        127.0024299,
        37.5694543
      ],
      [
        127.0025304,
        37.569455
      ],
      [
        127.0025523,
        37.5694551
      ]
    ]
  }
},
{
  "type": "Feature",
  "id": "way/1125982027",
  "properties": {
    "crossing": "uncontrolled",
    "footway": "crossing",
    "highway": "footway",
    "id": "way/1125982027"
  },
  "geometry": {
    "type": "LineString",
    "coordinates": [
      [
        127.0022795,
        37.5693778
      ],
      [
        127.0022756,
        37.5694124
      ],
      [
        127.0022707,
        37.5694553
      ],
      [
        127.0022537,
        37.5695182
      ]
    ]
  }
},
{
  "type": "Feature",
  "id": "way/1125982028",
  "properties": {
    "bridge": "yes",
    "highway": "footway",
    "layer": "1",
    "id": "way/1125982028"
  },
  "geometry": {
    "type": "LineString",
    "coordinates": [
      [
        127.0022537,
        37.5695182
      ],
      [
        127.0022455,
        37.5697142
      ]
    ]
  }
},
{
  "type": "Feature",
  "id": "way/1125982029",
  "properties": {
    "crossing": "uncontrolled",
    "footway": "crossing",
    "highway": "footway",
    "id": "way/1125982029"
  },
  "geometry": {
    "type": "LineString",
    "coordinates": [
      [
        127.0022455,
        37.5697142
      ],
      [
        127.0022844,
        37.569787
      ],
      [
        127.0023142,
        37.5698169
      ]
    ]
  }
},
{
  "type": "Feature",
  "id": "way/1125982030",
  "properties": {
    "highway": "footway",
    "lit": "no",
    "surface": "paving_stones",
    "id": "way/1125982030"
  },
  "geometry": {
    "type": "LineString",
    "coordinates": [
      [
        127.0023142,
        37.5698169
      ],
      [
        127.0023353,
        37.569834
      ]
    ]
  }
},
{
  "type": "Feature",
  "id": "way/1125982031",
  "properties": {
    "id": "way/1125982031"
  },
  "geometry": {
    "type": "LineString",
    "coordinates": [
      [
        127.0023319,
        37.5682452
      ],
      [
        127.0023295,
        37.5682787
      ],
      [
        127.0023048,
        37.5686074
      ],
      [
        127.0023327,
        37.5686295
      ],
      [
        127.0023369,
        37.5688507
      ],
      [
        127.0023623,
        37.5688754
      ],
      [
        127.0024228,
        37.5689327
      ],
      [
        127.0024464,
        37.5689704
      ],
      [
        127.0025753,
        37.5693144
      ],
      [
        127.0025818,
        37.5693212
      ],
      [
        127.0025716,
        37.5694056
      ],
      [
        127.0025818,
        37.5694245
      ],
      [
        127.0029816,
        37.5694267
      ],
      [
        127.0064916,
        37.5694419
      ],
      [
        127.0065394,
        37.5693871
      ],
      [
        127.0065488,
        37.5694147
      ],
      [
        127.0064849,
        37.5694678
      ],
      [
        127.0053865,
        37.5694635
      ],
      [
        127.0035579,
        37.5694519
      ],
      [
        127.0025989,
        37.5694501
      ],
      [
        127.0025514,
        37.5694486
      ],
      [
        127.0025423,
        37.5694483
      ],
      [
        127.0025348,
        37.5694481
      ],
      [
        127.0025307,
        37.5694478
      ],
      [
        127.0025304,
        37.569455
      ],
      [
        127.0025308,
        37.5694647
      ],
      [
        127.0023687,
        37.5694555
      ],
      [
        127.0023248,
        37.5694451
      ],
      [
        127.0022855,
        37.5694192
      ],
      [
        127.0022756,
        37.5694124
      ],
      [
        127.0022251,
        37.569354
      ],
      [
        127.0022474,
        37.5693441
      ],
      [
        127.0022706,
        37.5693337
      ],
      [
        127.0022578,
        37.5693133
      ],
      [
        127.0022449,
        37.5692892
      ],
      [
        127.0022438,
        37.5692643
      ],
      [
        127.0022438,
        37.569255
      ],
      [
        127.0022751,
        37.5688808
      ],
      [
        127.002287,
        37.5687386
      ],
      [
        127.0022881,
        37.5686563
      ],
      [
        127.0022711,
        37.5686563
      ],
      [
        127.0022455,
        37.5686554
      ],
      [
        127.0022713,
        37.5682779
      ],
      [
        127.0022737,
        37.5682686
      ],
      [
        127.0022779,
        37.568262
      ],
      [
        127.0022856,
        37.5682556
      ],
      [
        127.0022937,
        37.5682498
      ],
      [
        127.0023047,
        37.5682458
      ],
      [
        127.0023184,
        37.5682445
      ],
      [
        127.0023319,
        37.5682452
      ]
    ]
  }
},
{
  "type": "Feature",
  "id": "way/1125982237",
  "properties": {
    "highway": "footway",
    "id": "way/1125982237"
  },
  "geometry": {
    "type": "LineString",
    "coordinates": [
      [
        127.0019295,
        37.5688975
      ],
      [
        127.0019089,
        37.5690963
      ],
      [
        127.0018902,
        37.5692508
      ],
      [
        127.001868,
        37.5693026
      ],
      [
        127.0018202,
        37.5693471
      ],
      [
        127.0018351,
        37.5693626
      ]
    ]
  }
},
{
  "type": "Feature",
  "id": "way/1125982238",
  "properties": {
    "highway": "footway",
    "id": "way/1125982238"
  },
  "geometry": {
    "type": "LineString",
    "coordinates": [
      [
        127.0018202,
        37.5693471
      ],
      [
        127.0017782,
        37.5693776
      ],
      [
        127.0017583,
        37.5693822
      ],
      [
        127.0017149,
        37.5693878
      ]
    ]
  }
},
{
  "type": "Feature",
  "id": "way/1125982239",
  "properties": {
    "highway": "footway",
    "id": "way/1125982239"
  },
  "geometry": {
    "type": "LineString",
    "coordinates": [
      [
        127.0017583,
        37.5693822
      ],
      [
        127.0015067,
        37.569343
      ]
    ]
  }
},
{
  "type": "Feature",
  "id": "way/1126010859",
  "properties": {
    "highway": "footway",
    "id": "way/1126010859"
  },
  "geometry": {
    "type": "LineString",
    "coordinates": [
      [
        126.9989897,
        37.5688833
      ],
      [
        126.9989619,
        37.5688763
      ],
      [
        126.9987091,
        37.5688185
      ],
      [
        126.998489,
        37.5687819
      ],
      [
        126.9983092,
        37.5687579
      ],
      [
        126.9981721,
        37.5687273
      ],
      [
        126.998121,
        37.5686599
      ],
      [
        126.9980915,
        37.5686207
      ],
      [
        126.9981067,
        37.568481
      ],
      [
        126.9981122,
        37.568467
      ],
      [
        126.9981141,
        37.5684448
      ],
      [
        126.9981193,
        37.5683824
      ],
      [
        126.9981373,
        37.5680463
      ],
      [
        126.9981385,
        37.5680248
      ],
      [
        126.9981398,
        37.5680116
      ],
      [
        126.9981501,
        37.5679083
      ]
    ]
  }
},
{
  "type": "Feature",
  "id": "way/1126472118",
  "properties": {
    "addr:city": "서울특별시",
    "addr:district": "중구",
    "id": "way/1126472118"
  },
  "geometry": {
    "type": "LineString",
    "coordinates": [
      [
        126.9986345,
        37.5686581
      ],
      [
        126.9985888,
        37.568776
      ],
      [
        126.9985078,
        37.5687563
      ],
      [
        126.9984998,
        37.5687544
      ],
      [
        126.9985456,
        37.5686363
      ],
      [
        126.9985291,
        37.5686323
      ],
      [
        126.9985241,
        37.5686451
      ],
      [
        126.9984602,
        37.5686295
      ],
      [
        126.9984673,
        37.5686111
      ],
      [
        126.9984204,
        37.5685997
      ],
      [
        126.9984459,
        37.568534
      ],
      [
        126.9986622,
        37.5685867
      ],
      [
        126.9986345,
        37.5686581
      ]
    ]
  }
},
{
  "type": "Feature",
  "id": "way/1128466637",
  "properties": {
    "id": "way/1128466637"
  },
  "geometry": {
    "type": "LineString",
    "coordinates": [
      [
        126.9879584,
        37.5677701
      ],
      [
        126.9885933,
        37.5677877
      ],
      [
        126.9889808,
        37.5677984
      ],
      [
        126.9889784,
        37.5679277
      ],
      [
        126.9887943,
        37.5679264
      ],
      [
        126.9887171,
        37.5678879
      ],
      [
        126.9885785,
        37.5678801
      ],
      [
        126.9883838,
        37.5678785
      ],
      [
        126.9883154,
        37.567911
      ],
      [
        126.98807,
        37.5679386
      ],
      [
        126.9879097,
        37.5678824
      ],
      [
        126.9878306,
        37.5677837
      ],
      [
        126.9878224,
        37.5672047
      ],
      [
        126.9879454,
        37.567205
      ],
      [
        126.9879584,
        37.5677701
      ]
    ]
  }
},
{
  "type": "Feature",
  "id": "way/1128466638",
  "properties": {
    "natural": "tree_row",
    "id": "way/1128466638"
  },
  "geometry": {
    "type": "LineString",
    "coordinates": [
      [
        126.9878509,
        37.5677765
      ],
      [
        126.9878493,
        37.5676446
      ]
    ]
  }
},
{
  "type": "Feature",
  "id": "way/1128466645",
  "properties": {
    "leaf_type": "needleleaved",
    "natural": "tree_row",
    "id": "way/1128466645"
  },
  "geometry": {
    "type": "LineString",
    "coordinates": [
      [
        126.987994,
        37.5678942
      ],
      [
        126.9883014,
        37.5679038
      ]
    ]
  }
},
{
  "type": "Feature",
  "id": "way/1128466646",
  "properties": {
    "natural": "tree_row",
    "id": "way/1128466646"
  },
  "geometry": {
    "type": "LineString",
    "coordinates": [
      [
        126.9888507,
        37.5679086
      ],
      [
        126.9889553,
        37.5679097
      ]
    ]
  }
},
{
  "type": "Feature",
  "id": "way/1134316042",
  "properties": {
    "bridge": "yes",
    "highway": "footway",
    "layer": "1",
    "id": "way/1134316042"
  },
  "geometry": {
    "type": "LineString",
    "coordinates": [
      [
        127.0078374,
        37.5700226
      ],
      [
        127.0077408,
        37.5700184
      ]
    ]
  }
},
{
  "type": "Feature",
  "id": "way/1139269224",
  "properties": {
    "id": "way/1139269224"
  },
  "geometry": {
    "type": "LineString",
    "coordinates": [
      [
        127.005052,
        37.5688659
      ],
      [
        127.0053724,
        37.5691648
      ],
      [
        127.0054247,
        37.5692752
      ],
      [
        127.0026299,
        37.5693078
      ],
      [
        127.0026227,
        37.5691726
      ],
      [
        127.0025912,
        37.5691679
      ],
      [
        127.0025206,
        37.568999
      ],
      [
        127.0024923,
        37.5689774
      ],
      [
        127.0024794,
        37.5688983
      ],
      [
        127.0024608,
        37.5688276
      ],
      [
        127.0024199,
        37.568748
      ],
      [
        127.0023486,
        37.5687446
      ],
      [
        127.0023443,
        37.5686091
      ],
      [
        127.0023676,
        37.5682811
      ],
      [
        127.0023295,
        37.5682787
      ],
      [
        127.0023319,
        37.5682452
      ],
      [
        127.0023366,
        37.5681762
      ],
      [
        127.0023427,
        37.5680991
      ]
    ]
  }
},
{
  "type": "Feature",
  "id": "way/1139269225",
  "properties": {
    "layer": "-1",
    "tunnel": "culvert",
    "waterway": "stream",
    "id": "way/1139269225"
  },
  "geometry": {
    "type": "LineString",
    "coordinates": [
      [
        127.0024242,
        37.5690254
      ],
      [
        127.0025346,
        37.5692796
      ],
      [
        127.0025426,
        37.5692989
      ],
      [
        127.0025484,
        37.5693211
      ],
      [
        127.0025823,
        37.5695922
      ]
    ]
  }
},
{
  "type": "Feature",
  "id": "way/1149179293",
  "properties": {
    "highway": "residential",
    "name:en": "Euljiro 39gil",
    "name:ko": "을지로39길",
    "id": "way/1149179293"
  },
  "geometry": {
    "type": "LineString",
    "coordinates": [
      [
        127.0053587,
        37.5683199
      ],
      [
        127.0058294,
        37.5692544
      ]
    ]
  }
},
{
  "type": "Feature",
  "id": "way/1151983344",
  "properties": {
    "bicycle": "designated",
    "cycleway:left": "track",
    "highway": "primary",
    "lanes": "1",
    "name": "청계천로",
    "name:en": "Cheonggyecheon-ro",
    "name:ja": "清渓川路",
    "name:ko": "청계천로",
    "name:ko-Latn": "Cheonggyecheon-ro",
    "name:zh": "清溪川路",
    "name:zh-Hans": "清溪川路",
    "name:zh-Hant": "清溪川路",
    "oneway": "yes",
    "oneway:bicycle": "yes",
    "ref": "50",
    "surface": "asphalt",
    "id": "way/1151983344"
  },
  "geometry": {
    "type": "LineString",
    "coordinates": [
      [
        127.0097339,
        37.5699616
      ],
      [
        127.0095977,
        37.5699559
      ]
    ]
  }
},
{
  "type": "Feature",
  "id": "way/1151983345",
  "properties": {
    "bicycle": "designated",
    "cycleway:left": "track",
    "highway": "primary",
    "lanes": "2",
    "name": "청계천로",
    "name:en": "Cheonggyecheon-ro",
    "name:ja": "清渓川路",
    "name:ko": "청계천로",
    "name:ko-Latn": "Cheonggyecheon-ro",
    "name:zh": "清溪川路",
    "oneway": "yes",
    "oneway:bicycle": "yes",
    "ref": "50",
    "surface": "asphalt",
    "id": "way/1151983345"
  },
  "geometry": {
    "type": "LineString",
    "coordinates": [
      [
        127.0096375,
        37.569625
      ],
      [
        127.0097763,
        37.5696179
      ]
    ]
  }
},
{
  "type": "Feature",
  "id": "way/1199229106",
  "properties": {
    "bicycle": "designated",
    "cycleway:left": "track",
    "highway": "primary",
    "lanes": "1",
    "name": "청계천로",
    "name:en": "Cheonggyecheon-ro",
    "name:ja": "清渓川路",
    "name:ko": "청계천로",
    "name:ko-Latn": "Cheonggyecheon-ro",
    "name:zh": "清溪川路",
    "name:zh-Hans": "清溪川路",
    "name:zh-Hant": "清溪川路",
    "oneway": "yes",
    "oneway:bicycle": "yes",
    "ref": "50",
    "surface": "asphalt",
    "id": "way/1199229106"
  },
  "geometry": {
    "type": "LineString",
    "coordinates": [
      [
        127.0095977,
        37.5699559
      ],
      [
        127.0095408,
        37.5699576
      ],
      [
        127.0093642,
        37.5699486
      ],
      [
        127.0093093,
        37.5699435
      ]
    ]
  }
},
{
  "type": "Feature",
  "id": "way/1199229107",
  "properties": {
    "bicycle": "designated",
    "cycleway:left": "track",
    "highway": "primary",
    "lanes": "1",
    "name": "청계천로",
    "name:en": "Cheonggyecheon-ro",
    "name:ja": "清渓川路",
    "name:ko": "청계천로",
    "name:ko-Latn": "Cheonggyecheon-ro",
    "name:zh": "清溪川路",
    "name:zh-Hans": "清溪川路路",
    "name:zh-Hant": "清溪川路路",
    "oneway": "yes",
    "oneway:bicycle": "yes",
    "ref": "50",
    "surface": "asphalt",
    "id": "way/1199229107"
  },
  "geometry": {
    "type": "LineString",
    "coordinates": [
      [
        127.0099863,
        37.5699487
      ],
      [
        127.009898,
        37.5699494
      ],
      [
        127.0098505,
        37.5699546
      ],
      [
        127.0097339,
        37.5699616
      ]
    ]
  }
},
{
  "type": "Feature",
  "id": "way/1205679413",
  "properties": {
    "highway": "primary_link",
    "oneway": "yes",
    "surface": "asphalt",
    "id": "way/1205679413"
  },
  "geometry": {
    "type": "LineString",
    "coordinates": [
      [
        126.9871514,
        37.5680081
      ],
      [
        126.9873532,
        37.5679629
      ],
      [
        126.9874063,
        37.5679237
      ],
      [
        126.9874756,
        37.5678416
      ],
      [
        126.9875386,
        37.5677333
      ]
    ]
  }
},
{
  "type": "Feature",
  "id": "way/1205679415",
  "properties": {
    "highway": "tertiary_link",
    "oneway": "yes",
    "surface": "asphalt",
    "id": "way/1205679415"
  },
  "geometry": {
    "type": "LineString",
    "coordinates": [
      [
        126.9877165,
        37.5676938
      ],
      [
        126.9878,
        37.5678184
      ],
      [
        126.9878491,
        37.567862
      ],
      [
        126.9879404,
        37.5679253
      ],
      [
        126.9881089,
        37.5679803
      ]
    ]
  }
},
{
  "type": "Feature",
  "id": "way/1212424782",
  "properties": {
    "bicycle": "designated",
    "cycleway:left": "track",
    "highway": "primary",
    "lanes": "2",
    "lit": "yes",
    "name": "청계천로",
    "name:en": "Cheonggyecheon-ro",
    "name:ja": "清渓川路",
    "name:ko": "청계천로",
    "name:ko-Latn": "Cheonggyecheon-ro",
    "name:zh": "清溪川路",
    "oneway": "yes",
    "oneway:bicycle": "yes",
    "smoothness": "good",
    "surface": "asphalt",
    "id": "way/1212424782"
  },
  "geometry": {
    "type": "LineString",
    "coordinates": [
      [
        127.0020423,
        37.5694343
      ],
      [
        127.0022707,
        37.5694553
      ],
      [
        127.0023465,
        37.5694622
      ],
      [
        127.0025545,
        37.5694718
      ]
    ]
  }
},
{
  "type": "Feature",
  "id": "way/1212424783",
  "properties": {
    "bicycle": "designated",
    "cycleway:left": "track",
    "highway": "primary",
    "lanes": "2",
    "name": "청계천로",
    "name:en": "Cheonggyecheon-ro",
    "name:ja": "清渓川路",
    "name:ko": "청계천로",
    "name:ko-Latn": "Cheonggyecheon-ro",
    "name:zh": "清溪川路",
    "oneway": "yes",
    "oneway:bicycle": "yes",
    "surface": "asphalt",
    "id": "way/1212424783"
  },
  "geometry": {
    "type": "LineString",
    "coordinates": [
      [
        126.9979425,
        37.5687042
      ],
      [
        126.9980422,
        37.5687266
      ],
      [
        126.9989784,
        37.5689366
      ],
      [
        126.9996291,
        37.5690427
      ],
      [
        127.0000414,
        37.56911
      ],
      [
        127.0002389,
        37.569144
      ],
      [
        127.0015053,
        37.569358
      ]
    ]
  }
},
{
  "type": "Feature",
  "id": "way/1212424784",
  "properties": {
    "cycleway:left": "no",
    "cycleway:right": "lane",
    "highway": "primary",
    "lanes": "3",
    "name": "창경궁로",
    "name:en": "Changgyeonggung-ro",
    "name:ja": "昌慶宮路",
    "name:ko": "창경궁로",
    "name:ko-Latn": "Changgyeonggung-ro",
    "oneway": "yes",
    "oneway:bicycle": "yes",
    "surface": "asphalt",
    "wikipedia": "ko:창경궁로",
    "id": "way/1212424784"
  },
  "geometry": {
    "type": "LineString",
    "coordinates": [
      [
        126.9979396,
        37.568739
      ],
      [
        126.9979425,
        37.5687042
      ]
    ]
  }
},
{
  "type": "Feature",
  "id": "way/1212424785",
  "properties": {
    "bicycle": "designated",
    "cycleway:left": "track",
    "highway": "primary",
    "lanes": "2",
    "maxspeed": "30",
    "maxspeed:type": "sign",
    "name": "청계천로",
    "name:en": "Cheonggyecheon-ro",
    "name:ja": "清渓川路",
    "name:ko": "청계천로",
    "name:ko-Latn": "Cheonggyecheon-ro",
    "oneway": "yes",
    "oneway:bicycle": "yes",
    "surface": "asphalt",
    "id": "way/1212424785"
  },
  "geometry": {
    "type": "LineString",
    "coordinates": [
      [
        127.0020214,
        37.5697636
      ],
      [
        127.00191,
        37.569752
      ],
      [
        127.0018208,
        37.5697493
      ],
      [
        127.0015376,
        37.5697055
      ],
      [
        127.0010512,
        37.5696136
      ],
      [
        127.0003584,
        37.5694828
      ],
      [
        127.0001472,
        37.569441
      ],
      [
        126.9997492,
        37.5693648
      ],
      [
        126.999409,
        37.5692996
      ],
      [
        126.9991063,
        37.5692306
      ],
      [
        126.9988519,
        37.5691726
      ],
      [
        126.9984653,
        37.5690844
      ],
      [
        126.998408,
        37.5690713
      ],
      [
        126.998055,
        37.5690093
      ],
      [
        126.9979243,
        37.5689866
      ]
    ]
  }
},
{
  "type": "Feature",
  "id": "way/1212424791",
  "properties": {
    "bicycle": "designated",
    "cycleway:left": "track",
    "highway": "primary",
    "lanes": "2",
    "name": "청계천로",
    "name:en": "Cheonggyecheon-ro",
    "name:ja": "清渓川路",
    "name:ko": "청계천로",
    "name:ko-Latn": "Cheonggyecheon-ro",
    "oneway": "yes",
    "oneway:bicycle": "yes",
    "surface": "asphalt",
    "id": "way/1212424791"
  },
  "geometry": {
    "type": "LineString",
    "coordinates": [
      [
        126.9923753,
        37.5685537
      ],
      [
        126.991869,
        37.5685019
      ],
      [
        126.991337,
        37.5684549
      ],
      [
        126.9909117,
        37.5684141
      ],
      [
        126.9906058,
        37.5683966
      ],
      [
        126.9902318,
        37.5683619
      ],
      [
        126.9901521,
        37.5683548
      ],
      [
        126.9897288,
        37.5683321
      ],
      [
        126.9896122,
        37.5683253
      ],
      [
        126.9888744,
        37.5682877
      ],
      [
        126.9877648,
        37.568306
      ],
      [
        126.9876749,
        37.5683064
      ],
      [
        126.9876253,
        37.5683067
      ],
      [
        126.987555,
        37.568307
      ]
    ]
  }
},
{
  "type": "Feature",
  "id": "way/1212435137",
  "properties": {
    "highway": "service",
    "service": "alley",
    "id": "way/1212435137"
  },
  "geometry": {
    "type": "LineString",
    "coordinates": [
      [
        126.9851918,
        37.5691889
      ],
      [
        126.9851913,
        37.5690767
      ],
      [
        126.9846449,
        37.5688519
      ],
      [
        126.9846286,
        37.568757
      ]
    ]
  }
},
{
  "type": "Feature",
  "id": "way/1212435138",
  "properties": {
    "highway": "service",
    "service": "alley",
    "id": "way/1212435138"
  },
  "geometry": {
    "type": "LineString",
    "coordinates": [
      [
        126.9846449,
        37.5688519
      ],
      [
        126.9846036,
        37.5689541
      ],
      [
        126.9847699,
        37.5690185
      ],
      [
        126.9847269,
        37.5691465
      ],
      [
        126.984724,
        37.5691897
      ]
    ]
  }
},
{
  "type": "Feature",
  "id": "way/1212435144",
  "properties": {
    "highway": "service",
    "service": "alley",
    "id": "way/1212435144"
  },
  "geometry": {
    "type": "LineString",
    "coordinates": [
      [
        126.9833772,
        37.56953
      ],
      [
        126.9833737,
        37.5693805
      ],
      [
        126.9834169,
        37.569354
      ],
      [
        126.9833363,
        37.5691435
      ],
      [
        126.9831806,
        37.5691562
      ],
      [
        126.9831339,
        37.5690144
      ]
    ]
  }
},
{
  "type": "Feature",
  "id": "way/1212442523",
  "properties": {
    "footway": "sidewalk",
    "highway": "footway",
    "surface": "paving_stones",
    "id": "way/1212442523"
  },
  "geometry": {
    "type": "LineString",
    "coordinates": [
      [
        126.9786427,
        37.5692437
      ],
      [
        126.9784056,
        37.5692612
      ],
      [
        126.9784086,
        37.5693048
      ],
      [
        126.9784105,
        37.5693319
      ]
    ]
  }
},
{
  "type": "Feature",
  "id": "way/1212442524",
  "properties": {
    "footway": "sidewalk",
    "highway": "footway",
    "id": "way/1212442524"
  },
  "geometry": {
    "type": "LineString",
    "coordinates": [
      [
        126.9786636,
        37.5690834
      ],
      [
        126.9786932,
        37.5690829
      ]
    ]
  }
},
{
  "type": "Feature",
  "id": "way/1212442525",
  "properties": {
    "footway": "sidewalk",
    "highway": "footway",
    "id": "way/1212442525"
  },
  "geometry": {
    "type": "LineString",
    "coordinates": [
      [
        126.9791491,
        37.569054
      ],
      [
        126.9791451,
        37.5690278
      ]
    ]
  }
},
{
  "type": "Feature",
  "id": "way/1212442526",
  "properties": {
    "footway": "sidewalk",
    "highway": "footway",
    "id": "way/1212442526"
  },
  "geometry": {
    "type": "LineString",
    "coordinates": [
      [
        126.9794169,
        37.5690511
      ],
      [
        126.9794117,
        37.5690176
      ]
    ]
  }
},
{
  "type": "Feature",
  "id": "way/1212442527",
  "properties": {
    "footway": "sidewalk",
    "highway": "footway",
    "id": "way/1212442527"
  },
  "geometry": {
    "type": "LineString",
    "coordinates": [
      [
        126.9825333,
        37.5687786
      ],
      [
        126.9820541,
        37.56881
      ],
      [
        126.9813238,
        37.5688693
      ],
      [
        126.9811128,
        37.5688807
      ],
      [
        126.9810292,
        37.5688852
      ],
      [
        126.9809942,
        37.5688871
      ],
      [
        126.9804925,
        37.5689238
      ],
      [
        126.9800485,
        37.5689685
      ],
      [
        126.9795291,
        37.5690091
      ],
      [
        126.9794117,
        37.5690176
      ],
      [
        126.9792862,
        37.5690224
      ],
      [
        126.9791451,
        37.5690278
      ],
      [
        126.978773,
        37.5690368
      ],
      [
        126.977886,
        37.5690959
      ]
    ]
  }
},
{
  "type": "Feature",
  "id": "way/1212442528",
  "properties": {
    "highway": "footway",
    "id": "way/1212442528"
  },
  "geometry": {
    "type": "LineString",
    "coordinates": [
      [
        126.9800883,
        37.5689826
      ],
      [
        126.9800924,
        37.5690026
      ]
    ]
  }
},
{
  "type": "Feature",
  "id": "way/1212442529",
  "properties": {
    "highway": "footway",
    "id": "way/1212442529"
  },
  "geometry": {
    "type": "LineString",
    "coordinates": [
      [
        126.9813241,
        37.5691119
      ],
      [
        126.9813231,
        37.5691006
      ]
    ]
  }
},
{
  "type": "Feature",
  "id": "way/1212442530",
  "properties": {
    "footway": "sidewalk",
    "highway": "footway",
    "id": "way/1212442530"
  },
  "geometry": {
    "type": "LineString",
    "coordinates": [
      [
        126.9825861,
        37.5690204
      ],
      [
        126.982588,
        37.5690312
      ],
      [
        126.9819129,
        37.5690827
      ],
      [
        126.98136,
        37.5691242
      ],
      [
        126.9810434,
        37.5691476
      ],
      [
        126.9800819,
        37.5692164
      ],
      [
        126.979435,
        37.5692556
      ]
    ]
  }
},
{
  "type": "Feature",
  "id": "way/1212442531",
  "properties": {
    "footway": "sidewalk",
    "highway": "footway",
    "id": "way/1212442531"
  },
  "geometry": {
    "type": "LineString",
    "coordinates": [
      [
        126.9791688,
        37.5692561
      ],
      [
        126.9784086,
        37.5693048
      ],
      [
        126.9776066,
        37.569343
      ]
    ]
  }
},
{
  "type": "Feature",
  "id": "way/1212442533",
  "properties": {
    "footway": "sidewalk",
    "highway": "footway",
    "id": "way/1212442533"
  },
  "geometry": {
    "type": "LineString",
    "coordinates": [
      [
        126.9791016,
        37.5670539
      ],
      [
        126.9791475,
        37.5670642
      ],
      [
        126.9791658,
        37.5675344
      ],
      [
        126.9791895,
        37.5681223
      ],
      [
        126.9792087,
        37.5686332
      ],
      [
        126.9792179,
        37.5688684
      ],
      [
        126.9792191,
        37.5689007
      ],
      [
        126.9792102,
        37.5689268
      ],
      [
        126.9791915,
        37.56894
      ],
      [
        126.9791377,
        37.5689434
      ],
      [
        126.9778848,
        37.5690235
      ],
      [
        126.9775519,
        37.5690449
      ]
    ]
  }
},
{
  "type": "Feature",
  "id": "way/1212442534",
  "properties": {
    "footway": "sidewalk",
    "highway": "footway",
    "id": "way/1212442534"
  },
  "geometry": {
    "type": "LineString",
    "coordinates": [
      [
        126.9791386,
        37.5689633
      ],
      [
        126.9791377,
        37.5689434
      ]
    ]
  }
},
{
  "type": "Feature",
  "id": "way/1212442535",
  "properties": {
    "footway": "crossing",
    "highway": "footway",
    "id": "way/1212442535"
  },
  "geometry": {
    "type": "LineString",
    "coordinates": [
      [
        126.9792179,
        37.5688684
      ],
      [
        126.9792757,
        37.5688656
      ],
      [
        126.9793345,
        37.5688623
      ]
    ]
  }
},
{
  "type": "Feature",
  "id": "way/1212442536",
  "properties": {
    "footway": "sidewalk",
    "highway": "footway",
    "id": "way/1212442536"
  },
  "geometry": {
    "type": "LineString",
    "coordinates": [
      [
        126.9798126,
        37.5688956
      ],
      [
        126.9794661,
        37.5689218
      ],
      [
        126.9794245,
        37.5689164
      ],
      [
        126.9793991,
        37.5689087
      ],
      [
        126.979384,
        37.5689041
      ],
      [
        126.9793533,
        37.5688862
      ],
      [
        126.9793345,
        37.5688623
      ],
      [
        126.9793296,
        37.5688343
      ],
      [
        126.979316,
        37.5686404
      ]
    ]
  }
},
{
  "type": "Feature",
  "id": "way/1212442537",
  "properties": {
    "footway": "sidewalk",
    "highway": "footway",
    "id": "way/1212442537"
  },
  "geometry": {
    "type": "LineString",
    "coordinates": [
      [
        126.9794016,
        37.568929
      ],
      [
        126.9793991,
        37.5689087
      ]
    ]
  }
},
{
  "type": "Feature",
  "id": "way/1212442538",
  "properties": {
    "highway": "footway",
    "id": "way/1212442538"
  },
  "geometry": {
    "type": "LineString",
    "coordinates": [
      [
        126.983176,
        37.5687506
      ],
      [
        126.9831797,
        37.5687616
      ]
    ]
  }
},
{
  "type": "Feature",
  "id": "way/1212442539",
  "properties": {
    "footway": "sidewalk",
    "highway": "footway",
    "id": "way/1212442539"
  },
  "geometry": {
    "type": "LineString",
    "coordinates": [
      [
        126.9829888,
        37.568739
      ],
      [
        126.9830965,
        37.5687248
      ],
      [
        126.9834602,
        37.5686695
      ],
      [
        126.984508,
        37.5684596
      ],
      [
        126.9854379,
        37.5682907
      ],
      [
        126.985614,
        37.5682585
      ],
      [
        126.9856364,
        37.568254
      ],
      [
        126.9865964,
        37.5680612
      ],
      [
        126.9866998,
        37.5680521
      ],
      [
        126.9868032,
        37.5680431
      ],
      [
        126.9873989,
        37.5680278
      ]
    ]
  }
},
{
  "type": "Feature",
  "id": "way/1212442540",
  "properties": {
    "footway": "sidewalk",
    "highway": "footway",
    "id": "way/1212442540"
  },
  "geometry": {
    "type": "LineString",
    "coordinates": [
      [
        126.9856431,
        37.5682728
      ],
      [
        126.9856364,
        37.568254
      ]
    ]
  }
},
{
  "type": "Feature",
  "id": "way/1212442541",
  "properties": {
    "footway": "crossing",
    "highway": "footway",
    "id": "way/1212442541"
  },
  "geometry": {
    "type": "LineString",
    "coordinates": [
      [
        126.9829346,
        37.5686012
      ],
      [
        126.9828025,
        37.5686048
      ],
      [
        126.9827046,
        37.5686034
      ],
      [
        126.9825556,
        37.5686115
      ]
    ]
  }
},
{
  "type": "Feature",
  "id": "way/1212442542",
  "properties": {
    "footway": "sidewalk",
    "highway": "footway",
    "surface": "paving_stones",
    "id": "way/1212442542"
  },
  "geometry": {
    "type": "LineString",
    "coordinates": [
      [
        126.9829717,
        37.5686251
      ],
      [
        126.9829825,
        37.568697
      ],
      [
        126.9829888,
        37.568739
      ]
    ]
  }
},
{
  "type": "Feature",
  "id": "way/1212442543",
  "properties": {
    "footway": "crossing",
    "highway": "footway",
    "id": "way/1212442543"
  },
  "geometry": {
    "type": "LineString",
    "coordinates": [
      [
        126.9825226,
        37.5687196
      ],
      [
        126.9825267,
        37.5687553
      ],
      [
        126.9825278,
        37.5687657
      ],
      [
        126.9825333,
        37.5687786
      ]
    ]
  }
},
{
  "type": "Feature",
  "id": "way/1212442544",
  "properties": {
    "footway": "sidewalk",
    "highway": "footway",
    "id": "way/1212442544"
  },
  "geometry": {
    "type": "LineString",
    "coordinates": [
      [
        126.9798126,
        37.5688956
      ],
      [
        126.9811017,
        37.5688031
      ],
      [
        126.981309,
        37.5687884
      ],
      [
        126.9820487,
        37.5687474
      ],
      [
        126.9824677,
        37.5687241
      ],
      [
        126.9825226,
        37.5687196
      ],
      [
        126.9825489,
        37.5686988
      ],
      [
        126.9825587,
        37.5686767
      ],
      [
        126.9825562,
        37.5686254
      ],
      [
        126.9825556,
        37.5686115
      ],
      [
        126.9825431,
        37.5683175
      ]
    ]
  }
},
{
  "type": "Feature",
  "id": "way/1212442545",
  "properties": {
    "footway": "sidewalk",
    "highway": "footway",
    "surface": "paving_stones",
    "id": "way/1212442545"
  },
  "geometry": {
    "type": "LineString",
    "coordinates": [
      [
        126.983651,
        37.5685349
      ],
      [
        126.9830422,
        37.5686414
      ],
      [
        126.9829922,
        37.5686336
      ],
      [
        126.9829717,
        37.5686251
      ],
      [
        126.9829488,
        37.5686154
      ],
      [
        126.9829346,
        37.5686012
      ],
      [
        126.9829192,
        37.568557
      ],
      [
        126.9828576,
        37.5676099
      ]
    ]
  }
},
{
  "type": "Feature",
  "id": "way/1212442546",
  "properties": {
    "bridge": "yes",
    "footway": "sidewalk",
    "highway": "footway",
    "layer": "1",
    "id": "way/1212442546"
  },
  "geometry": {
    "type": "LineString",
    "coordinates": [
      [
        126.9825574,
        37.5687934
      ],
      [
        126.9825861,
        37.5690204
      ]
    ]
  }
},
{
  "type": "Feature",
  "id": "way/1212442547",
  "properties": {
    "footway": "sidewalk",
    "highway": "footway",
    "id": "way/1212442547"
  },
  "geometry": {
    "type": "LineString",
    "coordinates": [
      [
        126.9825333,
        37.5687786
      ],
      [
        126.9825574,
        37.5687934
      ]
    ]
  }
},
{
  "type": "Feature",
  "id": "way/1262614122",
  "properties": {
    "electrified": "contact_line",
    "frequency": "0",
    "gauge": "1435",
    "layer": "-4",
    "level": "-4",
    "level:ref": "B4",
    "maxspeed": "80",
    "name": "3호선",
    "name:en": "Line 3",
    "name:ja": "3号線",
    "name:ko": "3호선",
    "name:zh": "3號線",
    "name:zh-Hans": "3号线",
    "name:zh-Hant": "3號線",
    "network": "수도권 전철",
    "operator": "서울교통공사",
    "operator:en": "Seoul Metro",
    "operator:ko": "서울교통공사",
    "operator:wikidata": "Q28699048",
    "railway": "subway",
    "railway:atc": "yes",
    "railway:radio": "lte-r",
    "ref": "3",
    "tunnel": "yes",
    "voltage": "1500",
    "wikidata": "Q20391",
    "wikipedia": "ko:서울 지하철 3호선",
    "workrules": "KR:URA",
    "id": "way/1262614122"
  },
  "geometry": {
    "type": "LineString",
    "coordinates": [
      [
        126.9578751,
        37.5745552
      ],
      [
        126.9583002,
        37.5741768
      ],
      [
        126.9595179,
        37.5730565
      ],
      [
        126.9599122,
        37.5727248
      ],
      [
        126.96023,
        37.5726005
      ],
      [
        126.9604661,
        37.5725463
      ],
      [
        126.9611066,
        37.5725466
      ],
      [
        126.9617625,
        37.5725288
      ],
      [
        126.9623055,
        37.5725779
      ],
      [
        126.9625681,
        37.572662
      ],
      [
        126.9628885,
        37.57277
      ],
      [
        126.9648156,
        37.5736469
      ],
      [
        126.965261,
        37.5738636
      ],
      [
        126.9657367,
        37.5740702
      ],
      [
        126.965922,
        37.5741416
      ],
      [
        126.96623,
        37.5742147
      ],
      [
        126.9666447,
        37.5743129
      ],
      [
        126.9669603,
        37.5744149
      ],
      [
        126.967417,
        37.5746211
      ],
      [
        126.9685972,
        37.5755607
      ],
      [
        126.9693804,
        37.5760071
      ],
      [
        126.9697559,
        37.5760836
      ],
      [
        126.9704264,
        37.5761134
      ],
      [
        126.9720036,
        37.5760177
      ],
      [
        126.973578,
        37.57582
      ],
      [
        126.9745249,
        37.5757563
      ],
      [
        126.9762395,
        37.5756058
      ],
      [
        126.9764437,
        37.5755887
      ],
      [
        126.9773117,
        37.5755601
      ],
      [
        126.9787402,
        37.5756176
      ],
      [
        126.9801522,
        37.5757015
      ],
      [
        126.9806919,
        37.575733
      ],
      [
        126.9813023,
        37.5757418
      ],
      [
        126.9821073,
        37.5757176
      ],
      [
        126.9826198,
        37.5756824
      ],
      [
        126.9831178,
        37.5757101
      ],
      [
        126.9834291,
        37.5757737
      ],
      [
        126.9837812,
        37.575888
      ],
      [
        126.9854253,
        37.5765045
      ],
      [
        126.986195,
        37.5768752
      ],
      [
        126.9868201,
        37.5771763
      ],
      [
        126.9874327,
        37.577405
      ],
      [
        126.9878952,
        37.5774668
      ],
      [
        126.9882,
        37.5774978
      ],
      [
        126.9885577,
        37.5775254
      ],
      [
        126.9889092,
        37.5775104
      ],
      [
        126.9893087,
        37.5774327
      ],
      [
        126.9896056,
        37.5773122
      ],
      [
        126.9898344,
        37.5772158
      ],
      [
        126.9900522,
        37.5770738
      ],
      [
        126.9904057,
        37.5765386
      ],
      [
        126.9905169,
        37.5762654
      ],
      [
        126.9910097,
        37.5745148
      ],
      [
        126.9915247,
        37.5728035
      ],
      [
        126.9918063,
        37.572018
      ],
      [
        126.9922811,
        37.5704161
      ],
      [
        126.9922839,
        37.5703615
      ],
      [
        126.9923379,
        37.5693113
      ],
      [
        126.9926834,
        37.5663661
      ],
      [
        126.9929187,
        37.5645218
      ],
      [
        126.9931457,
        37.5627425
      ],
      [
        126.9933029,
        37.562346
      ],
      [
        126.9934399,
        37.562095
      ],
      [
        126.9935474,
        37.561972
      ],
      [
        126.9937804,
        37.561721
      ],
      [
        126.9940031,
        37.5615145
      ],
      [
        126.9944803,
        37.5610711
      ],
      [
        126.9948429,
        37.5608091
      ],
      [
        126.9949329,
        37.5607515
      ],
      [
        126.9950665,
        37.560675
      ],
      [
        126.9955441,
        37.5604509
      ],
      [
        126.9961892,
        37.5602459
      ],
      [
        126.9965997,
        37.5601824
      ],
      [
        126.9970218,
        37.5601171
      ],
      [
        126.997453,
        37.560032
      ],
      [
        126.9979158,
        37.559942
      ],
      [
        126.9984693,
        37.5598218
      ],
      [
        127.0022106,
        37.5591436
      ],
      [
        127.0031869,
        37.5590139
      ],
      [
        127.0037261,
        37.558999
      ],
      [
        127.0051785,
        37.559084
      ],
      [
        127.0057565,
        37.5590786
      ],
      [
        127.0061417,
        37.559035
      ],
      [
        127.0065048,
        37.5589544
      ],
      [
        127.0068642,
        37.5588353
      ],
      [
        127.0080605,
        37.558123
      ],
      [
        127.0083019,
        37.5579252
      ],
      [
        127.0087472,
        37.5574957
      ],
      [
        127.0089617,
        37.5572384
      ],
      [
        127.0095625,
        37.5563092
      ],
      [
        127.0106059,
        37.5548888
      ]
    ]
  }
},
{
  "type": "Feature",
  "id": "way/1262614123",
  "properties": {
    "electrified": "contact_line",
    "frequency": "0",
    "gauge": "1435",
    "layer": "-4",
    "level": "-4",
    "level:ref": "B4",
    "maxspeed": "80",
    "name": "3호선",
    "name:en": "Line 3",
    "name:ja": "3号線",
    "name:ko": "3호선",
    "name:zh": "3號線",
    "name:zh-Hans": "3号线",
    "name:zh-Hant": "3號線",
    "network": "수도권 전철",
    "operator": "서울교통공사",
    "operator:en": "Seoul Metro",
    "operator:ko": "서울교통공사",
    "operator:wikidata": "Q28699048",
    "railway": "subway",
    "railway:atc": "yes",
    "railway:radio": "lte-r",
    "ref": "3",
    "tunnel": "yes",
    "voltage": "1500",
    "wikidata": "Q20391",
    "wikipedia": "ko:서울 지하철 3호선",
    "workrules": "KR:URA",
    "id": "way/1262614123"
  },
  "geometry": {
    "type": "LineString",
    "coordinates": [
      [
        126.9578197,
        37.574513
      ],
      [
        126.9582499,
        37.5741337
      ],
      [
        126.9594647,
        37.5730281
      ],
      [
        126.9598735,
        37.57269
      ],
      [
        126.9602054,
        37.5725567
      ],
      [
        126.9604557,
        37.5725032
      ],
      [
        126.9607878,
        37.5724888
      ],
      [
        126.9618259,
        37.572459
      ],
      [
        126.9623352,
        37.5725
      ],
      [
        126.9629321,
        37.572637
      ],
      [
        126.9643349,
        37.5732887
      ],
      [
        126.965478,
        37.5738669
      ],
      [
        126.9657421,
        37.5739729
      ],
      [
        126.9659082,
        37.5740207
      ],
      [
        126.9666883,
        37.5742259
      ],
      [
        126.9670592,
        37.574355
      ],
      [
        126.9674441,
        37.5745643
      ],
      [
        126.9686588,
        37.5755195
      ],
      [
        126.9694309,
        37.5759523
      ],
      [
        126.9697637,
        37.5760296
      ],
      [
        126.9704196,
        37.5760494
      ],
      [
        126.9719825,
        37.5759657
      ],
      [
        126.9735668,
        37.5757585
      ],
      [
        126.9745027,
        37.5756929
      ],
      [
        126.9755144,
        37.5756121
      ],
      [
        126.9760321,
        37.5755707
      ],
      [
        126.9764612,
        37.5755364
      ],
      [
        126.9773304,
        37.5755139
      ],
      [
        126.9787944,
        37.5755563
      ],
      [
        126.9794571,
        37.575592
      ],
      [
        126.9801362,
        37.5756386
      ],
      [
        126.9807732,
        37.5756528
      ],
      [
        126.9813947,
        37.575641
      ],
      [
        126.9819506,
        37.5756386
      ],
      [
        126.9824432,
        37.5756119
      ],
      [
        126.9828957,
        37.5756061
      ],
      [
        126.9833324,
        37.5756522
      ],
      [
        126.9838187,
        37.5758115
      ],
      [
        126.9854679,
        37.5764552
      ],
      [
        126.9862272,
        37.5768286
      ],
      [
        126.9864186,
        37.5769168
      ],
      [
        126.9868664,
        37.577123
      ],
      [
        126.987463,
        37.5773311
      ],
      [
        126.987838,
        37.5773969
      ],
      [
        126.9883244,
        37.5774252
      ],
      [
        126.9887488,
        37.5774359
      ],
      [
        126.9891298,
        37.577386
      ],
      [
        126.989422,
        37.5773105
      ],
      [
        126.9896803,
        37.5772032
      ],
      [
        126.9899183,
        37.5770575
      ],
      [
        126.9900992,
        37.5768125
      ],
      [
        126.9902669,
        37.5765482
      ],
      [
        126.9903978,
        37.5762702
      ],
      [
        126.9909155,
        37.574507
      ],
      [
        126.9914283,
        37.5727796
      ],
      [
        126.9916922,
        37.5720185
      ],
      [
        126.9921957,
        37.570407
      ],
      [
        126.9922493,
        37.5693085
      ],
      [
        126.9923614,
        37.5683346
      ],
      [
        126.9925882,
        37.5663629
      ],
      [
        126.9926125,
        37.5661602
      ],
      [
        126.9928529,
        37.5640398
      ],
      [
        126.9928637,
        37.5639548
      ],
      [
        126.993037,
        37.5625943
      ],
      [
        126.9931695,
        37.5622831
      ],
      [
        126.9932766,
        37.5620828
      ],
      [
        126.9933422,
        37.5619411
      ],
      [
        126.9934937,
        37.5617791
      ],
      [
        126.9937165,
        37.5615213
      ],
      [
        126.993871,
        37.5613688
      ],
      [
        126.9940082,
        37.5612334
      ],
      [
        126.9941698,
        37.5610888
      ],
      [
        126.9943138,
        37.5609857
      ],
      [
        126.9948063,
        37.5606488
      ],
      [
        126.9949892,
        37.5605356
      ],
      [
        126.9955171,
        37.5603349
      ],
      [
        126.9961532,
        37.5601801
      ],
      [
        126.9970003,
        37.5600575
      ],
      [
        126.9974264,
        37.5599741
      ],
      [
        127.0010368,
        37.5592482
      ],
      [
        127.0022015,
        37.5590591
      ],
      [
        127.0032012,
        37.5589416
      ],
      [
        127.0037494,
        37.5589347
      ],
      [
        127.0051775,
        37.5590203
      ],
      [
        127.0057659,
        37.5590197
      ],
      [
        127.0061835,
        37.5589491
      ],
      [
        127.0065024,
        37.5588805
      ],
      [
        127.0068323,
        37.5587855
      ],
      [
        127.0080216,
        37.5580771
      ],
      [
        127.0082564,
        37.5578887
      ],
      [
        127.0086983,
        37.5574645
      ],
      [
        127.008892,
        37.5572235
      ],
      [
        127.0095061,
        37.5562796
      ],
      [
        127.0105499,
        37.5548296
      ]
    ]
  }
},
{
  "type": "Feature",
  "id": "way/1268929921",
  "properties": {
    "id": "way/1268929921"
  },
  "geometry": {
    "type": "LineString",
    "coordinates": [
      [
        126.9953664,
        37.5704335
      ],
      [
        126.9954731,
        37.5704421
      ],
      [
        126.9961386,
        37.5704809
      ],
      [
        126.9967295,
        37.5705059
      ],
      [
        126.9970362,
        37.5705202
      ],
      [
        126.9971106,
        37.5705202
      ],
      [
        126.9971512,
        37.5705148
      ],
      [
        126.997236,
        37.570478
      ],
      [
        126.9975968,
        37.5702415
      ],
      [
        126.997607,
        37.5702318
      ],
      [
        126.9976941,
        37.5701482
      ],
      [
        126.9977088,
        37.5701359
      ],
      [
        126.9977617,
        37.5697267
      ],
      [
        126.9978097,
        37.5691546
      ],
      [
        126.997814,
        37.5690755
      ],
      [
        126.9977947,
        37.5690324
      ],
      [
        126.9977596,
        37.5690123
      ]
    ]
  }
},
{
  "type": "Feature",
  "id": "way/1272494852",
  "properties": {
    "alt_name": "수도권 광역급행철도 B노선",
    "construction": "rail",
    "construction:electrified": "contact_line",
    "construction:frequency": "60",
    "construction:voltage": "25000",
    "gauge": "1435",
    "layer": "-6",
    "maxspeed": "198",
    "name": "수도권광역급행철도비선",
    "name:en": "Great Train eXpress Line B",
    "name:ja": "首都圏広域急行鉄道 B路線",
    "name:ko": "수도권광역급행철도비선",
    "name:ko-Hani": "首都圈廣域急行鐵道B線",
    "name:zh": "首都圈广域高速铁路B线",
    "opening_date": "2030",
    "operator": "한국철도공사",
    "operator:en": "Korea Railroad Corporation",
    "operator:ko": "한국철도공사",
    "operator:type": "public",
    "railway": "construction",
    "short_name:en": "GTX Line B;GTX-B",
    "start_date": "2024-03-07",
    "tunnel": "yes",
    "usage": "main",
    "id": "way/1272494852"
  },
  "geometry": {
    "type": "LineString",
    "coordinates": [
      [
        126.6380988,
        37.3847983
      ],
      [
        126.6410589,
        37.3875128
      ],
      [
        126.6429869,
        37.3892102
      ],
      [
        126.6456305,
        37.3917334
      ],
      [
        126.650746,
        37.3966431
      ],
      [
        126.6541792,
        37.3999842
      ],
      [
        126.6554202,
        37.4011852
      ],
      [
        126.6587161,
        37.4061625
      ],
      [
        126.6622524,
        37.4114939
      ],
      [
        126.6635204,
        37.4131051
      ],
      [
        126.6655093,
        37.4162677
      ],
      [
        126.6673117,
        37.4202487
      ],
      [
        126.6689769,
        37.424066
      ],
      [
        126.6698867,
        37.4254701
      ],
      [
        126.6713973,
        37.4270651
      ],
      [
        126.6732961,
        37.4284581
      ],
      [
        126.6780782,
        37.4301195
      ],
      [
        126.6836822,
        37.4316028
      ],
      [
        126.6885838,
        37.4321487
      ],
      [
        126.6940533,
        37.4325522
      ],
      [
        126.696011,
        37.4328844
      ],
      [
        126.6973858,
        37.4337269
      ],
      [
        126.6981779,
        37.4346407
      ],
      [
        126.6989699,
        37.4373936
      ],
      [
        126.6995079,
        37.4392565
      ],
      [
        126.6996274,
        37.4399565
      ],
      [
        126.7000864,
        37.4428275
      ],
      [
        126.7006866,
        37.4467389
      ],
      [
        126.7017606,
        37.4542544
      ],
      [
        126.7021952,
        37.4580371
      ],
      [
        126.7023331,
        37.4596769
      ],
      [
        126.7023834,
        37.4615229
      ],
      [
        126.7023671,
        37.4628373
      ],
      [
        126.7023216,
        37.4646082
      ],
      [
        126.7024777,
        37.4657854
      ],
      [
        126.7026761,
        37.4669801
      ],
      [
        126.7030809,
        37.4697755
      ],
      [
        126.7031647,
        37.4717317
      ],
      [
        126.7032577,
        37.4740836
      ],
      [
        126.7033771,
        37.4761206
      ],
      [
        126.703457,
        37.4775154
      ],
      [
        126.7036347,
        37.4790652
      ],
      [
        126.7037767,
        37.4795425
      ],
      [
        126.7042238,
        37.4803249
      ],
      [
        126.7049231,
        37.4810371
      ],
      [
        126.7060971,
        37.4821055
      ],
      [
        126.7075613,
        37.4832265
      ],
      [
        126.7088807,
        37.4842218
      ],
      [
        126.7107239,
        37.4854418
      ],
      [
        126.7127285,
        37.4867202
      ],
      [
        126.7148881,
        37.4884316
      ],
      [
        126.7159971,
        37.4891516
      ],
      [
        126.7163679,
        37.4893658
      ],
      [
        126.7177176,
        37.4898097
      ],
      [
        126.7187812,
        37.4899052
      ],
      [
        126.7198772,
        37.4898535
      ],
      [
        126.7223097,
        37.4895539
      ],
      [
        126.7259018,
        37.4893246
      ],
      [
        126.729556,
        37.4892464
      ],
      [
        126.7310645,
        37.4892132
      ],
      [
        126.7319541,
        37.4892552
      ],
      [
        126.7327444,
        37.4893817
      ],
      [
        126.733702,
        37.4896222
      ],
      [
        126.7343258,
        37.4898654
      ],
      [
        126.7350959,
        37.4904398
      ],
      [
        126.7360223,
        37.4913017
      ],
      [
        126.7372296,
        37.4927303
      ],
      [
        126.7391527,
        37.4948828
      ],
      [
        126.7410161,
        37.4969088
      ],
      [
        126.7445359,
        37.5009059
      ],
      [
        126.7468549,
        37.5044844
      ],
      [
        126.7478486,
        37.5053877
      ],
      [
        126.7485486,
        37.5057397
      ],
      [
        126.750043,
        37.5060066
      ],
      [
        126.7512609,
        37.5060184
      ],
      [
        126.7527329,
        37.5060006
      ],
      [
        126.7546906,
        37.5058999
      ],
      [
        126.7618625,
        37.5050709
      ],
      [
        126.7698683,
        37.5040385
      ],
      [
        126.7788698,
        37.5028183
      ],
      [
        126.780329,
        37.5026384
      ],
      [
        126.781453,
        37.5027479
      ],
      [
        126.7892715,
        37.5042027
      ],
      [
        126.7959068,
        37.5053837
      ],
      [
        126.8013097,
        37.5064474
      ],
      [
        126.8050366,
        37.5066977
      ],
      [
        126.807038,
        37.5066586
      ],
      [
        126.8106367,
        37.5062285
      ],
      [
        126.8175868,
        37.5049169
      ],
      [
        126.8259775,
        37.5028731
      ],
      [
        126.8289695,
        37.5021443
      ],
      [
        126.8349539,
        37.5007097
      ],
      [
        126.8505593,
        37.4964393
      ],
      [
        126.855131,
        37.4951464
      ],
      [
        126.8567562,
        37.4948052
      ],
      [
        126.8625582,
        37.4941204
      ],
      [
        126.863283,
        37.4940671
      ],
      [
        126.8647101,
        37.4942509
      ],
      [
        126.8664156,
        37.4949419
      ],
      [
        126.8703683,
        37.4967678
      ],
      [
        126.8731927,
        37.4980601
      ],
      [
        126.8776486,
        37.5001563
      ],
      [
        126.878743,
        37.5009463
      ],
      [
        126.882312,
        37.5039264
      ],
      [
        126.883505,
        37.5048571
      ],
      [
        126.8871037,
        37.5067577
      ],
      [
        126.8902627,
        37.5087681
      ],
      [
        126.8947086,
        37.5105788
      ],
      [
        126.8976563,
        37.5118324
      ],
      [
        126.9003218,
        37.5128067
      ],
      [
        126.9023823,
        37.5138031
      ],
      [
        126.9083829,
        37.5165691
      ],
      [
        126.9108924,
        37.5176312
      ],
      [
        126.9135144,
        37.5192136
      ],
      [
        126.9140862,
        37.519847
      ],
      [
        126.9144313,
        37.52041
      ],
      [
        126.9148059,
        37.5215517
      ],
      [
        126.9151116,
        37.5220678
      ],
      [
        126.9154764,
        37.522537
      ],
      [
        126.9163834,
        37.5233658
      ],
      [
        126.9173989,
        37.5239054
      ],
      [
        126.9183652,
        37.5242494
      ],
      [
        126.9195384,
        37.5243511
      ],
      [
        126.9207216,
        37.524312
      ],
      [
        126.9215783,
        37.524125
      ],
      [
        126.922216,
        37.5237403
      ],
      [
        126.9233869,
        37.5228839
      ],
      [
        126.9262099,
        37.5199845
      ],
      [
        126.9288816,
        37.5170642
      ],
      [
        126.9320615,
        37.5147017
      ],
      [
        126.93357,
        37.5141035
      ],
      [
        126.9350045,
        37.5138915
      ],
      [
        126.9361402,
        37.5139213
      ],
      [
        126.9371716,
        37.514024
      ],
      [
        126.9389121,
        37.5142246
      ],
      [
        126.9436963,
        37.514989
      ],
      [
        126.9454797,
        37.5154217
      ],
      [
        126.947415,
        37.5166188
      ],
      [
        126.9489169,
        37.5179583
      ],
      [
        126.9516068,
        37.520554
      ],
      [
        126.9553951,
        37.5235467
      ],
      [
        126.957547,
        37.5253423
      ],
      [
        126.9617688,
        37.5287327
      ],
      [
        126.9636484,
        37.5302915
      ],
      [
        126.966189,
        37.5321905
      ],
      [
        126.9677234,
        37.5332543
      ],
      [
        126.9687636,
        37.5339149
      ],
      [
        126.9696121,
        37.5348153
      ],
      [
        126.97015,
        37.5355338
      ],
      [
        126.9705917,
        37.5364858
      ],
      [
        126.9707786,
        37.5378373
      ],
      [
        126.9708922,
        37.5398602
      ],
      [
        126.9708981,
        37.5419565
      ],
      [
        126.9708542,
        37.5447147
      ],
      [
        126.9708514,
        37.5453905
      ],
      [
        126.9708603,
        37.5463658
      ],
      [
        126.9708005,
        37.547758
      ],
      [
        126.9709424,
        37.5495115
      ],
      [
        126.9712025,
        37.5514874
      ],
      [
        126.9717188,
        37.5546851
      ],
      [
        126.972005,
        37.5559614
      ],
      [
        126.9723156,
        37.5572832
      ],
      [
        126.9726419,
        37.558145
      ],
      [
        126.9751077,
        37.5612285
      ],
      [
        126.9762294,
        37.5627411
      ],
      [
        126.9773299,
        37.5642249
      ],
      [
        126.9781742,
        37.5651607
      ],
      [
        126.979564,
        37.5662979
      ],
      [
        126.9841518,
        37.5676897
      ],
      [
        126.9862963,
        37.5681339
      ],
      [
        126.9889339,
        37.5682109
      ],
      [
        126.9930659,
        37.5685781
      ],
      [
        126.9964283,
        37.5687794
      ],
      [
        127.0003946,
        37.5695542
      ],
      [
        127.0021954,
        37.5697607
      ],
      [
        127.0073711,
        37.5698594
      ],
      [
        127.0104063,
        37.5697517
      ],
      [
        127.017496,
        37.5687553
      ],
      [
        127.0265224,
        37.5674626
      ],
      [
        127.031902,
        37.5666996
      ],
      [
        127.0336121,
        37.5664662
      ],
      [
        127.0347685,
        37.5663137
      ],
      [
        127.0358352,
        37.5664839
      ],
      [
        127.0370972,
        37.5668602
      ],
      [
        127.0375655,
        37.5672005
      ],
      [
        127.0384241,
        37.5682626
      ],
      [
        127.0396796,
        37.5699692
      ],
      [
        127.0402775,
        37.5705549
      ],
      [
        127.0416132,
        37.5719066
      ],
      [
        127.0420353,
        37.5723982
      ],
      [
        127.0425013,
        37.5729113
      ],
      [
        127.0431495,
        37.5736693
      ],
      [
        127.0436425,
        37.5742749
      ],
      [
        127.044446,
        37.5753884
      ],
      [
        127.0450573,
        37.5762186
      ],
      [
        127.0456538,
        37.576875
      ],
      [
        127.0463267,
        37.5774435
      ],
      [
        127.0471524,
        37.5782522
      ],
      [
        127.0476848,
        37.5788988
      ],
      [
        127.0483281,
        37.579772
      ],
      [
        127.0488157,
        37.5804389
      ],
      [
        127.0492179,
        37.5809889
      ],
      [
        127.0496567,
        37.5816823
      ],
      [
        127.0501447,
        37.5825086
      ],
      [
        127.0505169,
        37.583288
      ],
      [
        127.0507511,
        37.5836396
      ],
      [
        127.051106,
        37.5841162
      ],
      [
        127.0515694,
        37.5846865
      ],
      [
        127.052368,
        37.5856905
      ],
      [
        127.0529325,
        37.5863019
      ],
      [
        127.0531444,
        37.5864894
      ],
      [
        127.0538543,
        37.587046
      ],
      [
        127.0547244,
        37.587548
      ],
      [
        127.0553357,
        37.5879172
      ],
      [
        127.0563635,
        37.5884895
      ],
      [
        127.0572074,
        37.588707
      ],
      [
        127.0596348,
        37.5894333
      ],
      [
        127.0725118,
        37.5931436
      ],
      [
        127.0827503,
        37.5961705
      ],
      [
        127.0862681,
        37.5975225
      ],
      [
        127.0882145,
        37.5985289
      ],
      [
        127.0890129,
        37.5989784
      ],
      [
        127.0901089,
        37.5994662
      ],
      [
        127.0908089,
        37.5997064
      ],
      [
        127.0926453,
        37.6003917
      ],
      [
        127.0934323,
        37.6006365
      ],
      [
        127.0949252,
        37.6009328
      ],
      [
        127.0986158,
        37.6020989
      ],
      [
        127.1003579,
        37.6027971
      ],
      [
        127.1022509,
        37.6042773
      ],
      [
        127.1029213,
        37.6051443
      ],
      [
        127.1032418,
        37.6060895
      ],
      [
        127.1032861,
        37.6067924
      ],
      [
        127.1031333,
        37.6107094
      ]
    ]
  }
},
{
  "type": "Feature",
  "id": "way/1272494853",
  "properties": {
    "alt_name": "수도권 광역급행철도 B노선",
    "construction": "rail",
    "construction:electrified": "contact_line",
    "construction:frequency": "60",
    "construction:voltage": "25000",
    "gauge": "1435",
    "layer": "-6",
    "maxspeed": "198",
    "name": "수도권광역급행철도비선",
    "name:en": "Great Train eXpress Line B",
    "name:ja": "首都圏広域急行鉄道 B路線",
    "name:ko": "수도권광역급행철도비선",
    "name:ko-Hani": "首都圈廣域急行鐵道B線",
    "name:zh": "首都圈广域高速铁路B线",
    "opening_date": "2030",
    "operator": "한국철도공사",
    "operator:en": "Korea Railroad Corporation",
    "operator:ko": "한국철도공사",
    "operator:type": "public",
    "railway": "construction",
    "short_name:en": "GTX Line B;GTX-B",
    "start_date": "2024-03-07",
    "tunnel": "yes",
    "usage": "main",
    "id": "way/1272494853"
  },
  "geometry": {
    "type": "LineString",
    "coordinates": [
      [
        127.1033754,
        37.6108005
      ],
      [
        127.1036145,
        37.6081783
      ],
      [
        127.1035924,
        37.6067134
      ],
      [
        127.1034727,
        37.6060956
      ],
      [
        127.1033069,
        37.605454
      ],
      [
        127.1029881,
        37.6048588
      ],
      [
        127.1024222,
        37.6042584
      ],
      [
        127.1013131,
        37.6033283
      ],
      [
        127.1001232,
        37.602565
      ],
      [
        127.0967038,
        37.6013327
      ],
      [
        127.095026,
        37.6009064
      ],
      [
        127.0927755,
        37.6002928
      ],
      [
        127.0907399,
        37.5995164
      ],
      [
        127.0888969,
        37.5988773
      ],
      [
        127.0871757,
        37.5978309
      ],
      [
        127.0830371,
        37.5962123
      ],
      [
        127.0761031,
        37.5940928
      ],
      [
        127.069199,
        37.5920088
      ],
      [
        127.0642226,
        37.5905701
      ],
      [
        127.0596629,
        37.589284
      ],
      [
        127.0565622,
        37.5883778
      ],
      [
        127.0547135,
        37.587452
      ],
      [
        127.0531558,
        37.5864324
      ],
      [
        127.052987,
        37.5862429
      ],
      [
        127.0528003,
        37.5860041
      ],
      [
        127.0524553,
        37.5856028
      ],
      [
        127.0518575,
        37.5848681
      ],
      [
        127.0509228,
        37.5837524
      ],
      [
        127.0502232,
        37.5825359
      ],
      [
        127.0493422,
        37.5810982
      ],
      [
        127.0490166,
        37.5805555
      ],
      [
        127.0485498,
        37.5799525
      ],
      [
        127.0470609,
        37.5780062
      ],
      [
        127.0450941,
        37.5761855
      ],
      [
        127.0435443,
        37.5739714
      ],
      [
        127.042352,
        37.5726246
      ],
      [
        127.0400943,
        37.5702795
      ],
      [
        127.0391116,
        37.5691488
      ],
      [
        127.0381602,
        37.5677109
      ],
      [
        127.0374626,
        37.5669154
      ],
      [
        127.0363348,
        37.5664445
      ],
      [
        127.0355321,
        37.5663345
      ],
      [
        127.0347881,
        37.5662193
      ],
      [
        127.0336347,
        37.5662597
      ],
      [
        127.0282552,
        37.5669419
      ],
      [
        127.0213467,
        37.5681
      ],
      [
        127.0092304,
        37.5696733
      ],
      [
        127.0048331,
        37.5695249
      ],
      [
        127.0013627,
        37.5694545
      ],
      [
        126.9964401,
        37.5685986
      ],
      [
        126.9921217,
        37.5681922
      ],
      [
        126.9886315,
        37.5680203
      ],
      [
        126.9863835,
        37.5680046
      ],
      [
        126.9843821,
        37.5675983
      ],
      [
        126.9805074,
        37.5664885
      ],
      [
        126.9790656,
        37.5657115
      ],
      [
        126.97785,
        37.5646514
      ],
      [
        126.9752945,
        37.5612225
      ],
      [
        126.9729905,
        37.5581938
      ],
      [
        126.9724134,
        37.5572373
      ],
      [
        126.9721649,
        37.5561638
      ],
      [
        126.9719169,
        37.5549888
      ],
      [
        126.9710345,
        37.5495042
      ],
      [
        126.9709496,
        37.5476497
      ],
      [
        126.9709067,
        37.5456715
      ],
      [
        126.9709338,
        37.5445541
      ],
      [
        126.9709693,
        37.5421351
      ],
      [
        126.9709286,
        37.5412041
      ],
      [
        126.9710062,
        37.5394531
      ],
      [
        126.9709264,
        37.5380169
      ],
      [
        126.970732,
        37.536512
      ],
      [
        126.9703395,
        37.5355526
      ],
      [
        126.9697358,
        37.5346382
      ],
      [
        126.9688031,
        37.5336837
      ],
      [
        126.9668922,
        37.5324313
      ],
      [
        126.9649745,
        37.5311604
      ],
      [
        126.9597432,
        37.5267256
      ],
      [
        126.9564785,
        37.5242045
      ],
      [
        126.9550215,
        37.522883
      ],
      [
        126.9519356,
        37.5201866
      ],
      [
        126.9493951,
        37.5179464
      ],
      [
        126.948376,
        37.5172548
      ],
      [
        126.9476022,
        37.5165502
      ],
      [
        126.9457684,
        37.5154061
      ],
      [
        126.9441662,
        37.5148914
      ],
      [
        126.9390224,
        37.5141486
      ],
      [
        126.9374084,
        37.5139867
      ],
      [
        126.9362888,
        37.5138598
      ],
      [
        126.9348991,
        37.5138035
      ],
      [
        126.9335632,
        37.5140123
      ],
      [
        126.9325228,
        37.5141236
      ],
      [
        126.9301368,
        37.5153899
      ],
      [
        126.9285187,
        37.5168306
      ],
      [
        126.9249059,
        37.5206483
      ],
      [
        126.9222671,
        37.5234181
      ],
      [
        126.922004,
        37.5236569
      ],
      [
        126.9213214,
        37.5240346
      ],
      [
        126.9203191,
        37.5242143
      ],
      [
        126.9188628,
        37.524149
      ],
      [
        126.9177822,
        37.5239178
      ],
      [
        126.9167855,
        37.5234508
      ],
      [
        126.9157549,
        37.5225705
      ],
      [
        126.9153213,
        37.5220796
      ],
      [
        126.9150277,
        37.5216257
      ],
      [
        126.9145998,
        37.5202889
      ],
      [
        126.9145091,
        37.5201592
      ],
      [
        126.9141873,
        37.5196991
      ],
      [
        126.9137544,
        37.5192058
      ],
      [
        126.9133006,
        37.5188232
      ],
      [
        126.9109876,
        37.5175066
      ],
      [
        126.9062449,
        37.5155639
      ],
      [
        126.9025498,
        37.5137768
      ],
      [
        126.9005086,
        37.5125927
      ],
      [
        126.8971638,
        37.5110612
      ],
      [
        126.8942069,
        37.5097641
      ],
      [
        126.8910183,
        37.5083241
      ],
      [
        126.8894004,
        37.5075888
      ],
      [
        126.8869928,
        37.5060194
      ],
      [
        126.8852954,
        37.5050273
      ],
      [
        126.8838415,
        37.5039747
      ],
      [
        126.8829209,
        37.5032334
      ],
      [
        126.8816415,
        37.502023
      ],
      [
        126.8802938,
        37.5007471
      ],
      [
        126.8781355,
        37.4996512
      ],
      [
        126.8735962,
        37.4977222
      ],
      [
        126.8723914,
        37.4972516
      ],
      [
        126.8657488,
        37.4941096
      ],
      [
        126.8644926,
        37.493761
      ],
      [
        126.864232,
        37.4936887
      ],
      [
        126.863313,
        37.4936353
      ],
      [
        126.8622295,
        37.4937124
      ],
      [
        126.8599132,
        37.4941155
      ],
      [
        126.8545259,
        37.4951708
      ],
      [
        126.8505078,
        37.4961942
      ],
      [
        126.8347303,
        37.5005509
      ],
      [
        126.8202647,
        37.5040548
      ],
      [
        126.8173187,
        37.5048613
      ],
      [
        126.8104859,
        37.5061672
      ],
      [
        126.8061017,
        37.506611
      ],
      [
        126.8030245,
        37.5063817
      ],
      [
        126.7964779,
        37.505185
      ],
      [
        126.7885904,
        37.5038241
      ],
      [
        126.7808114,
        37.5024006
      ],
      [
        126.7797565,
        37.5024162
      ],
      [
        126.773693,
        37.5032453
      ],
      [
        126.7673632,
        37.5040979
      ],
      [
        126.7605208,
        37.5049817
      ],
      [
        126.7547819,
        37.5056812
      ],
      [
        126.7524532,
        37.5057586
      ],
      [
        126.7511476,
        37.5057127
      ],
      [
        126.7494503,
        37.5057613
      ],
      [
        126.7483658,
        37.505511
      ],
      [
        126.7469529,
        37.5042518
      ],
      [
        126.744852,
        37.5010433
      ],
      [
        126.7412815,
        37.4970121
      ],
      [
        126.7391014,
        37.4946423
      ],
      [
        126.7374661,
        37.4927734
      ],
      [
        126.7367844,
        37.4919064
      ],
      [
        126.7361407,
        37.491273
      ],
      [
        126.7355059,
        37.490544
      ],
      [
        126.7342438,
        37.489659
      ],
      [
        126.7328658,
        37.4892797
      ],
      [
        126.7313221,
        37.4891722
      ],
      [
        126.7260983,
        37.4892894
      ],
      [
        126.7195158,
        37.4896962
      ],
      [
        126.7184478,
        37.4896693
      ],
      [
        126.7176493,
        37.489503
      ],
      [
        126.7164828,
        37.4890537
      ],
      [
        126.7140365,
        37.487517
      ],
      [
        126.7112958,
        37.4857422
      ],
      [
        126.7089854,
        37.4842369
      ],
      [
        126.7060871,
        37.482057
      ],
      [
        126.7043048,
        37.4803794
      ],
      [
        126.7037194,
        37.479316
      ],
      [
        126.7036322,
        37.4785205
      ],
      [
        126.7034164,
        37.4761176
      ],
      [
        126.7033186,
        37.4736882
      ],
      [
        126.7032289,
        37.4702309
      ],
      [
        126.7026312,
        37.4646681
      ],
      [
        126.7026175,
        37.4642752
      ],
      [
        126.7024885,
        37.4605804
      ],
      [
        126.7023417,
        37.4579858
      ],
      [
        126.7019736,
        37.4551783
      ],
      [
        126.7013311,
        37.4507295
      ],
      [
        126.700808,
        37.4469212
      ],
      [
        126.7002999,
        37.443255
      ],
      [
        126.6997476,
        37.4398251
      ],
      [
        126.699061,
        37.4366629
      ],
      [
        126.6982885,
        37.4343866
      ],
      [
        126.6974474,
        37.4334802
      ],
      [
        126.6964689,
        37.4329554
      ],
      [
        126.6954926,
        37.4325802
      ],
      [
        126.6935507,
        37.432342
      ],
      [
        126.6850606,
        37.4316114
      ],
      [
        126.6812349,
        37.4308163
      ],
      [
        126.6754965,
        37.4291312
      ],
      [
        126.6736449,
        37.4283929
      ],
      [
        126.6721521,
        37.4274411
      ],
      [
        126.6711632,
        37.4264837
      ],
      [
        126.6698673,
        37.4250181
      ],
      [
        126.6691534,
        37.4235584
      ],
      [
        126.6678524,
        37.4204175
      ],
      [
        126.6668247,
        37.4177104
      ],
      [
        126.6648854,
        37.414503
      ],
      [
        126.6637083,
        37.4126523
      ],
      [
        126.6583105,
        37.4051454
      ],
      [
        126.6555924,
        37.4010879
      ],
      [
        126.6548222,
        37.4003321
      ],
      [
        126.6510282,
        37.3966163
      ],
      [
        126.6470983,
        37.3929632
      ],
      [
        126.6411357,
        37.3873749
      ],
      [
        126.63829,
        37.3846631
      ]
    ]
  }
},
{
  "type": "Feature",
  "id": "way/1273154752",
  "properties": {
    "access": "yes",
    "conveying": "forward",
    "highway": "steps",
    "incline": "up",
    "id": "way/1273154752"
  },
  "geometry": {
    "type": "LineString",
    "coordinates": [
      [
        126.9951529,
        37.5680435
      ],
      [
        126.9951648,
        37.5680703
      ],
      [
        126.9951603,
        37.5681079
      ]
    ]
  }
},
{
  "type": "Feature",
  "id": "way/1277932649",
  "properties": {
    "highway": "footway",
    "id": "way/1277932649"
  },
  "geometry": {
    "type": "LineString",
    "coordinates": [
      [
        126.9930503,
        37.5692981
      ],
      [
        126.9930614,
        37.5691658
      ],
      [
        126.9930493,
        37.5691497
      ],
      [
        126.9930013,
        37.5691343
      ],
      [
        126.9930161,
        37.5691175
      ],
      [
        126.9930669,
        37.5689446
      ],
      [
        126.9930727,
        37.5689276
      ],
      [
        126.9930289,
        37.5689216
      ],
      [
        126.993069,
        37.5687258
      ],
      [
        126.9930614,
        37.5686896
      ],
      [
        126.9930801,
        37.5685942
      ]
    ]
  }
},
{
  "type": "Feature",
  "id": "way/1277932659",
  "properties": {
    "highway": "footway",
    "layer": "-1",
    "tunnel": "yes",
    "id": "way/1277932659"
  },
  "geometry": {
    "type": "LineString",
    "coordinates": [
      [
        126.9931815,
        37.5689059
      ],
      [
        126.9931968,
        37.5688241
      ]
    ]
  }
},
{
  "type": "Feature",
  "id": "way/1277932662",
  "properties": {
    "highway": "footway",
    "id": "way/1277932662"
  },
  "geometry": {
    "type": "LineString",
    "coordinates": [
      [
        126.9931968,
        37.5688241
      ],
      [
        126.9932064,
        37.5687853
      ],
      [
        126.9932186,
        37.5687359
      ],
      [
        126.993069,
        37.5687258
      ]
    ]
  }
},
{
  "type": "Feature",
  "id": "way/1277932663",
  "properties": {
    "highway": "footway",
    "id": "way/1277932663"
  },
  "geometry": {
    "type": "LineString",
    "coordinates": [
      [
        126.9932064,
        37.5687853
      ],
      [
        126.993299,
        37.568795
      ]
    ]
  }
},
{
  "type": "Feature",
  "id": "way/1277932693",
  "properties": {
    "highway": "footway",
    "id": "way/1277932693"
  },
  "geometry": {
    "type": "LineString",
    "coordinates": [
      [
        126.9930614,
        37.5686896
      ],
      [
        126.9929588,
        37.5686782
      ]
    ]
  }
},
{
  "type": "Feature",
  "id": "way/1283637449",
  "properties": {
    "highway": "footway",
    "surface": "paving_stones",
    "id": "way/1283637449"
  },
  "geometry": {
    "type": "LineString",
    "coordinates": [
      [
        127.0088566,
        37.5709795
      ],
      [
        127.0089232,
        37.5709482
      ],
      [
        127.0089537,
        37.5709338
      ],
      [
        127.0090234,
        37.5708785
      ],
      [
        127.009023,
        37.5708065
      ],
      [
        127.0090221,
        37.5706255
      ],
      [
        127.0089743,
        37.570523
      ],
      [
        127.0089983,
        37.5703175
      ],
      [
        127.0092206,
        37.5702046
      ],
      [
        127.0092787,
        37.5701277
      ],
      [
        127.009298,
        37.5701022
      ],
      [
        127.0093048,
        37.5700326
      ],
      [
        127.0093489,
        37.569997
      ]
    ]
  }
},
{
  "type": "Feature",
  "id": "way/1283637450",
  "properties": {
    "highway": "footway",
    "surface": "paving_stones",
    "id": "way/1283637450"
  },
  "geometry": {
    "type": "LineString",
    "coordinates": [
      [
        127.0093607,
        37.5698854
      ],
      [
        127.0093599,
        37.5698705
      ],
      [
        127.0093572,
        37.5698183
      ]
    ]
  }
},
{
  "type": "Feature",
  "id": "way/1283637451",
  "properties": {
    "foot": "yes",
    "handrail": "yes",
    "highway": "steps",
    "layer": "-1",
    "id": "way/1283637451"
  },
  "geometry": {
    "type": "LineString",
    "coordinates": [
      [
        127.0091992,
        37.5698799
      ],
      [
        127.0091986,
        37.5698449
      ]
    ]
  }
},
{
  "type": "Feature",
  "id": "way/1283637452",
  "properties": {
    "bicycle": "no",
    "highway": "footway",
    "layer": "-1",
    "id": "way/1283637452"
  },
  "geometry": {
    "type": "LineString",
    "coordinates": [
      [
        127.009319,
        37.5698513
      ],
      [
        127.0091986,
        37.5698449
      ]
    ]
  }
},
{
  "type": "Feature",
  "id": "way/1283637453",
  "properties": {
    "highway": "footway",
    "layer": "-1",
    "lit": "yes",
    "smoothness": "good",
    "surface": "paving_stones",
    "tunnel": "yes",
    "id": "way/1283637453"
  },
  "geometry": {
    "type": "LineString",
    "coordinates": [
      [
        126.9955803,
        37.5686059
      ],
      [
        126.995203,
        37.5685701
      ]
    ]
  }
},
{
  "type": "Feature",
  "id": "way/1283637454",
  "properties": {
    "highway": "footway",
    "surface": "paving_stones",
    "id": "way/1283637454"
  },
  "geometry": {
    "type": "LineString",
    "coordinates": [
      [
        126.9955621,
        37.5684047
      ],
      [
        126.9951814,
        37.5683822
      ],
      [
        126.9951779,
        37.5684142
      ],
      [
        126.9951774,
        37.5684192
      ]
    ]
  }
},
{
  "type": "Feature",
  "id": "way/1283637456",
  "properties": {
    "highway": "residential",
    "layer": "-1",
    "name": "을지로19길",
    "name:en": "Eulji-ro 19-gil",
    "name:ko": "을지로19길",
    "oneway": "yes",
    "tunnel": "yes",
    "id": "way/1283637456"
  },
  "geometry": {
    "type": "LineString",
    "coordinates": [
      [
        126.9955621,
        37.5684047
      ],
      [
        126.9955568,
        37.568449
      ]
    ]
  }
},
{
  "type": "Feature",
  "id": "way/1301333349",
  "properties": {
    "footway": "sidewalk",
    "highway": "footway",
    "lit": "yes",
    "name": "평화시장 2층 3층 연결 통로",
    "surface": "paving_stones",
    "tunnel": "building_passage",
    "id": "way/1301333349"
  },
  "geometry": {
    "type": "LineString",
    "coordinates": [
      [
        127.0025716,
        37.5694056
      ],
      [
        127.0025818,
        37.5694051
      ],
      [
        127.0025881,
        37.5694054
      ],
      [
        127.005791,
        37.5693886
      ],
      [
        127.006451,
        37.5693851
      ],
      [
        127.0064542,
        37.5693452
      ],
      [
        127.0065427,
        37.5693455
      ],
      [
        127.0066628,
        37.5693434
      ],
      [
        127.0066786,
        37.5693443
      ],
      [
        127.0067262,
        37.5694012
      ],
      [
        127.0093444,
        37.5695149
      ],
      [
        127.0093915,
        37.5695392
      ]
    ]
  }
},
{
  "type": "Feature",
  "id": "way/1301333350",
  "properties": {
    "footway": "sidewalk",
    "highway": "footway",
    "name": "통일상가 연결 통로",
    "tunnel": "building_passage",
    "id": "way/1301333350"
  },
  "geometry": {
    "type": "LineString",
    "coordinates": [
      [
        127.005791,
        37.5693886
      ],
      [
        127.0057841,
        37.5693037
      ],
      [
        127.0056717,
        37.5690823
      ]
    ]
  }
},
{
  "type": "Feature",
  "id": "way/1305791485",
  "properties": {
    "bicycle": "designated",
    "cycleway:left": "track",
    "highway": "primary",
    "lanes": "1",
    "name": "청계천로",
    "name:en": "Cheonggyecheon-ro",
    "name:ja": "清渓川路",
    "name:ko": "청계천로",
    "name:ko-Latn": "Cheonggyecheon-ro",
    "name:zh": "清溪川路",
    "oneway": "yes",
    "oneway:bicycle": "yes",
    "ref": "50",
    "surface": "asphalt",
    "id": "way/1305791485"
  },
  "geometry": {
    "type": "LineString",
    "coordinates": [
      [
        127.0097763,
        37.5696179
      ],
      [
        127.0099523,
        37.5696151
      ],
      [
        127.0099981,
        37.5696178
      ],
      [
        127.0100814,
        37.5696191
      ],
      [
        127.0121666,
        37.5695797
      ],
      [
        127.0124433,
        37.5695822
      ]
    ]
  }
},
{
  "type": "Feature",
  "id": "way/1317380393",
  "properties": {
    "highway": "steps",
    "id": "way/1317380393"
  },
  "geometry": {
    "type": "LineString",
    "coordinates": [
      [
        126.9951603,
        37.5681079
      ],
      [
        126.9951535,
        37.5681555
      ],
      [
        126.9951378,
        37.5681674
      ]
    ]
  }
},
{
  "type": "Feature",
  "id": "way/1317968505",
  "properties": {
    "highway": "footway",
    "layer": "-1",
    "tunnel": "yes",
    "id": "way/1317968505"
  },
  "geometry": {
    "type": "LineString",
    "coordinates": [
      [
        126.9950308,
        37.5680955
      ],
      [
        126.9949287,
        37.5680839
      ],
      [
        126.9949136,
        37.5682365
      ],
      [
        126.9946751,
        37.56822
      ]
    ]
  }
},
{
  "type": "Feature",
  "id": "way/1317968506",
  "properties": {
    "highway": "footway",
    "layer": "-1",
    "tunnel": "yes",
    "id": "way/1317968506"
  },
  "geometry": {
    "type": "LineString",
    "coordinates": [
      [
        126.9946042,
        37.5682152
      ],
      [
        126.9944185,
        37.5682048
      ]
    ]
  }
},
{
  "type": "Feature",
  "id": "way/1317968507",
  "properties": {
    "bridge": "yes",
    "highway": "footway",
    "layer": "1",
    "id": "way/1317968507"
  },
  "geometry": {
    "type": "LineString",
    "coordinates": [
      [
        126.9946751,
        37.56822
      ],
      [
        126.9946042,
        37.5682152
      ]
    ]
  }
},
{
  "type": "Feature",
  "id": "way/1317968508",
  "properties": {
    "highway": "footway",
    "id": "way/1317968508"
  },
  "geometry": {
    "type": "LineString",
    "coordinates": [
      [
        126.9943522,
        37.5682397
      ],
      [
        126.9943402,
        37.5683361
      ]
    ]
  }
},
{
  "type": "Feature",
  "id": "way/1317968509",
  "properties": {
    "conveying": "yes",
    "highway": "steps",
    "id": "way/1317968509"
  },
  "geometry": {
    "type": "LineString",
    "coordinates": [
      [
        126.9944185,
        37.5682048
      ],
      [
        126.9943577,
        37.5682007
      ]
    ]
  }
},
{
  "type": "Feature",
  "id": "way/1317968510",
  "properties": {
    "highway": "footway",
    "layer": "-1",
    "tunnel": "yes",
    "id": "way/1317968510"
  },
  "geometry": {
    "type": "LineString",
    "coordinates": [
      [
        126.9943577,
        37.5682007
      ],
      [
        126.9943522,
        37.5682397
      ]
    ]
  }
},
{
  "type": "Feature",
  "id": "way/1317968511",
  "properties": {
    "highway": "footway",
    "layer": "-1",
    "tunnel": "yes",
    "id": "way/1317968511"
  },
  "geometry": {
    "type": "LineString",
    "coordinates": [
      [
        126.9943577,
        37.5682007
      ],
      [
        126.994376,
        37.5680579
      ]
    ]
  }
},
{
  "type": "Feature",
  "id": "way/1317968512",
  "properties": {
    "highway": "footway",
    "id": "way/1317968512"
  },
  "geometry": {
    "type": "LineString",
    "coordinates": [
      [
        126.994376,
        37.5680579
      ],
      [
        126.9943995,
        37.5677576
      ]
    ]
  }
},
{
  "type": "Feature",
  "id": "way/1381133410",
  "properties": {
    "highway": "steps",
    "id": "way/1381133410"
  },
  "geometry": {
    "type": "LineString",
    "coordinates": [
      [
        126.9964773,
        37.5682962
      ],
      [
        126.9964984,
        37.5682278
      ],
      [
        126.9964874,
        37.5680446
      ]
    ]
  }
},
{
  "type": "Feature",
  "id": "way/1389696658",
  "properties": {
    "id": "way/1389696658"
  },
  "geometry": {
    "type": "LineString",
    "coordinates": [
      [
        127.0093422,
        37.5696375
      ],
      [
        127.0093347,
        37.5696598
      ],
      [
        127.0093275,
        37.569684
      ],
      [
        127.0093217,
        37.5697125
      ],
      [
        127.0093175,
        37.5697313
      ],
      [
        127.0093159,
        37.5697469
      ],
      [
        127.0093144,
        37.5697702
      ],
      [
        127.0093137,
        37.5697903
      ],
      [
        127.009314,
        37.5698057
      ],
      [
        127.0093144,
        37.5698227
      ],
      [
        127.0093169,
        37.5698398
      ],
      [
        127.009319,
        37.5698513
      ],
      [
        127.0093246,
        37.5698702
      ]
    ]
  }
},
{
  "type": "Feature",
  "id": "way/1389696659",
  "properties": {
    "barrier": "retaining_wall",
    "man_made": "dyke",
    "material": "concrete;stone",
    "id": "way/1389696659"
  },
  "geometry": {
    "type": "LineString",
    "coordinates": [
      [
        127.0093422,
        37.5696375
      ],
      [
        127.0089865,
        37.5696342
      ],
      [
        127.0077835,
        37.5695991
      ],
      [
        127.0066904,
        37.5695473
      ],
      [
        127.0064761,
        37.5695493
      ],
      [
        127.0056882,
        37.5695338
      ],
      [
        127.0051951,
        37.5695268
      ],
      [
        127.0037356,
        37.5695028
      ],
      [
        127.0023795,
        37.5694907
      ],
      [
        127.0022088,
        37.5694877
      ],
      [
        127.0016626,
        37.5694186
      ],
      [
        127.0013458,
        37.569369
      ],
      [
        127.0003786,
        37.5691961
      ],
      [
        126.9999803,
        37.5691239
      ],
      [
        126.9993165,
        37.5690142
      ],
      [
        126.998133,
        37.5687737
      ],
      [
        126.9977821,
        37.568718
      ],
      [
        126.9967143,
        37.5685963
      ],
      [
        126.9958419,
        37.5685151
      ],
      [
        126.9948007,
        37.5684159
      ],
      [
        126.9936114,
        37.5683744
      ],
      [
        126.9928967,
        37.5683222
      ],
      [
        126.9918263,
        37.5682392
      ],
      [
        126.9910861,
        37.5681828
      ],
      [
        126.9903048,
        37.5681249
      ],
      [
        126.9895915,
        37.5680781
      ],
      [
        126.9888978,
        37.5680328
      ],
      [
        126.9883768,
        37.5680311
      ],
      [
        126.9879077,
        37.5680251
      ],
      [
        126.9875839,
        37.5680355
      ],
      [
        126.9872598,
        37.5680459
      ],
      [
        126.9867202,
        37.56806
      ],
      [
        126.9865396,
        37.568092
      ],
      [
        126.9859126,
        37.5682323
      ],
      [
        126.9854704,
        37.5683206
      ],
      [
        126.9843734,
        37.5685165
      ],
      [
        126.9830312,
        37.5687574
      ],
      [
        126.9824014,
        37.5687966
      ],
      [
        126.9814216,
        37.568871
      ],
      [
        126.980761,
        37.5689187
      ],
      [
        126.9801513,
        37.5689641
      ],
      [
        126.979474,
        37.5690228
      ],
      [
        126.9789768,
        37.5690392
      ],
      [
        126.9786315,
        37.5690562
      ]
    ]
  }
},
{
  "type": "Feature",
  "id": "way/1389696660",
  "properties": {
    "id": "way/1389696660"
  },
  "geometry": {
    "type": "LineString",
    "coordinates": [
      [
        126.9786495,
        37.5692706
      ],
      [
        126.9785576,
        37.5692752
      ],
      [
        126.9784787,
        37.5692791
      ],
      [
        126.977708,
        37.5693211
      ],
      [
        126.9775104,
        37.5693289
      ],
      [
        126.9774636,
        37.5693255
      ],
      [
        126.9774486,
        37.5693152
      ],
      [
        126.9774385,
        37.5693028
      ],
      [
        126.9774251,
        37.5692856
      ],
      [
        126.9774141,
        37.5692668
      ],
      [
        126.9774108,
        37.5692483
      ],
      [
        126.9774114,
        37.5692282
      ],
      [
        126.9774183,
        37.5691968
      ],
      [
        126.9774315,
        37.5691683
      ],
      [
        126.9774536,
        37.5691476
      ],
      [
        126.9774795,
        37.5691314
      ],
      [
        126.977522,
        37.5691208
      ],
      [
        126.9775583,
        37.5691179
      ],
      [
        126.9775809,
        37.5691167
      ],
      [
        126.9777912,
        37.5691053
      ],
      [
        126.9782918,
        37.5690732
      ],
      [
        126.9785359,
        37.5690609
      ],
      [
        126.9786315,
        37.5690562
      ]
    ]
  }
},
{
  "type": "Feature",
  "id": "way/1425309296",
  "properties": {
    "highway": "service",
    "service": "parking_aisle",
    "id": "way/1425309296"
  },
  "geometry": {
    "type": "LineString",
    "coordinates": [
      [
        127.0075516,
        37.5702367
      ],
      [
        127.0075525,
        37.5700997
      ],
      [
        127.0075532,
        37.5699719
      ]
    ]
  }
},
{
  "type": "Feature",
  "id": "way/1425309297",
  "properties": {
    "highway": "service",
    "service": "parking_aisle",
    "id": "way/1425309297"
  },
  "geometry": {
    "type": "LineString",
    "coordinates": [
      [
        127.0072298,
        37.5702297
      ],
      [
        127.0071621,
        37.5701703
      ],
      [
        127.0071634,
        37.5700905
      ],
      [
        127.0071656,
        37.5699578
      ],
      [
        127.0075532,
        37.5699719
      ]
    ]
  }
},
{
  "type": "Feature",
  "id": "way/1425309298",
  "properties": {
    "highway": "service",
    "service": "parking_aisle",
    "id": "way/1425309298"
  },
  "geometry": {
    "type": "LineString",
    "coordinates": [
      [
        127.0071634,
        37.5700905
      ],
      [
        127.0075525,
        37.5700997
      ]
    ]
  }
},
{
  "type": "Feature",
  "id": "way/1425309302",
  "properties": {
    "highway": "service",
    "layer": "3",
    "service": "parking_aisle",
    "id": "way/1425309302"
  },
  "geometry": {
    "type": "LineString",
    "coordinates": [
      [
        127.0080241,
        37.5703391
      ],
      [
        127.0080243,
        37.5703238
      ],
      [
        127.0080269,
        37.5702593
      ],
      [
        127.0080328,
        37.5701122
      ],
      [
        127.008037,
        37.5700076
      ]
    ]
  }
},
{
  "type": "Feature",
  "id": "way/1425309306",
  "properties": {
    "highway": "service",
    "service": "parking_aisle",
    "id": "way/1425309306"
  },
  "geometry": {
    "type": "LineString",
    "coordinates": [
      [
        127.0085302,
        37.57002
      ],
      [
        127.008037,
        37.5700076
      ],
      [
        127.0078898,
        37.5700038
      ]
    ]
  }
},
{
  "type": "Feature",
  "id": "way/1425309308",
  "properties": {
    "highway": "service",
    "service": "parking_aisle",
    "id": "way/1425309308"
  },
  "geometry": {
    "type": "LineString",
    "coordinates": [
      [
        127.0083989,
        37.570125
      ],
      [
        127.0080328,
        37.5701122
      ]
    ]
  }
},
{
  "type": "Feature",
  "id": "way/1425309311",
  "properties": {
    "highway": "footway",
    "id": "way/1425309311"
  },
  "geometry": {
    "type": "LineString",
    "coordinates": [
      [
        127.0077454,
        37.570932
      ],
      [
        127.0077677,
        37.5703721
      ],
      [
        127.0077954,
        37.5699058
      ]
    ]
  }
},
{
  "type": "Feature",
  "id": "way/1428500963",
  "properties": {
    "highway": "busway",
    "name": "삼일대로 버스전용도로",
    "oneway": "yes",
    "surface": "asphalt",
    "id": "way/1428500963"
  },
  "geometry": {
    "type": "LineString",
    "coordinates": [
      [
        126.9876749,
        37.5683064
      ],
      [
        126.9877138,
        37.5689664
      ],
      [
        126.9877262,
        37.5696453
      ],
      [
        126.9878443,
        37.5701772
      ]
    ]
  }
},
{
  "type": "Feature",
  "id": "way/1428500964",
  "properties": {
    "highway": "busway",
    "oneway": "yes",
    "surface": "asphalt",
    "id": "way/1428500964"
  },
  "geometry": {
    "type": "LineString",
    "coordinates": [
      [
        126.9876298,
        37.5697302
      ],
      [
        126.9876337,
        37.5697007
      ],
      [
        126.987659,
        37.5696032
      ],
      [
        126.9876599,
        37.5691502
      ],
      [
        126.9876484,
        37.5687567
      ],
      [
        126.9876253,
        37.5683067
      ]
    ]
  }
},
{
  "type": "Feature",
  "id": "way/1428542560",
  "properties": {
    "highway": "footway",
    "surface": "paving_stones",
    "id": "way/1428542560"
  },
  "geometry": {
    "type": "LineString",
    "coordinates": [
      [
        126.9951556,
        37.5686192
      ],
      [
        126.9951991,
        37.5686249
      ],
      [
        126.995203,
        37.5685701
      ]
    ]
  }
},
{
  "type": "Feature",
  "id": "way/1428542561",
  "properties": {
    "bridge": "yes",
    "highway": "footway",
    "layer": "1",
    "surface": "paving_stones",
    "id": "way/1428542561"
  },
  "geometry": {
    "type": "LineString",
    "coordinates": [
      [
        126.9951774,
        37.5684192
      ],
      [
        126.9951556,
        37.5686192
      ]
    ]
  }
},
{
  "type": "Feature",
  "id": "way/1454092748",
  "properties": {
    "highway": "service",
    "service": "alley",
    "id": "way/1454092748"
  },
  "geometry": {
    "type": "LineString",
    "coordinates": [
      [
        126.9943675,
        37.569288
      ],
      [
        126.9943763,
        37.5690681
      ],
      [
        126.9944167,
        37.5688149
      ],
      [
        126.9944371,
        37.5686871
      ]
    ]
  }
},
{
  "type": "Feature",
  "id": "way/1454124945",
  "properties": {
    "highway": "footway",
    "id": "way/1454124945"
  },
  "geometry": {
    "type": "LineString",
    "coordinates": [
      [
        126.9944167,
        37.5688149
      ],
      [
        126.9946578,
        37.5688324
      ],
      [
        126.994666,
        37.5687908
      ],
      [
        126.9946928,
        37.5687871
      ],
      [
        126.9946985,
        37.5687053
      ]
    ]
  }
},
{
  "type": "Feature",
  "id": "way/1455526425",
  "properties": {
    "highway": "primary",
    "maxspeed": "50",
    "maxspeed:type": "sign",
    "name": "동호로",
    "name:en": "Dongho-ro",
    "name:ko": "동호로",
    "ref": "41",
    "surface": "asphalt",
    "id": "way/1455526425"
  },
  "geometry": {
    "type": "LineString",
    "coordinates": [
      [
        127.0020989,
        37.5687789
      ],
      [
        127.0020873,
        37.5689111
      ],
      [
        127.0020423,
        37.5694343
      ]
    ]
  }
},
{
  "type": "Feature",
  "id": "way/1455526426",
  "properties": {
    "bicycle": "designated",
    "cycleway:left": "track",
    "highway": "primary",
    "lanes": "2",
    "name": "청계천로",
    "name:en": "Cheonggyecheon-ro",
    "name:ja": "清渓川路",
    "name:ko": "청계천로",
    "name:ko-Latn": "Cheonggyecheon-ro",
    "name:zh": "清溪川路",
    "oneway": "yes",
    "oneway:bicycle": "yes",
    "surface": "asphalt",
    "id": "way/1455526426"
  },
  "geometry": {
    "type": "LineString",
    "coordinates": [
      [
        127.0015053,
        37.569358
      ],
      [
        127.0017149,
        37.5693878
      ],
      [
        127.0018725,
        37.5694102
      ],
      [
        127.0020423,
        37.5694343
      ]
    ]
  }
},
{
  "type": "Feature",
  "id": "way/1455526427",
  "properties": {
    "bicycle": "designated",
    "cycleway:left": "track",
    "highway": "primary",
    "lanes": "2",
    "lit": "yes",
    "name": "청계천로",
    "name:en": "Cheonggyecheon-ro",
    "name:ja": "清渓川路",
    "name:ko": "청계천로",
    "name:ko-Latn": "Cheonggyecheon-ro",
    "name:zh": "清溪川路",
    "oneway": "yes",
    "oneway:bicycle": "yes",
    "smoothness": "good",
    "surface": "asphalt",
    "id": "way/1455526427"
  },
  "geometry": {
    "type": "LineString",
    "coordinates": [
      [
        127.0025545,
        37.5694718
      ],
      [
        127.0026775,
        37.5694774
      ],
      [
        127.0045384,
        37.5694758
      ],
      [
        127.0066192,
        37.5695061
      ],
      [
        127.0093587,
        37.5696263
      ],
      [
        127.0096375,
        37.569625
      ]
    ]
  }
},
{
  "type": "Feature",
  "id": "way/1499619439",
  "properties": {
    "highway": "secondary",
    "lanes": "3",
    "name": "남대문로",
    "name:en": "Namdaemun-ro",
    "name:ja": "南大門路",
    "name:ko": "남대문로",
    "oneway": "yes",
    "surface": "asphalt",
    "id": "way/1499619439"
  },
  "geometry": {
    "type": "LineString",
    "coordinates": [
      [
        126.9827547,
        37.5660524
      ],
      [
        126.9827596,
        37.5662241
      ],
      [
        126.982752,
        37.5666332
      ],
      [
        126.9827563,
        37.5667246
      ],
      [
        126.9827615,
        37.5667899
      ],
      [
        126.9827736,
        37.5668871
      ],
      [
        126.9827906,
        37.5675005
      ],
      [
        126.982806,
        37.5679808
      ],
      [
        126.9827978,
        37.5685272
      ],
      [
        126.9828025,
        37.5686048
      ],
      [
        126.9828022,
        37.5686218
      ],
      [
        126.9827576,
        37.5686771
      ]
    ]
  }
},
{
  "type": "Feature",
  "id": "way/1499619440",
  "properties": {
    "highway": "secondary",
    "lanes": "5",
    "name": "남대문로",
    "name:en": "Namdaemun-ro",
    "name:ja": "南大門路",
    "name:ko": "남대문로",
    "oneway": "yes",
    "surface": "asphalt",
    "id": "way/1499619440"
  },
  "geometry": {
    "type": "LineString",
    "coordinates": [
      [
        126.9827576,
        37.5686771
      ],
      [
        126.9827069,
        37.5686277
      ],
      [
        126.9827046,
        37.5686034
      ],
      [
        126.9826964,
        37.568011
      ],
      [
        126.9826797,
        37.5675031
      ],
      [
        126.98265,
        37.5669124
      ],
      [
        126.982644,
        37.5668049
      ],
      [
        126.9826318,
        37.5667275
      ],
      [
        126.9826291,
        37.5666308
      ],
      [
        126.9826207,
        37.5665062
      ],
      [
        126.9825964,
        37.5662216
      ],
      [
        126.9825837,
        37.5660534
      ]
    ]
  }
},
{
  "type": "Feature",
  "id": "way/1528832678",
  "properties": {
    "highway": "residential",
    "motor_vehicle": "no",
    "name": "남대문로10길",
    "name:en": "Namdaemun-ro 10-gil",
    "name:ja": "南大門路 10キル",
    "name:ko": "남대문로10길",
    "id": "way/1528832678"
  },
  "geometry": {
    "type": "LineString",
    "coordinates": [
      [
        126.9845239,
        37.5676425
      ],
      [
        126.9857809,
        37.5679113
      ]
    ]
  }
},
{
  "type": "Feature",
  "id": "way/1536659790",
  "properties": {
    "bicycle": "designated",
    "cycleway:left": "track",
    "highway": "primary",
    "lanes": "2",
    "name": "청계천로",
    "name:en": "Cheonggyecheon-ro",
    "name:ja": "清渓川路",
    "name:ko": "청계천로",
    "name:ko-Latn": "Cheonggyecheon-ro",
    "name:zh": "清溪川路",
    "oneway": "yes",
    "oneway:bicycle": "yes",
    "smoothness": "good",
    "surface": "asphalt",
    "id": "way/1536659790"
  },
  "geometry": {
    "type": "LineString",
    "coordinates": [
      [
        126.9848818,
        37.5683578
      ],
      [
        126.9856204,
        37.5682036
      ],
      [
        126.986021,
        37.5681334
      ],
      [
        126.9866336,
        37.5680147
      ],
      [
        126.9871514,
        37.5680081
      ],
      [
        126.987545,
        37.5679912
      ],
      [
        126.9876575,
        37.5679887
      ]
    ]
  }
},
{
  "type": "Feature",
  "id": "node/357821103",
  "properties": {
    "bus": "yes",
    "highway": "bus_stop",
    "name": "서린동.SK서린빌딩",
    "name:en": "Mugyodong",
    "name:ja": "武橋洞",
    "name:ko-Latn": "Mugyodong",
    "public_transport": "platform",
    "route_ref": "100;7018",
    "id": "node/357821103"
  },
  "geometry": {
    "type": "Point",
    "coordinates": [
      126.980266,
      37.5693238
    ]
  }
},
{
  "type": "Feature",
  "id": "node/357828989",
  "properties": {
    "bus": "yes",
    "highway": "bus_stop",
    "name": "청계1가.장통교",
    "public_transport": "platform",
    "route_ref": "163",
    "id": "node/357828989"
  },
  "geometry": {
    "type": "Point",
    "coordinates": [
      126.984779,
      37.5687657
    ]
  }
},
{
  "type": "Feature",
  "id": "node/357828991",
  "properties": {
    "bus": "yes",
    "highway": "bus_stop",
    "name": "청계2가.수표교",
    "name:en": "Cheonggye 2 Gasupyogyo",
    "name:ko-Latn": "Cheonggye 2 Gasupyogyo",
    "public_transport": "platform",
    "route_ref": "163",
    "id": "node/357828991"
  },
  "geometry": {
    "type": "Point",
    "coordinates": [
      126.9907017,
      37.5684243
    ]
  }
},
{
  "type": "Feature",
  "id": "node/357829073",
  "properties": {
    "bench": "no",
    "bin": "no",
    "bus": "yes",
    "highway": "bus_stop",
    "name": "청계6가.버들다리",
    "name:en": "Cheonggye 6 Gabeodeuldari",
    "name:ko-Latn": "Cheonggye 6 Gabeodeuldari",
    "public_transport": "platform",
    "route_ref": "163",
    "shelter": "no",
    "tactile_paving": "yes",
    "id": "node/357829073"
  },
  "geometry": {
    "type": "Point",
    "coordinates": [
      127.00799,
      37.56991
    ]
  }
},
{
  "type": "Feature",
  "id": "node/357829083",
  "properties": {
    "bench": "no",
    "bin": "no",
    "bus": "yes",
    "highway": "bus_stop",
    "lit": "no",
    "name": "청계4가.세운교",
    "name:en": "Cheonggye 4 Gaseungyo",
    "name:ko-Latn": "Cheonggye 4 Gaseungyo",
    "public_transport": "platform",
    "route_ref": "163",
    "shelter": "no",
    "tactile_paving": "yes",
    "id": "node/357829083"
  },
  "geometry": {
    "type": "Point",
    "coordinates": [
      126.9964607,
      37.5688202
    ]
  }
},
{
  "type": "Feature",
  "id": "node/357829085",
  "properties": {
    "bench": "no",
    "bin": "no",
    "bus": "yes",
    "highway": "bus_stop",
    "lit": "no",
    "name": "청계3가.관수교",
    "name:en": "Cheonggye 3 Gagwansugyo",
    "name:ko-Latn": "Cheonggye 3 Gagwansugyo",
    "public_transport": "platform",
    "route_ref": "163",
    "shelter": "no",
    "tactile_paving": "yes",
    "id": "node/357829085"
  },
  "geometry": {
    "type": "Point",
    "coordinates": [
      126.9938553,
      37.56867
    ]
  }
},
{
  "type": "Feature",
  "id": "node/357829087",
  "properties": {
    "bus": "yes",
    "highway": "bus_stop",
    "name": "청계5가.마전교",
    "public_transport": "platform",
    "route_ref": "163",
    "id": "node/357829087"
  },
  "geometry": {
    "type": "Point",
    "coordinates": [
      127.0028932,
      37.5698114
    ]
  }
},
{
  "type": "Feature",
  "id": "node/357829089",
  "properties": {
    "bus": "yes",
    "highway": "bus_stop",
    "name": "청계5가.광장시장",
    "name:en": "Cheonggye 5 Ga Plaza Market",
    "name:ko-Latn": "Cheonggye 5 Gagwangjangsijang",
    "public_transport": "platform",
    "route_ref": "163",
    "id": "node/357829089"
  },
  "geometry": {
    "type": "Point",
    "coordinates": [
      126.9991105,
      37.5692606
    ]
  }
},
{
  "type": "Feature",
  "id": "node/357830082",
  "properties": {
    "bench": "no",
    "bin": "no",
    "bus": "yes",
    "highway": "bus_stop",
    "name": "청계6가.오간수교",
    "name:en": "Cheonggye 6 Gaogansugyo",
    "name:ko-Latn": "Cheonggye 6 Gaogansugyo",
    "public_transport": "platform",
    "route_ref": "163",
    "shelter": "no",
    "tactile_paving": "yes",
    "id": "node/357830082"
  },
  "geometry": {
    "type": "Point",
    "coordinates": [
      127.0091373,
      37.5695694
    ]
  }
},
{
  "type": "Feature",
  "id": "node/357830122",
  "properties": {
    "bus": "yes",
    "highway": "bus_stop",
    "name": "청계1가.광교",
    "public_transport": "platform",
    "route_ref": "163;7021;7017",
    "id": "node/357830122"
  },
  "geometry": {
    "type": "Point",
    "coordinates": [
      126.9831138,
      37.568649
    ]
  }
},
{
  "type": "Feature",
  "id": "node/357830126",
  "properties": {
    "bench": "yes",
    "bin": "no",
    "bus": "yes",
    "highway": "bus_stop",
    "name": "청계2가.삼일교",
    "name:en": "Cheonggye 2 Gasamilgyo",
    "name:ko-Latn": "Cheonggye 2 Gasamilgyo",
    "public_transport": "platform",
    "route_ref": "163",
    "shelter": "no",
    "tactile_paving": "yes",
    "id": "node/357830126"
  },
  "geometry": {
    "type": "Point",
    "coordinates": [
      126.9885517,
      37.5679056
    ]
  }
},
{
  "type": "Feature",
  "id": "node/357830135",
  "properties": {
    "bench": "no",
    "bin": "no",
    "bus": "yes",
    "highway": "bus_stop",
    "name": "청계5가.방산시장",
    "name:en": "Cheonggye 5 Gabangsan Market",
    "name:ko-Latn": "Cheonggye 5 Gabangsansijang",
    "public_transport": "platform",
    "route_ref": "163",
    "shelter": "no",
    "tactile_paving": "yes",
    "id": "node/357830135"
  },
  "geometry": {
    "type": "Point",
    "coordinates": [
      127.0006563,
      37.5691733
    ]
  }
},
{
  "type": "Feature",
  "id": "node/357830139",
  "properties": {
    "bench": "no",
    "bin": "no",
    "bus": "yes",
    "highway": "bus_stop",
    "lit": "yes",
    "name": "청계6가.평화시장",
    "name:en": "Cheonggye 6 Gapyeonghwa Market",
    "name:ko-Latn": "Cheonggye 6 Gapyeonghwasijang",
    "public_transport": "platform",
    "route_ref": "163",
    "shelter": "no",
    "tactile_paving": "yes",
    "id": "node/357830139"
  },
  "geometry": {
    "type": "Point",
    "coordinates": [
      127.0044401,
      37.56935
    ]
  }
},
{
  "type": "Feature",
  "id": "node/357830144",
  "properties": {
    "bus": "yes",
    "highway": "bus_stop",
    "name": "청계3가.관수교",
    "name:en": "Cheonggye 3 Gaseungyo",
    "name:ko-Latn": "Cheonggye 3 Gaseungyo",
    "public_transport": "platform",
    "route_ref": "163",
    "id": "node/357830144"
  },
  "geometry": {
    "type": "Point",
    "coordinates": [
      126.9928205,
      37.5681502
    ]
  }
},
{
  "type": "Feature",
  "id": "node/357830150",
  "properties": {
    "bench": "no",
    "bin": "no",
    "bus": "yes",
    "highway": "bus_stop",
    "name": "청계4가.배오개다리",
    "name:en": "Cheonggye 4 Gabaeogaedari",
    "name:ko-Latn": "Cheonggye 4 Gabaeogaedari",
    "public_transport": "platform",
    "route_ref": "163",
    "shelter": "no",
    "tactile_paving": "yes",
    "id": "node/357830150"
  },
  "geometry": {
    "type": "Point",
    "coordinates": [
      126.9971198,
      37.5685455
    ]
  }
},
{
  "type": "Feature",
  "id": "node/357838504",
  "properties": {
    "bus": "yes",
    "highway": "bus_stop",
    "name": "종로5가",
    "name:en": "Jongno 5 Ga",
    "name:ja": "鐘路5街",
    "name:ko": "종로5가",
    "name:ko-Latn": "Jongno 5 Ga",
    "public_transport": "platform",
    "route_ref": "407;104;101;300;149;2014",
    "id": "node/357838504"
  },
  "geometry": {
    "type": "Point",
    "coordinates": [
      127.0022,
      37.56999
    ]
  }
},
{
  "type": "Feature",
  "id": "node/357840874",
  "properties": {
    "bench": "yes",
    "bin": "yes",
    "bus": "yes",
    "highway": "bus_stop",
    "lit": "yes",
    "name": "종로2가.삼일교(중)",
    "public_transport": "platform",
    "route_ref": "470;471",
    "shelter": "yes",
    "tactile_paving": "yes",
    "id": "node/357840874"
  },
  "geometry": {
    "type": "Point",
    "coordinates": [
      126.9876006,
      37.5684192
    ]
  }
},
{
  "type": "Feature",
  "id": "node/368737766",
  "properties": {
    "amenity": "dentist",
    "healthcare": "dentist",
    "name": "보스톤치과의원",
    "name:en": "Boseuton Dental Clinic",
    "name:ja": "ボストン歯科",
    "name:ko": "보스톤치과",
    "name:ko-Latn": "Boseutonchigwa",
    "id": "node/368737766"
  },
  "geometry": {
    "type": "Point",
    "coordinates": [
      126.9855408,
      37.5688076
    ]
  }
},
{
  "type": "Feature",
  "id": "node/368737966",
  "properties": {
    "amenity": "doctors",
    "healthcare": "doctor",
    "name": "닥터포유의원 종로점",
    "name:en": "Doctor For You Jongnojeom",
    "name:ko": "닥터포유의원종로점",
    "name:ko-Latn": "Dakteopoyu Jongnojeom",
    "id": "node/368737966"
  },
  "geometry": {
    "type": "Point",
    "coordinates": [
      126.9855409,
      37.5687736
    ]
  }
},
{
  "type": "Feature",
  "id": "node/368739521",
  "properties": {
    "amenity": "doctors",
    "healthcare": "doctor",
    "healthcare:speciality": "internal",
    "name": "사랑담은내과",
    "name:en": "Sarangdameun Internal Medicine Clinic",
    "name:ko": "사랑담은내과",
    "name:ko-Latn": "Sarangdameunnaegwa",
    "id": "node/368739521"
  },
  "geometry": {
    "type": "Point",
    "coordinates": [
      126.979519,
      37.5686662
    ]
  }
},
{
  "type": "Feature",
  "id": "node/368867533",
  "properties": {
    "landuse": "retail",
    "name": "평화시장",
    "name:en": "Pyeonghwa Market",
    "name:ko": "평화시장",
    "name:ko-Latn": "Pyeonghwasijang",
    "shop": "supermarket",
    "id": "node/368867533"
  },
  "geometry": {
    "type": "Point",
    "coordinates": [
      127.005992,
      37.56927
    ]
  }
},
{
  "type": "Feature",
  "id": "node/368867563",
  "properties": {
    "landuse": "retail",
    "name": "어시장",
    "name:en": "Eo Market",
    "name:ja": "魚市場",
    "name:ko": "어시장",
    "name:ko-Latn": "Eosijang",
    "shop": "supermarket",
    "id": "node/368867563"
  },
  "geometry": {
    "type": "Point",
    "coordinates": [
      126.997107,
      37.568275
    ]
  }
},
{
  "type": "Feature",
  "id": "node/368898266",
  "properties": {
    "contact:instagram": "hikrground_official",
    "name": "HiKR GROUND",
    "name:en": "HiKR GROUND",
    "name:ja": "ハイカグラウンド",
    "name:ko": "하이커 그라운드",
    "name:zh": "好客空间",
    "opening_hours": "Mo-Su 10:00-19:00",
    "operator": "한국관광공사",
    "source": "http://kto.visitkorea.or.kr/eng/overview/facilities.kto",
    "tourism": "attraction",
    "website": "https://hikr.visitkorea.or.kr/",
    "id": "node/368898266"
  },
  "geometry": {
    "type": "Point",
    "coordinates": [
      126.9815602,
      37.5685333
    ]
  }
},
{
  "type": "Feature",
  "id": "node/368951163",
  "properties": {
    "name": "센추럴 관광호텔",
    "name:en": "Central Tourist Hotel",
    "name:ja": "セントラル観光ホテル",
    "name:ko": "센추럴 관광호텔",
    "name:ko-Latn": "Senchureol Gwangwanghotel",
    "tourism": "hotel",
    "id": "node/368951163"
  },
  "geometry": {
    "type": "Point",
    "coordinates": [
      126.9928615,
      37.5687674
    ]
  }
},
{
  "type": "Feature",
  "id": "node/368954855",
  "properties": {
    "amenity": "restaurant",
    "name": "부산회집",
    "name:en": "Busan Fish Restaurant",
    "name:ko": "부산회집",
    "name:ko-Latn": "Busanhoejip",
    "id": "node/368954855"
  },
  "geometry": {
    "type": "Point",
    "coordinates": [
      126.9896915,
      37.5684619
    ]
  }
},
{
  "type": "Feature",
  "id": "node/368956598",
  "properties": {
    "amenity": "restaurant",
    "name": "노점일호횟집",
    "name:en": "Nojeomilho Fish Restaurant",
    "name:ko": "노점일호횟집",
    "name:ko-Latn": "Nojeomilhohoetjip",
    "id": "node/368956598"
  },
  "geometry": {
    "type": "Point",
    "coordinates": [
      127.0000864,
      37.5691431
    ]
  }
},
{
  "type": "Feature",
  "id": "node/414685895",
  "properties": {
    "name": "청계4가",
    "name:en": "Cheonggye 4 Ga",
    "name:ko": "청계4가",
    "name:ko-Latn": "Cheonggye 4 Ga",
    "id": "node/414685895"
  },
  "geometry": {
    "type": "Point",
    "coordinates": [
      126.99792,
      37.56888
    ]
  }
},
{
  "type": "Feature",
  "id": "node/415153834",
  "properties": {
    "name": "서린동",
    "name:el": "Σόριν-ντονγκ",
    "name:en": "Seorin-dong",
    "name:ja": "瑞麟洞",
    "name:ko": "서린동",
    "name:ko-Hani": "瑞麟洞",
    "name:ko-Latn": "Seorin-dong",
    "name:zh": "瑞麟洞",
    "name:zh-Hant": "瑞麟洞",
    "place": "quarter",
    "id": "node/415153834"
  },
  "geometry": {
    "type": "Point",
    "coordinates": [
      126.97959,
      37.56925
    ]
  }
},
{
  "type": "Feature",
  "id": "node/415153887",
  "properties": {
    "name": "관철동",
    "name:el": "Γκουάντσολ-ντονγκ",
    "name:en": "Gwancheol-dong",
    "name:ja": "貫鉄洞",
    "name:ko": "관철동",
    "name:ko-Hani": "貫鐵洞",
    "name:ko-Latn": "Gwancheol-dong",
    "name:zh": "貫鐵洞",
    "name:zh-Hans": "贯铁洞",
    "name:zh-Hant": "貫鐵洞",
    "place": "quarter",
    "id": "node/415153887"
  },
  "geometry": {
    "type": "Point",
    "coordinates": [
      126.9857059,
      37.5687846
    ]
  }
},
{
  "type": "Feature",
  "id": "node/436883307",
  "properties": {
    "junction": "yes",
    "name": "청계6가",
    "name:en": "Cheonggye 6 Ga",
    "name:ko": "청계6가",
    "name:ko-Latn": "Cheonggye 6 Ga",
    "name:zh": "清溪6街",
    "id": "node/436883307"
  },
  "geometry": {
    "type": "Point",
    "coordinates": [
      127.0097339,
      37.5699616
    ]
  }
},
{
  "type": "Feature",
  "id": "node/871729367",
  "properties": {
    "name": "탈출 사다리",
    "id": "node/871729367"
  },
  "geometry": {
    "type": "Point",
    "coordinates": [
      126.9878801,
      37.5681807
    ]
  }
},
{
  "type": "Feature",
  "id": "node/871729389",
  "properties": {
    "junction": "yes",
    "name": "광교사거리",
    "name:en": "Gwanggyo crossroads",
    "name:ko": "광교사거리",
    "id": "node/871729389"
  },
  "geometry": {
    "type": "Point",
    "coordinates": [
      126.9827654,
      37.5687357
    ]
  }
},
{
  "type": "Feature",
  "id": "node/2252763463",
  "properties": {
    "amenity": "toilets",
    "id": "node/2252763463"
  },
  "geometry": {
    "type": "Point",
    "coordinates": [
      126.9921775,
      37.5685834
    ]
  }
},
{
  "type": "Feature",
  "id": "node/2518305931",
  "properties": {
    "amenity": "fountain",
    "name": "청계광장 스프링",
    "name:en": "Cheonggye Plaza (Spring)",
    "name:ko": "청계광장 스프링",
    "id": "node/2518305931"
  },
  "geometry": {
    "type": "Point",
    "coordinates": [
      126.9786175,
      37.569165
    ]
  }
},
{
  "type": "Feature",
  "id": "node/2518306636",
  "properties": {
    "amenity": "toilets",
    "id": "node/2518306636"
  },
  "geometry": {
    "type": "Point",
    "coordinates": [
      126.9789172,
      37.5693912
    ]
  }
},
{
  "type": "Feature",
  "id": "node/2934469638",
  "properties": {
    "junction": "yes",
    "name": "청계6가",
    "name:en": "Cheonggye 6 Ga",
    "name:ko": "청계6가",
    "name:ko-Latn": "Cheonggye 6 Ga",
    "name:zh": "清溪6街",
    "id": "node/2934469638"
  },
  "geometry": {
    "type": "Point",
    "coordinates": [
      127.0097763,
      37.5696179
    ]
  }
},
{
  "type": "Feature",
  "id": "node/3062927315",
  "properties": {
    "amenity": "recycling",
    "recycling_type": "container",
    "id": "node/3062927315"
  },
  "geometry": {
    "type": "Point",
    "coordinates": [
      126.9926648,
      37.5683207
    ]
  }
},
{
  "type": "Feature",
  "id": "node/3062927316",
  "properties": {
    "amenity": "bench",
    "backrest": "no",
    "id": "node/3062927316"
  },
  "geometry": {
    "type": "Point",
    "coordinates": [
      126.9884521,
      37.5682036
    ]
  }
},
{
  "type": "Feature",
  "id": "node/3062927317",
  "properties": {
    "artwork_type": "statue",
    "material": "paper",
    "name": "3d flowers",
    "tourism": "artwork",
    "id": "node/3062927317"
  },
  "geometry": {
    "type": "Point",
    "coordinates": [
      126.9834926,
      37.5688669
    ]
  }
},
{
  "type": "Feature",
  "id": "node/3062927498",
  "properties": {
    "amenity": "bench",
    "backrest": "no",
    "id": "node/3062927498"
  },
  "geometry": {
    "type": "Point",
    "coordinates": [
      126.993038,
      37.5684795
    ]
  }
},
{
  "type": "Feature",
  "id": "node/3062927499",
  "properties": {
    "amenity": "arts_centre",
    "level": "-1",
    "id": "node/3062927499"
  },
  "geometry": {
    "type": "Point",
    "coordinates": [
      126.982578,
      37.5688535
    ]
  }
},
{
  "type": "Feature",
  "id": "node/3062927905",
  "properties": {
    "amenity": "recycling",
    "recycling_type": "container",
    "id": "node/3062927905"
  },
  "geometry": {
    "type": "Point",
    "coordinates": [
      126.9930911,
      37.5684868
    ]
  }
},
{
  "type": "Feature",
  "id": "node/3547184838",
  "properties": {
    "name": "청계천 헌책방거리",
    "name:en": "Cheonggyecheon Stream Second Hand Book Street",
    "name:ja": "清渓川古本屋通り",
    "shop": "books",
    "id": "node/3547184838"
  },
  "geometry": {
    "type": "Point",
    "coordinates": [
      127.0083124,
      37.5694633
    ]
  }
},
{
  "type": "Feature",
  "id": "node/3647496994",
  "properties": {
    "crossing:island": "no",
    "crossing:signals": "yes",
    "highway": "crossing",
    "tactile_paving": "yes",
    "id": "node/3647496994"
  },
  "geometry": {
    "type": "Point",
    "coordinates": [
      126.9828055,
      37.5691989
    ]
  }
},
{
  "type": "Feature",
  "id": "node/3792055887",
  "properties": {
    "name": "7 Street Hotel Seoul",
    "tourism": "hotel",
    "id": "node/3792055887"
  },
  "geometry": {
    "type": "Point",
    "coordinates": [
      126.9907066,
      37.5685175
    ]
  }
},
{
  "type": "Feature",
  "id": "node/4181392206",
  "properties": {
    "name": "Jrsports",
    "shop": "outdoor",
    "website": "https://www.jrsports.net/",
    "id": "node/4181392206"
  },
  "geometry": {
    "type": "Point",
    "coordinates": [
      127.0043568,
      37.5699101
    ]
  }
},
{
  "type": "Feature",
  "id": "node/4231603068",
  "properties": {
    "addr:city": "서울특별시",
    "addr:district": "종로구",
    "addr:housenumber": "61",
    "addr:postcode": "03189",
    "addr:street": "청계천로",
    "addr:subdistrict": "관철동",
    "amenity": "prep_school",
    "name": "스터디룸 인(IN)",
    "phone": "+84 02-732-1127",
    "website": "http://www.studyroom-in.co.kr",
    "id": "node/4231603068"
  },
  "geometry": {
    "type": "Point",
    "coordinates": [
      126.9843489,
      37.568925
    ]
  }
},
{
  "type": "Feature",
  "id": "node/4571383393",
  "properties": {
    "amenity": "cafe",
    "name:en": "Osulloc Jeju Tea Garden",
    "id": "node/4571383393"
  },
  "geometry": {
    "type": "Point",
    "coordinates": [
      126.9812626,
      37.569251
    ]
  }
},
{
  "type": "Feature",
  "id": "node/4571403490",
  "properties": {
    "amenity": "cafe",
    "branch": "빽다방 종로관철점",
    "brand": "빽다방",
    "brand:en": "Paik's Coffee",
    "brand:ko": "빽다방",
    "brand:wikidata": "Q55730575",
    "cuisine": "coffee_shop",
    "name": "빽다방",
    "name:en": "Paik's Coffee",
    "name:ko": "빽다방",
    "takeaway": "yes",
    "id": "node/4571403490"
  },
  "geometry": {
    "type": "Point",
    "coordinates": [
      126.9844972,
      37.5690334
    ]
  }
},
{
  "type": "Feature",
  "id": "node/4571403991",
  "properties": {
    "alt_name": "Kentucky Fried Chicken",
    "amenity": "fast_food",
    "brand": "KFC",
    "brand:wikidata": "Q524757",
    "brand:wikipedia": "en:KFC",
    "cuisine": "chicken",
    "name": "KFC",
    "name:en": "KFC",
    "takeaway": "yes",
    "id": "node/4571403991"
  },
  "geometry": {
    "type": "Point",
    "coordinates": [
      126.9815403,
      37.5692588
    ]
  }
},
{
  "type": "Feature",
  "id": "node/4571423092",
  "properties": {
    "amenity": "cafe",
    "name": "퀸카페",
    "id": "node/4571423092"
  },
  "geometry": {
    "type": "Point",
    "coordinates": [
      126.9811472,
      37.569288
    ]
  }
},
{
  "type": "Feature",
  "id": "node/4571424289",
  "properties": {
    "amenity": "restaurant",
    "name": "라그릴리아",
    "name:en": "La Grillia",
    "id": "node/4571424289"
  },
  "geometry": {
    "type": "Point",
    "coordinates": [
      126.9787892,
      37.5694144
    ]
  }
},
{
  "type": "Feature",
  "id": "node/4627812856",
  "properties": {
    "access": "customers",
    "amenity": "bicycle_rental",
    "authentication:app": "true",
    "bicycle_rental": "docking_station",
    "brand": "서울자전거 따릉이",
    "brand:en": "Seoul Bike",
    "brand:ko": "서울자전거 따릉이",
    "brand:website": "https://www.bikeseoul.com/",
    "brand:wikidata": "Q28127084",
    "capacity": "20",
    "fee": "yes",
    "name": "광교사거리 남측",
    "name:en": "South side of Gwanggyo Intersection",
    "name:ko": "광교사거리 남측",
    "network": "서울자전거 따릉이",
    "network:en": "Seoul Bike",
    "network:ko": "서울자전거 따릉이",
    "operator": "서울시설공단",
    "operator:en": "Seoul Facilities Corporation",
    "operator:ko": "서울시설공단",
    "operator:type": "public",
    "payment:app": "yes",
    "ref": "318",
    "id": "node/4627812856"
  },
  "geometry": {
    "type": "Point",
    "coordinates": [
      126.9823151,
      37.568634
    ]
  }
},
{
  "type": "Feature",
  "id": "node/4627812858",
  "properties": {
    "access": "customers",
    "amenity": "bicycle_rental",
    "authentication:app": "true",
    "bicycle_rental": "docking_station",
    "brand": "서울자전거 따릉이",
    "brand:en": "Seoul Bike",
    "brand:ko": "서울자전거 따릉이",
    "brand:website": "https://www.bikeseoul.com/",
    "brand:wikidata": "Q28127084",
    "capacity": "30",
    "fee": "yes",
    "name": "SK 서린빌딩 앞",
    "name:ko": "SK 서린빌딩 앞",
    "network": "서울자전거 따릉이",
    "network:en": "Seoul Bike",
    "network:ko": "서울자전거 따릉이",
    "operator": "서울시설공단",
    "operator:en": "Seoul Facilities Corporation",
    "operator:ko": "서울시설공단",
    "operator:type": "public",
    "payment:app": "yes",
    "ref": "368",
    "id": "node/4627812858"
  },
  "geometry": {
    "type": "Point",
    "coordinates": [
      126.9805374,
      37.5692482
    ]
  }
},
{
  "type": "Feature",
  "id": "node/4726420393",
  "properties": {
    "name:en": "Cheonggyecheon Stream",
    "tourism": "attraction",
    "id": "node/4726420393"
  },
  "geometry": {
    "type": "Point",
    "coordinates": [
      126.984598,
      37.5686439
    ]
  }
},
{
  "type": "Feature",
  "id": "node/4774023640",
  "properties": {
    "name": "한국정보화진흥원 서울사무소",
    "name:en": "National Information Society Agency",
    "name:ja": "韓国情報化振興院 ソウル事務所",
    "name:zh": "韩国信息社会厅首尔办事处",
    "office": "government",
    "id": "node/4774023640"
  },
  "geometry": {
    "type": "Point",
    "coordinates": [
      126.9789681,
      37.5687921
    ]
  }
},
{
  "type": "Feature",
  "id": "node/4800325462",
  "properties": {
    "historic": "memorial",
    "material": "bronze",
    "memorial": "person",
    "name": "전태일동상",
    "name:en": "Jeon Tae il bronze statue",
    "name:ja": "全泰壱銅像",
    "subject:wikidata": "Q482694",
    "subject:wikipedia": "ko:전태일",
    "id": "node/4800325462"
  },
  "geometry": {
    "type": "Point",
    "coordinates": [
      127.0065741,
      37.5696187
    ]
  }
},
{
  "type": "Feature",
  "id": "node/4841340744",
  "properties": {
    "name": "리슨투더시티",
    "office": "yes",
    "id": "node/4841340744"
  },
  "geometry": {
    "type": "Point",
    "coordinates": [
      126.9907486,
      37.5678035
    ]
  }
},
{
  "type": "Feature",
  "id": "node/4841340745",
  "properties": {
    "amenity": "pub",
    "name": "신도시",
    "id": "node/4841340745"
  },
  "geometry": {
    "type": "Point",
    "coordinates": [
      126.9907473,
      37.5678355
    ]
  }
},
{
  "type": "Feature",
  "id": "node/4841340747",
  "properties": {
    "name": "무산자서점",
    "shop": "books",
    "id": "node/4841340747"
  },
  "geometry": {
    "type": "Point",
    "coordinates": [
      126.9907486,
      37.5677678
    ]
  }
},
{
  "type": "Feature",
  "id": "node/4946726821",
  "properties": {
    "name:es": "gjj",
    "tourism": "hostel",
    "id": "node/4946726821"
  },
  "geometry": {
    "type": "Point",
    "coordinates": [
      127.0025038,
      37.5699369
    ]
  }
},
{
  "type": "Feature",
  "id": "node/4959357835",
  "properties": {
    "name": "비상튜브",
    "id": "node/4959357835"
  },
  "geometry": {
    "type": "Point",
    "coordinates": [
      126.9875124,
      37.5681873
    ]
  }
},
{
  "type": "Feature",
  "id": "node/4959357836",
  "properties": {
    "name": "비상튜브",
    "id": "node/4959357836"
  },
  "geometry": {
    "type": "Point",
    "coordinates": [
      126.9902361,
      37.5681138
    ]
  }
},
{
  "type": "Feature",
  "id": "node/4959357837",
  "properties": {
    "name": "비상튜브",
    "id": "node/4959357837"
  },
  "geometry": {
    "type": "Point",
    "coordinates": [
      126.9924956,
      37.5682831
    ]
  }
},
{
  "type": "Feature",
  "id": "node/4959360283",
  "properties": {
    "name": "수문",
    "크기": "2m*1m",
    "id": "node/4959360283"
  },
  "geometry": {
    "type": "Point",
    "coordinates": [
      127.0001261,
      37.5691861
    ]
  }
},
{
  "type": "Feature",
  "id": "node/4959360284",
  "properties": {
    "name": "수문",
    "크기": "2m*1m",
    "id": "node/4959360284"
  },
  "geometry": {
    "type": "Point",
    "coordinates": [
      127.0001344,
      37.5691861
    ]
  }
},
{
  "type": "Feature",
  "id": "node/4959360285",
  "properties": {
    "name": "수문",
    "크기": "2m*1.9m",
    "id": "node/4959360285"
  },
  "geometry": {
    "type": "Point",
    "coordinates": [
      126.9979203,
      37.56878
    ]
  }
},
{
  "type": "Feature",
  "id": "node/4959364165",
  "properties": {
    "name": "수문",
    "크기": "1.95*0.67",
    "id": "node/4959364165"
  },
  "geometry": {
    "type": "Point",
    "coordinates": [
      126.983289,
      37.5688921
    ]
  }
},
{
  "type": "Feature",
  "id": "node/4959364166",
  "properties": {
    "name": "수문",
    "크기": "1.95*0.67",
    "id": "node/4959364166"
  },
  "geometry": {
    "type": "Point",
    "coordinates": [
      126.983338,
      37.5688839
    ]
  }
},
{
  "type": "Feature",
  "id": "node/4959364167",
  "properties": {
    "name": "수문",
    "크기": "1,94*0.93",
    "id": "node/4959364167"
  },
  "geometry": {
    "type": "Point",
    "coordinates": [
      126.9874304,
      37.5681882
    ]
  }
},
{
  "type": "Feature",
  "id": "node/4959364168",
  "properties": {
    "name": "수문",
    "크기": "1,94*0.93",
    "id": "node/4959364168"
  },
  "geometry": {
    "type": "Point",
    "coordinates": [
      126.9874349,
      37.5681879
    ]
  }
},
{
  "type": "Feature",
  "id": "node/4959364169",
  "properties": {
    "name": "수문",
    "크기": "1,94*0.93",
    "id": "node/4959364169"
  },
  "geometry": {
    "type": "Point",
    "coordinates": [
      126.9874403,
      37.5681876
    ]
  }
},
{
  "type": "Feature",
  "id": "node/4959364170",
  "properties": {
    "name": "수문",
    "크기": "1,94*0.93",
    "id": "node/4959364170"
  },
  "geometry": {
    "type": "Point",
    "coordinates": [
      126.9874446,
      37.5681874
    ]
  }
},
{
  "type": "Feature",
  "id": "node/4959364171",
  "properties": {
    "name": "수문",
    "크기": "1,94*0.93",
    "id": "node/4959364171"
  },
  "geometry": {
    "type": "Point",
    "coordinates": [
      126.9874484,
      37.5681876
    ]
  }
},
{
  "type": "Feature",
  "id": "node/4959364172",
  "properties": {
    "name": "수문",
    "크기": "1,94*0.93",
    "id": "node/4959364172"
  },
  "geometry": {
    "type": "Point",
    "coordinates": [
      126.9874726,
      37.5681881
    ]
  }
},
{
  "type": "Feature",
  "id": "node/4959364173",
  "properties": {
    "name": "수문",
    "크기": "1,94*0.93",
    "id": "node/4959364173"
  },
  "geometry": {
    "type": "Point",
    "coordinates": [
      126.9874788,
      37.5681877
    ]
  }
},
{
  "type": "Feature",
  "id": "node/4959364174",
  "properties": {
    "name": "수문",
    "크기": "1,94*0.93",
    "id": "node/4959364174"
  },
  "geometry": {
    "type": "Point",
    "coordinates": [
      126.9874832,
      37.5681873
    ]
  }
},
{
  "type": "Feature",
  "id": "node/4959364175",
  "properties": {
    "name": "수문",
    "크기": "1,94*0.93",
    "id": "node/4959364175"
  },
  "geometry": {
    "type": "Point",
    "coordinates": [
      126.9874899,
      37.5681876
    ]
  }
},
{
  "type": "Feature",
  "id": "node/4959364176",
  "properties": {
    "name": "수문",
    "크기": "1,94*0.93",
    "id": "node/4959364176"
  },
  "geometry": {
    "type": "Point",
    "coordinates": [
      126.9874953,
      37.5681874
    ]
  }
},
{
  "type": "Feature",
  "id": "node/4959364177",
  "properties": {
    "name": "수문",
    "크기": "1.93*1.43",
    "id": "node/4959364177"
  },
  "geometry": {
    "type": "Point",
    "coordinates": [
      126.9885132,
      37.5681696
    ]
  }
},
{
  "type": "Feature",
  "id": "node/4959372156",
  "properties": {
    "height": "1.8",
    "name": "탈출 사다리",
    "id": "node/4959372156"
  },
  "geometry": {
    "type": "Point",
    "coordinates": [
      126.984882,
      37.5684427
    ]
  }
},
{
  "type": "Feature",
  "id": "node/4959372157",
  "properties": {
    "height": "1.8",
    "name": "탈출 사다리",
    "id": "node/4959372157"
  },
  "geometry": {
    "type": "Point",
    "coordinates": [
      126.9866949,
      37.5680762
    ]
  }
},
{
  "type": "Feature",
  "id": "node/4959372158",
  "properties": {
    "height": "3.7m",
    "name": "탈출 사다리",
    "id": "node/4959372158"
  },
  "geometry": {
    "type": "Point",
    "coordinates": [
      126.9882112,
      37.5679954
    ]
  }
},
{
  "type": "Feature",
  "id": "node/4959372159",
  "properties": {
    "height": "4.5",
    "name": "탈출 사다리",
    "id": "node/4959372159"
  },
  "geometry": {
    "type": "Point",
    "coordinates": [
      126.9947126,
      37.5684501
    ]
  }
},
{
  "type": "Feature",
  "id": "node/4959372160",
  "properties": {
    "height": "4.75",
    "name": "탈출 사다리",
    "id": "node/4959372160"
  },
  "geometry": {
    "type": "Point",
    "coordinates": [
      126.9976942,
      37.5687459
    ]
  }
},
{
  "type": "Feature",
  "id": "node/4959372161",
  "properties": {
    "Wide": "56cm",
    "name": "탈출 사다리",
    "id": "node/4959372161"
  },
  "geometry": {
    "type": "Point",
    "coordinates": [
      127.0009165,
      37.5694977
    ]
  }
},
{
  "type": "Feature",
  "id": "node/4959372162",
  "properties": {
    "Wide": "56cm",
    "name": "탈출 사다리",
    "id": "node/4959372162"
  },
  "geometry": {
    "type": "Point",
    "coordinates": [
      126.9999348,
      37.5693122
    ]
  }
},
{
  "type": "Feature",
  "id": "node/4959372163",
  "properties": {
    "Wide": "56cm",
    "name": "탈출 사다리",
    "id": "node/4959372163"
  },
  "geometry": {
    "type": "Point",
    "coordinates": [
      126.9977964,
      37.5688473
    ]
  }
},
{
  "type": "Feature",
  "id": "node/4959372164",
  "properties": {
    "Wide": "56cm",
    "name": "탈출 사다리",
    "id": "node/4959372164"
  },
  "geometry": {
    "type": "Point",
    "coordinates": [
      126.9900385,
      37.5682487
    ]
  }
},
{
  "type": "Feature",
  "id": "node/4959372165",
  "properties": {
    "Wide": "56cm",
    "name": "탈출 사다리",
    "id": "node/4959372165"
  },
  "geometry": {
    "type": "Point",
    "coordinates": [
      126.9828807,
      37.568927
    ]
  }
},
{
  "type": "Feature",
  "id": "node/4959372167",
  "properties": {
    "Wide": "60cm",
    "name": "탈출 사다리",
    "id": "node/4959372167"
  },
  "geometry": {
    "type": "Point",
    "coordinates": [
      126.9896719,
      37.5681964
    ]
  }
},
{
  "type": "Feature",
  "id": "node/4959372171",
  "properties": {
    "Wide": "60cm",
    "name": "탈출 사다리",
    "id": "node/4959372171"
  },
  "geometry": {
    "type": "Point",
    "coordinates": [
      126.9961965,
      37.5686587
    ]
  }
},
{
  "type": "Feature",
  "id": "node/4959372173",
  "properties": {
    "Wide": "60cm",
    "name": "탈출 사다리",
    "id": "node/4959372173"
  },
  "geometry": {
    "type": "Point",
    "coordinates": [
      126.9998402,
      37.5692904
    ]
  }
},
{
  "type": "Feature",
  "id": "node/4959372176",
  "properties": {
    "name": "탈출 사다리",
    "id": "node/4959372176"
  },
  "geometry": {
    "type": "Point",
    "coordinates": [
      126.9849439,
      37.5684313
    ]
  }
},
{
  "type": "Feature",
  "id": "node/4959372178",
  "properties": {
    "name": "탈출 사다리",
    "id": "node/4959372178"
  },
  "geometry": {
    "type": "Point",
    "coordinates": [
      126.9921158,
      37.56834
    ]
  }
},
{
  "type": "Feature",
  "id": "node/4959372179",
  "properties": {
    "name": "탈출 사다리",
    "id": "node/4959372179"
  },
  "geometry": {
    "type": "Point",
    "coordinates": [
      126.9933116,
      37.5684274
    ]
  }
},
{
  "type": "Feature",
  "id": "node/4959372180",
  "properties": {
    "name": "탈출 사다리",
    "id": "node/4959372180"
  },
  "geometry": {
    "type": "Point",
    "coordinates": [
      126.9933889,
      37.568433
    ]
  }
},
{
  "type": "Feature",
  "id": "node/4959372181",
  "properties": {
    "name": "탈출 사다리",
    "id": "node/4959372181"
  },
  "geometry": {
    "type": "Point",
    "coordinates": [
      126.9945445,
      37.5685169
    ]
  }
},
{
  "type": "Feature",
  "id": "node/4959376924",
  "properties": {
    "name": "수문",
    "크기": "1.93*1.43",
    "id": "node/4959376924"
  },
  "geometry": {
    "type": "Point",
    "coordinates": [
      126.9885253,
      37.56817
    ]
  }
},
{
  "type": "Feature",
  "id": "node/4959376925",
  "properties": {
    "name": "수문",
    "크기": "1.93*1.43",
    "id": "node/4959376925"
  },
  "geometry": {
    "type": "Point",
    "coordinates": [
      126.9885427,
      37.5681704
    ]
  }
},
{
  "type": "Feature",
  "id": "node/4959376926",
  "properties": {
    "name": "수문",
    "크기": "1.93*1.43",
    "id": "node/4959376926"
  },
  "geometry": {
    "type": "Point",
    "coordinates": [
      126.988557,
      37.5681708
    ]
  }
},
{
  "type": "Feature",
  "id": "node/4959376927",
  "properties": {
    "name": "수문",
    "크기": "1.93*1.43",
    "id": "node/4959376927"
  },
  "geometry": {
    "type": "Point",
    "coordinates": [
      126.9885717,
      37.5681712
    ]
  }
},
{
  "type": "Feature",
  "id": "node/4959376928",
  "properties": {
    "name": "수문",
    "크기": "1.93*1.43",
    "id": "node/4959376928"
  },
  "geometry": {
    "type": "Point",
    "coordinates": [
      126.9886306,
      37.5681729
    ]
  }
},
{
  "type": "Feature",
  "id": "node/4959376929",
  "properties": {
    "name": "수문",
    "크기": "1.93*1.43",
    "id": "node/4959376929"
  },
  "geometry": {
    "type": "Point",
    "coordinates": [
      126.9886437,
      37.5681733
    ]
  }
},
{
  "type": "Feature",
  "id": "node/4959376930",
  "properties": {
    "name": "수문",
    "크기": "1.93*1.43",
    "id": "node/4959376930"
  },
  "geometry": {
    "type": "Point",
    "coordinates": [
      126.98866,
      37.5681737
    ]
  }
},
{
  "type": "Feature",
  "id": "node/4959376931",
  "properties": {
    "name": "수문",
    "크기": "1.93*1.43",
    "id": "node/4959376931"
  },
  "geometry": {
    "type": "Point",
    "coordinates": [
      126.9886782,
      37.5681742
    ]
  }
},
{
  "type": "Feature",
  "id": "node/4959376932",
  "properties": {
    "name": "수문",
    "크기": "1.93*1.43",
    "id": "node/4959376932"
  },
  "geometry": {
    "type": "Point",
    "coordinates": [
      126.9886956,
      37.5681747
    ]
  }
},
{
  "type": "Feature",
  "id": "node/4959376933",
  "properties": {
    "name": "수문",
    "크기": "1.93*1.43",
    "id": "node/4959376933"
  },
  "geometry": {
    "type": "Point",
    "coordinates": [
      126.9893884,
      37.5681859
    ]
  }
},
{
  "type": "Feature",
  "id": "node/4959381814",
  "properties": {
    "name": "수문",
    "크기": "1.93*1.43",
    "id": "node/4959381814"
  },
  "geometry": {
    "type": "Point",
    "coordinates": [
      126.9894167,
      37.5681863
    ]
  }
},
{
  "type": "Feature",
  "id": "node/4959381815",
  "properties": {
    "name": "수문",
    "크기": "1.93*1.43",
    "id": "node/4959381815"
  },
  "geometry": {
    "type": "Point",
    "coordinates": [
      126.9894551,
      37.5681869
    ]
  }
},
{
  "type": "Feature",
  "id": "node/4959381816",
  "properties": {
    "name": "수문",
    "크기": "1.93*1.43",
    "id": "node/4959381816"
  },
  "geometry": {
    "type": "Point",
    "coordinates": [
      126.9894938,
      37.5681875
    ]
  }
},
{
  "type": "Feature",
  "id": "node/4959381817",
  "properties": {
    "name": "수문",
    "크기": "1.93*1.43",
    "id": "node/4959381817"
  },
  "geometry": {
    "type": "Point",
    "coordinates": [
      126.9895318,
      37.568188
    ]
  }
},
{
  "type": "Feature",
  "id": "node/4959381818",
  "properties": {
    "name": "수문",
    "크기": "1.93*1.43",
    "id": "node/4959381818"
  },
  "geometry": {
    "type": "Point",
    "coordinates": [
      126.9895938,
      37.5681889
    ]
  }
},
{
  "type": "Feature",
  "id": "node/4959394583",
  "properties": {
    "name": "수문",
    "크기": "2m*1.9m",
    "id": "node/4959394583"
  },
  "geometry": {
    "type": "Point",
    "coordinates": [
      126.9979141,
      37.5687789
    ]
  }
},
{
  "type": "Feature",
  "id": "node/4959394584",
  "properties": {
    "name": "수문",
    "크기": "2m*1.9m",
    "id": "node/4959394584"
  },
  "geometry": {
    "type": "Point",
    "coordinates": [
      126.9978882,
      37.5687745
    ]
  }
},
{
  "type": "Feature",
  "id": "node/4959394585",
  "properties": {
    "name": "수문",
    "크기": "2m*1.9m",
    "id": "node/4959394585"
  },
  "geometry": {
    "type": "Point",
    "coordinates": [
      126.9978986,
      37.5687763
    ]
  }
},
{
  "type": "Feature",
  "id": "node/4959394586",
  "properties": {
    "name": "수문",
    "크기": "2.87m*1.33m",
    "id": "node/4959394586"
  },
  "geometry": {
    "type": "Point",
    "coordinates": [
      127.0019963,
      37.5697122
    ]
  }
},
{
  "type": "Feature",
  "id": "node/4959394587",
  "properties": {
    "name": "수문",
    "크기": "2.87m*1.33m",
    "id": "node/4959394587"
  },
  "geometry": {
    "type": "Point",
    "coordinates": [
      127.001986,
      37.5697121
    ]
  }
},
{
  "type": "Feature",
  "id": "node/4959394588",
  "properties": {
    "name": "수문",
    "크기": "1.93m*2.00m",
    "id": "node/4959394588"
  },
  "geometry": {
    "type": "Point",
    "coordinates": [
      126.9978967,
      37.568861
    ]
  }
},
{
  "type": "Feature",
  "id": "node/4959394589",
  "properties": {
    "name": "수문",
    "크기": "1.93m*2.00m",
    "id": "node/4959394589"
  },
  "geometry": {
    "type": "Point",
    "coordinates": [
      126.9979043,
      37.568862
    ]
  }
},
{
  "type": "Feature",
  "id": "node/4959394590",
  "properties": {
    "name": "수문",
    "크기": "1.93m*2.00m",
    "id": "node/4959394590"
  },
  "geometry": {
    "type": "Point",
    "coordinates": [
      126.9978868,
      37.5688597
    ]
  }
},
{
  "type": "Feature",
  "id": "node/4959394591",
  "properties": {
    "name": "수문",
    "크기": "1.93m*2.00m",
    "id": "node/4959394591"
  },
  "geometry": {
    "type": "Point",
    "coordinates": [
      126.9978811,
      37.5688589
    ]
  }
},
{
  "type": "Feature",
  "id": "node/4959394592",
  "properties": {
    "name": "수문",
    "크기": "3.00m*1.50m",
    "id": "node/4959394592"
  },
  "geometry": {
    "type": "Point",
    "coordinates": [
      126.9963864,
      37.568606
    ]
  }
},
{
  "type": "Feature",
  "id": "node/4959394593",
  "properties": {
    "name": "수문",
    "크기": "3.00m*1.50m",
    "id": "node/4959394593"
  },
  "geometry": {
    "type": "Point",
    "coordinates": [
      126.9963962,
      37.5686069
    ]
  }
},
{
  "type": "Feature",
  "id": "node/4959394594",
  "properties": {
    "name": "수문",
    "크기": "3.00m*1.50m",
    "id": "node/4959394594"
  },
  "geometry": {
    "type": "Point",
    "coordinates": [
      126.9964056,
      37.5686079
    ]
  }
},
{
  "type": "Feature",
  "id": "node/4959394595",
  "properties": {
    "name": "수문",
    "크기": "3.00m*1.50m",
    "id": "node/4959394595"
  },
  "geometry": {
    "type": "Point",
    "coordinates": [
      126.9964142,
      37.5686088
    ]
  }
},
{
  "type": "Feature",
  "id": "node/4959394596",
  "properties": {
    "name": "수문",
    "크기": "3.00m*1.50m",
    "id": "node/4959394596"
  },
  "geometry": {
    "type": "Point",
    "coordinates": [
      126.9964229,
      37.5686096
    ]
  }
},
{
  "type": "Feature",
  "id": "node/4959394597",
  "properties": {
    "name": "수문",
    "크기": "3.00m*1.50m",
    "id": "node/4959394597"
  },
  "geometry": {
    "type": "Point",
    "coordinates": [
      126.996432,
      37.5686106
    ]
  }
},
{
  "type": "Feature",
  "id": "node/4959394598",
  "properties": {
    "name": "수문",
    "크기": "3.00m*1.50m",
    "id": "node/4959394598"
  },
  "geometry": {
    "type": "Point",
    "coordinates": [
      126.996441,
      37.5686115
    ]
  }
},
{
  "type": "Feature",
  "id": "node/4959394599",
  "properties": {
    "name": "수문",
    "크기": "3.00m*1.50m",
    "id": "node/4959394599"
  },
  "geometry": {
    "type": "Point",
    "coordinates": [
      126.9964485,
      37.5686122
    ]
  }
},
{
  "type": "Feature",
  "id": "node/4959394600",
  "properties": {
    "name": "수문",
    "크기": "1.95m*0.81m",
    "id": "node/4959394600"
  },
  "geometry": {
    "type": "Point",
    "coordinates": [
      126.9963673,
      37.5686731
    ]
  }
},
{
  "type": "Feature",
  "id": "node/4959394601",
  "properties": {
    "name": "수문",
    "크기": "1.95m*0.81m",
    "id": "node/4959394601"
  },
  "geometry": {
    "type": "Point",
    "coordinates": [
      126.9968519,
      37.568719
    ]
  }
},
{
  "type": "Feature",
  "id": "node/4959394602",
  "properties": {
    "name": "수문",
    "크기": "1.95m*0.81m",
    "id": "node/4959394602"
  },
  "geometry": {
    "type": "Point",
    "coordinates": [
      126.9964594,
      37.5686811
    ]
  }
},
{
  "type": "Feature",
  "id": "node/4959394603",
  "properties": {
    "name": "수문",
    "크기": "1.95m*0.81m",
    "id": "node/4959394603"
  },
  "geometry": {
    "type": "Point",
    "coordinates": [
      126.9965563,
      37.5686894
    ]
  }
},
{
  "type": "Feature",
  "id": "node/4959394604",
  "properties": {
    "name": "수문",
    "크기": "1.95m*0.81m",
    "id": "node/4959394604"
  },
  "geometry": {
    "type": "Point",
    "coordinates": [
      126.9966538,
      37.5686978
    ]
  }
},
{
  "type": "Feature",
  "id": "node/4959394605",
  "properties": {
    "name": "수문",
    "크기": "1.95m*0.81m",
    "id": "node/4959394605"
  },
  "geometry": {
    "type": "Point",
    "coordinates": [
      126.9967551,
      37.5687066
    ]
  }
},
{
  "type": "Feature",
  "id": "node/4959394606",
  "properties": {
    "name": "수문",
    "크기": "1.95m*0.81m",
    "id": "node/4959394606"
  },
  "geometry": {
    "type": "Point",
    "coordinates": [
      126.996932,
      37.5687299
    ]
  }
},
{
  "type": "Feature",
  "id": "node/4959394607",
  "properties": {
    "name": "수문",
    "크기": "1.95m*0.81m",
    "id": "node/4959394607"
  },
  "geometry": {
    "type": "Point",
    "coordinates": [
      126.997025,
      37.5687425
    ]
  }
},
{
  "type": "Feature",
  "id": "node/4959394608",
  "properties": {
    "name": "수문",
    "크기": "1.95m*0.81m",
    "id": "node/4959394608"
  },
  "geometry": {
    "type": "Point",
    "coordinates": [
      126.9971162,
      37.5687549
    ]
  }
},
{
  "type": "Feature",
  "id": "node/4959394609",
  "properties": {
    "name": "수문",
    "크기": "1.95m*0.81m",
    "id": "node/4959394609"
  },
  "geometry": {
    "type": "Point",
    "coordinates": [
      126.9971973,
      37.5687659
    ]
  }
},
{
  "type": "Feature",
  "id": "node/4959394612",
  "properties": {
    "name": "수문",
    "크기": "1.95m*1.10m",
    "id": "node/4959394612"
  },
  "geometry": {
    "type": "Point",
    "coordinates": [
      126.9959576,
      37.5686382
    ]
  }
},
{
  "type": "Feature",
  "id": "node/4959394613",
  "properties": {
    "name": "수문",
    "크기": "1.95m*1.10m",
    "id": "node/4959394613"
  },
  "geometry": {
    "type": "Point",
    "coordinates": [
      126.9957614,
      37.5686223
    ]
  }
},
{
  "type": "Feature",
  "id": "node/4959394614",
  "properties": {
    "name": "수문",
    "크기": "1.95m*1.10m",
    "id": "node/4959394614"
  },
  "geometry": {
    "type": "Point",
    "coordinates": [
      126.9961063,
      37.568651
    ]
  }
},
{
  "type": "Feature",
  "id": "node/4959394616",
  "properties": {
    "name": "수문",
    "크기": "2.00m*1.60m",
    "id": "node/4959394616"
  },
  "geometry": {
    "type": "Point",
    "coordinates": [
      126.995166,
      37.568487
    ]
  }
},
{
  "type": "Feature",
  "id": "node/4959394617",
  "properties": {
    "name": "수문",
    "크기": "2.00m*1.60m",
    "id": "node/4959394617"
  },
  "geometry": {
    "type": "Point",
    "coordinates": [
      126.9952083,
      37.5684909
    ]
  }
},
{
  "type": "Feature",
  "id": "node/4959394618",
  "properties": {
    "name": "수문",
    "크기": "2.00m*1.60m",
    "id": "node/4959394618"
  },
  "geometry": {
    "type": "Point",
    "coordinates": [
      126.9952425,
      37.568494
    ]
  }
},
{
  "type": "Feature",
  "id": "node/4959394619",
  "properties": {
    "name": "수문",
    "크기": "2.00m*1.70m",
    "id": "node/4959394619"
  },
  "geometry": {
    "type": "Point",
    "coordinates": [
      126.9953803,
      37.5685065
    ]
  }
},
{
  "type": "Feature",
  "id": "node/4959394620",
  "properties": {
    "name": "수문",
    "크기": "2.00m*1.70m",
    "id": "node/4959394620"
  },
  "geometry": {
    "type": "Point",
    "coordinates": [
      126.9954232,
      37.5685104
    ]
  }
},
{
  "type": "Feature",
  "id": "node/4959394693",
  "properties": {
    "name": "수문",
    "크기": "4*1.5",
    "id": "node/4959394693"
  },
  "geometry": {
    "type": "Point",
    "coordinates": [
      126.989551,
      37.5680647
    ]
  }
},
{
  "type": "Feature",
  "id": "node/4959394694",
  "properties": {
    "name": "수문",
    "크기": "4*1.5",
    "id": "node/4959394694"
  },
  "geometry": {
    "type": "Point",
    "coordinates": [
      126.9895693,
      37.5680661
    ]
  }
},
{
  "type": "Feature",
  "id": "node/4959394695",
  "properties": {
    "name": "수문",
    "크기": "4.0*1.5",
    "id": "node/4959394695"
  },
  "geometry": {
    "type": "Point",
    "coordinates": [
      126.9891981,
      37.5680576
    ]
  }
},
{
  "type": "Feature",
  "id": "node/4959395021",
  "properties": {
    "name": "수문",
    "크기": "2.00m*1.70m",
    "id": "node/4959395021"
  },
  "geometry": {
    "type": "Point",
    "coordinates": [
      126.995457,
      37.5685135
    ]
  }
},
{
  "type": "Feature",
  "id": "node/4959395022",
  "properties": {
    "name": "수문",
    "크기": "1.83m*1.70m",
    "id": "node/4959395022"
  },
  "geometry": {
    "type": "Point",
    "coordinates": [
      126.9951205,
      37.5685623
    ]
  }
},
{
  "type": "Feature",
  "id": "node/4959395023",
  "properties": {
    "name": "수문",
    "크기": "1.83m*1.70m",
    "id": "node/4959395023"
  },
  "geometry": {
    "type": "Point",
    "coordinates": [
      126.9951169,
      37.568562
    ]
  }
},
{
  "type": "Feature",
  "id": "node/4959395024",
  "properties": {
    "name": "수문",
    "크기": "1.83m*1.70m",
    "id": "node/4959395024"
  },
  "geometry": {
    "type": "Point",
    "coordinates": [
      126.9951134,
      37.5685616
    ]
  }
},
{
  "type": "Feature",
  "id": "node/4959395025",
  "properties": {
    "name": "수문",
    "크기": "1.93m*1.16m",
    "id": "node/4959395025"
  },
  "geometry": {
    "type": "Point",
    "coordinates": [
      126.9951249,
      37.5685627
    ]
  }
},
{
  "type": "Feature",
  "id": "node/4959395026",
  "properties": {
    "name": "수문",
    "크기": "1.93m*1.16m",
    "id": "node/4959395026"
  },
  "geometry": {
    "type": "Point",
    "coordinates": [
      126.9951384,
      37.568564
    ]
  }
},
{
  "type": "Feature",
  "id": "node/4959395027",
  "properties": {
    "name": "수문",
    "크기": "1.93m*1.16m",
    "id": "node/4959395027"
  },
  "geometry": {
    "type": "Point",
    "coordinates": [
      126.9951422,
      37.5685644
    ]
  }
},
{
  "type": "Feature",
  "id": "node/4959395028",
  "properties": {
    "name": "수문",
    "크기": "1.93m*1.16m",
    "id": "node/4959395028"
  },
  "geometry": {
    "type": "Point",
    "coordinates": [
      126.9951477,
      37.5685649
    ]
  }
},
{
  "type": "Feature",
  "id": "node/4959395029",
  "properties": {
    "name": "수문",
    "크기": "4.00m*1.20m",
    "id": "node/4959395029"
  },
  "geometry": {
    "type": "Point",
    "coordinates": [
      126.9941957,
      37.5684111
    ]
  }
},
{
  "type": "Feature",
  "id": "node/4959395030",
  "properties": {
    "name": "수문",
    "크기": "4.00m*1.20m",
    "id": "node/4959395030"
  },
  "geometry": {
    "type": "Point",
    "coordinates": [
      126.9942176,
      37.5684128
    ]
  }
},
{
  "type": "Feature",
  "id": "node/4959395031",
  "properties": {
    "name": "수문",
    "크기": "4.00m*1.20m",
    "id": "node/4959395031"
  },
  "geometry": {
    "type": "Point",
    "coordinates": [
      126.9942387,
      37.5684143
    ]
  }
},
{
  "type": "Feature",
  "id": "node/4959395032",
  "properties": {
    "name": "수문",
    "크기": "4.00m*1.20m",
    "id": "node/4959395032"
  },
  "geometry": {
    "type": "Point",
    "coordinates": [
      126.9941741,
      37.5684095
    ]
  }
},
{
  "type": "Feature",
  "id": "node/4959395033",
  "properties": {
    "name": "수문",
    "크기": "4.00m*1.20m",
    "id": "node/4959395033"
  },
  "geometry": {
    "type": "Point",
    "coordinates": [
      126.9941508,
      37.5684077
    ]
  }
},
{
  "type": "Feature",
  "id": "node/4959395034",
  "properties": {
    "name": "수문",
    "크기": "1.93m*1.10m",
    "id": "node/4959395034"
  },
  "geometry": {
    "type": "Point",
    "coordinates": [
      126.9923937,
      37.5683605
    ]
  }
},
{
  "type": "Feature",
  "id": "node/4959395035",
  "properties": {
    "name": "수문",
    "크기": "1.93m*1.10m",
    "id": "node/4959395035"
  },
  "geometry": {
    "type": "Point",
    "coordinates": [
      126.9923915,
      37.5683604
    ]
  }
},
{
  "type": "Feature",
  "id": "node/4959395036",
  "properties": {
    "name": "수문",
    "크기": "1.93m*1.10m",
    "id": "node/4959395036"
  },
  "geometry": {
    "type": "Point",
    "coordinates": [
      126.9923866,
      37.56836
    ]
  }
},
{
  "type": "Feature",
  "id": "node/4959395037",
  "properties": {
    "name": "수문",
    "크기": "1.93m*1.10m",
    "id": "node/4959395037"
  },
  "geometry": {
    "type": "Point",
    "coordinates": [
      126.9923775,
      37.5683593
    ]
  }
},
{
  "type": "Feature",
  "id": "node/4959395038",
  "properties": {
    "name": "수문",
    "크기": "1.93m*1.10m",
    "id": "node/4959395038"
  },
  "geometry": {
    "type": "Point",
    "coordinates": [
      126.9923706,
      37.5683588
    ]
  }
},
{
  "type": "Feature",
  "id": "node/4959395039",
  "properties": {
    "name": "수문",
    "크기": "1.93m*1.10m",
    "id": "node/4959395039"
  },
  "geometry": {
    "type": "Point",
    "coordinates": [
      126.9923657,
      37.5683585
    ]
  }
},
{
  "type": "Feature",
  "id": "node/4959395040",
  "properties": {
    "name": "수문",
    "크기": "1.93m*1.16m",
    "id": "node/4959395040"
  },
  "geometry": {
    "type": "Point",
    "coordinates": [
      126.9923997,
      37.5683608
    ]
  }
},
{
  "type": "Feature",
  "id": "node/4959395041",
  "properties": {
    "name": "수문",
    "크기": "1.93m*1.16m",
    "id": "node/4959395041"
  },
  "geometry": {
    "type": "Point",
    "coordinates": [
      126.9924038,
      37.5683611
    ]
  }
},
{
  "type": "Feature",
  "id": "node/4959395042",
  "properties": {
    "name": "수문",
    "크기": "1.93m*1.16m",
    "id": "node/4959395042"
  },
  "geometry": {
    "type": "Point",
    "coordinates": [
      126.9924076,
      37.5683614
    ]
  }
},
{
  "type": "Feature",
  "id": "node/4959395043",
  "properties": {
    "name": "수문",
    "크기": "1.93m*1.50m",
    "id": "node/4959395043"
  },
  "geometry": {
    "type": "Point",
    "coordinates": [
      126.9924106,
      37.5683615
    ]
  }
},
{
  "type": "Feature",
  "id": "node/4959395044",
  "properties": {
    "name": "수문",
    "크기": "1.93m*1.50m",
    "id": "node/4959395044"
  },
  "geometry": {
    "type": "Point",
    "coordinates": [
      126.9924149,
      37.5683617
    ]
  }
},
{
  "type": "Feature",
  "id": "node/4959395045",
  "properties": {
    "name": "수문",
    "크기": "1.93m*1.50m",
    "id": "node/4959395045"
  },
  "geometry": {
    "type": "Point",
    "coordinates": [
      126.9924202,
      37.568362
    ]
  }
},
{
  "type": "Feature",
  "id": "node/4959395046",
  "properties": {
    "name": "수문",
    "크기": "1.93m*1.50m",
    "id": "node/4959395046"
  },
  "geometry": {
    "type": "Point",
    "coordinates": [
      126.9924245,
      37.5683625
    ]
  }
},
{
  "type": "Feature",
  "id": "node/4959395048",
  "properties": {
    "name": "수문",
    "크기": "2.00m*1.20m",
    "id": "node/4959395048"
  },
  "geometry": {
    "type": "Point",
    "coordinates": [
      126.9923872,
      37.5682749
    ]
  }
},
{
  "type": "Feature",
  "id": "node/4959395050",
  "properties": {
    "name": "수문",
    "크기": "2.00m*1.20m",
    "id": "node/4959395050"
  },
  "geometry": {
    "type": "Point",
    "coordinates": [
      126.9923947,
      37.5682755
    ]
  }
},
{
  "type": "Feature",
  "id": "node/4959395051",
  "properties": {
    "name": "수문",
    "크기": "2.00m*1.20m",
    "id": "node/4959395051"
  },
  "geometry": {
    "type": "Point",
    "coordinates": [
      126.9924278,
      37.568277
    ]
  }
},
{
  "type": "Feature",
  "id": "node/4959395053",
  "properties": {
    "name": "수문",
    "크기": "2.40m*1.20m",
    "id": "node/4959395053"
  },
  "geometry": {
    "type": "Point",
    "coordinates": [
      126.9924353,
      37.5682782
    ]
  }
},
{
  "type": "Feature",
  "id": "node/4959395054",
  "properties": {
    "name": "수문",
    "크기": "2.00m*1.20m",
    "id": "node/4959395054"
  },
  "geometry": {
    "type": "Point",
    "coordinates": [
      126.9924428,
      37.5682793
    ]
  }
},
{
  "type": "Feature",
  "id": "node/4959395055",
  "properties": {
    "name": "수문",
    "크기": "2.00m*1.20m",
    "id": "node/4959395055"
  },
  "geometry": {
    "type": "Point",
    "coordinates": [
      126.9924398,
      37.5682788
    ]
  }
},
{
  "type": "Feature",
  "id": "node/4960030814",
  "properties": {
    "Wide": "60cm",
    "name": "탈출 사다리",
    "id": "node/4960030814"
  },
  "geometry": {
    "type": "Point",
    "coordinates": [
      126.9876196,
      37.5681867
    ]
  }
},
{
  "type": "Feature",
  "id": "node/4960030815",
  "properties": {
    "Wide": "60cm",
    "name": "탈출 사다리",
    "id": "node/4960030815"
  },
  "geometry": {
    "type": "Point",
    "coordinates": [
      126.9902748,
      37.5682401
    ]
  }
},
{
  "type": "Feature",
  "id": "node/4960030816",
  "properties": {
    "name": "수문",
    "크기": "2.00m*1.20m",
    "id": "node/4960030816"
  },
  "geometry": {
    "type": "Point",
    "coordinates": [
      126.9923837,
      37.5682747
    ]
  }
},
{
  "type": "Feature",
  "id": "node/4960030817",
  "properties": {
    "name": "수문",
    "크기": "2.00m*1.20m",
    "id": "node/4960030817"
  },
  "geometry": {
    "type": "Point",
    "coordinates": [
      126.9923913,
      37.5682753
    ]
  }
},
{
  "type": "Feature",
  "id": "node/4960030818",
  "properties": {
    "name": "수문",
    "크기": "2.00m*1.20m",
    "id": "node/4960030818"
  },
  "geometry": {
    "type": "Point",
    "coordinates": [
      126.9924313,
      37.5682776
    ]
  }
},
{
  "type": "Feature",
  "id": "node/4960030819",
  "properties": {
    "name": "수문",
    "크기": "1.95m*1.10m",
    "id": "node/4960030819"
  },
  "geometry": {
    "type": "Point",
    "coordinates": [
      126.9962214,
      37.5686605
    ]
  }
},
{
  "type": "Feature",
  "id": "node/4960120566",
  "properties": {
    "addr:city": "서울특별시",
    "addr:district": "중구",
    "id": "node/4960120566"
  },
  "geometry": {
    "type": "Point",
    "coordinates": [
      126.9982245,
      37.5687338
    ]
  }
},
{
  "type": "Feature",
  "id": "node/4960120567",
  "properties": {
    "addr:city": "서울특별시",
    "addr:district": "중구",
    "id": "node/4960120567"
  },
  "geometry": {
    "type": "Point",
    "coordinates": [
      126.9981055,
      37.5686225
    ]
  }
},
{
  "type": "Feature",
  "id": "node/4960120568",
  "properties": {
    "addr:city": "서울특별시",
    "addr:district": "중구",
    "id": "node/4960120568"
  },
  "geometry": {
    "type": "Point",
    "coordinates": [
      126.9981141,
      37.5685819
    ]
  }
},
{
  "type": "Feature",
  "id": "node/4960120569",
  "properties": {
    "addr:city": "서울특별시",
    "addr:district": "중구",
    "id": "node/4960120569"
  },
  "geometry": {
    "type": "Point",
    "coordinates": [
      126.9982776,
      37.5685956
    ]
  }
},
{
  "type": "Feature",
  "id": "node/4960120574",
  "properties": {
    "name": "대일특수조명",
    "shop": "yes",
    "id": "node/4960120574"
  },
  "geometry": {
    "type": "Point",
    "coordinates": [
      126.9982131,
      37.5686466
    ]
  }
},
{
  "type": "Feature",
  "id": "node/4960120575",
  "properties": {
    "name": "2U 게스트하우스",
    "phone": "+82 10 3769 1232",
    "tourism": "apartment",
    "id": "node/4960120575"
  },
  "geometry": {
    "type": "Point",
    "coordinates": [
      126.9981697,
      37.5686107
    ]
  }
},
{
  "type": "Feature",
  "id": "node/4995764323",
  "properties": {
    "tourism": "artwork",
    "id": "node/4995764323"
  },
  "geometry": {
    "type": "Point",
    "coordinates": [
      127.0088923,
      37.5698263
    ]
  }
},
{
  "type": "Feature",
  "id": "node/5031807508",
  "properties": {
    "dimension": "1.95m*1.10m",
    "man_made": "wastewater_plant",
    "name": "수문",
    "id": "node/5031807508"
  },
  "geometry": {
    "type": "Point",
    "coordinates": [
      126.9956014,
      37.5686124
    ]
  }
},
{
  "type": "Feature",
  "id": "node/5031807509",
  "properties": {
    "dimension": "1.95m*1.10m",
    "man_made": "wastewater_plant",
    "name": "수문",
    "id": "node/5031807509"
  },
  "geometry": {
    "type": "Point",
    "coordinates": [
      126.9956876,
      37.5686196
    ]
  }
},
{
  "type": "Feature",
  "id": "node/5426384223",
  "properties": {
    "addr:city": "서울특별시",
    "addr:district": "중구",
    "addr:housenumber": "B1",
    "addr:street": "청계천로",
    "amenity": "cafe",
    "cuisine": "tea",
    "name:en": "Osulloc",
    "opening_hours": "Mo-Fr 08:00-21:00",
    "phone": "+82260202350",
    "id": "node/5426384223"
  },
  "geometry": {
    "type": "Point",
    "coordinates": [
      126.9881897,
      37.5677612
    ]
  }
},
{
  "type": "Feature",
  "id": "node/5484606965",
  "properties": {
    "name": "청계3가 (Cheonggye 3 Ga)",
    "name:en": "Cheonggye 3 Ga",
    "name:ko": "청계3가",
    "name:ko-Latn": "Cheonggye 3 Ga",
    "id": "node/5484606965"
  },
  "geometry": {
    "type": "Point",
    "coordinates": [
      126.9924655,
      37.5684023
    ]
  }
},
{
  "type": "Feature",
  "id": "node/5484606966",
  "properties": {
    "Wide": "60cm",
    "name": "탈출 사다리",
    "id": "node/5484606966"
  },
  "geometry": {
    "type": "Point",
    "coordinates": [
      126.9924159,
      37.5684132
    ]
  }
},
{
  "type": "Feature",
  "id": "node/5533229422",
  "properties": {
    "information": "office",
    "name": "관광안내소",
    "name:en": "Tourist Information CHEONG stream",
    "name:ja": "観光案内所",
    "name:ko": "관광안내소 CHEONG stream",
    "opening_hours": "Mo-Su 09:00-20:00",
    "tourism": "information",
    "id": "node/5533229422"
  },
  "geometry": {
    "type": "Point",
    "coordinates": [
      126.9873876,
      37.5682778
    ]
  }
},
{
  "type": "Feature",
  "id": "node/5594147822",
  "properties": {
    "name": "종로4가",
    "name:en": "Jongno 4 ga",
    "tourism": "attraction",
    "id": "node/5594147822"
  },
  "geometry": {
    "type": "Point",
    "coordinates": [
      126.9978228,
      37.5690232
    ]
  }
},
{
  "type": "Feature",
  "id": "node/5886738590",
  "properties": {
    "addr:city": "서울특별시",
    "addr:district": "중구",
    "addr:housenumber": "40",
    "addr:postcode": "04521",
    "addr:street": "청계천로",
    "addr:subdistrict": "다동",
    "amenity": "theatre",
    "level": "-1",
    "name": "CKL 스테이지",
    "name:en": "CKL Stage",
    "name:ko": "CKL 스테이지",
    "operator": "한국콘텐츠진흥원",
    "id": "node/5886738590"
  },
  "geometry": {
    "type": "Point",
    "coordinates": [
      126.9813158,
      37.568596
    ]
  }
},
{
  "type": "Feature",
  "id": "node/5911213085",
  "properties": {
    "amenity": "library",
    "name": "세운 테크북라운지",
    "name:en": "Sewoon Tech-book Lounge",
    "name:ja": "世運テクブックラウンジ",
    "opening_hours": "Mo-Sa 10:00-13:00, 14:00-19:00",
    "id": "node/5911213085"
  },
  "geometry": {
    "type": "Point",
    "coordinates": [
      126.995137,
      37.5682814
    ]
  }
},
{
  "type": "Feature",
  "id": "node/6414252408",
  "properties": {
    "description": "동대문지하쇼핑센터 4번출구",
    "railway": "subway_entrance",
    "ref": "4",
    "id": "node/6414252408"
  },
  "geometry": {
    "type": "Point",
    "coordinates": [
      127.0096697,
      37.569493
    ]
  }
},
{
  "type": "Feature",
  "id": "node/6414252771",
  "properties": {
    "description": "동대문지하쇼핑센터 2번출구",
    "railway": "subway_entrance",
    "ref": "2",
    "id": "node/6414252771"
  },
  "geometry": {
    "type": "Point",
    "coordinates": [
      127.0094003,
      37.5700501
    ]
  }
},
{
  "type": "Feature",
  "id": "node/6632070612",
  "properties": {
    "crossing:markings": "yes",
    "crossing:signals": "no",
    "highway": "crossing",
    "id": "node/6632070612"
  },
  "geometry": {
    "type": "Point",
    "coordinates": [
      126.9951779,
      37.5684142
    ]
  }
},
{
  "type": "Feature",
  "id": "node/7007666481",
  "properties": {
    "amenity": "restaurant",
    "description": "메뉴 : 돈까스, 삼겹살 등\n주소 :  서울시 중구  청계천로 160 청계상가 바 301\n전화 : 02-2273-9005\n휴무 : 일요일",
    "name": "다전식당",
    "name:ja": "多銭食堂",
    "id": "node/7007666481"
  },
  "geometry": {
    "type": "Point",
    "coordinates": [
      126.9954316,
      37.5683077
    ]
  }
},
{
  "type": "Feature",
  "id": "node/7013441402",
  "properties": {
    "addr:city": "서울특별시",
    "addr:district": "중구",
    "addr:housenumber": "172-1",
    "addr:postcode": "04545",
    "addr:street": "청계천로",
    "addr:subdistrict": "주교동",
    "amenity": "cafe",
    "contact:instagram": "https://www.instagram.com/louis_collections/",
    "contact:website": "https://place.map.kakao.com/1975171200",
    "cuisine": "cake",
    "drink:coffee": "served",
    "drink:tea": "served",
    "name": "루이스의 사물들",
    "opening_hours": "Mo-Sa 12:00-24:00; Su off",
    "id": "node/7013441402"
  },
  "geometry": {
    "type": "Point",
    "coordinates": [
      126.9968889,
      37.5684742
    ]
  }
},
{
  "type": "Feature",
  "id": "node/7018932193",
  "properties": {
    "amenity": "parking",
    "description": "위치 : 서울시 종로구 청계천로 159 1층\n연락처 : 02-2236-0052\n휴무 : 주말 일부시간 무료(토요일 오후3시~일요일 오후12시) \n위치 : https://place.map.kakao.com/11478014\n#세운공영주차장 #5분500원",
    "name": "세운상가 공영주차장",
    "id": "node/7018932193"
  },
  "geometry": {
    "type": "Point",
    "coordinates": [
      126.9951157,
      37.5688996
    ]
  }
},
{
  "type": "Feature",
  "id": "node/7136029886",
  "properties": {
    "brand": "세븐일레븐",
    "brand:en": "7-Eleven",
    "brand:ko": "세븐일레븐",
    "brand:wikidata": "Q259340",
    "name": "세븐일레븐",
    "name:en": "7-Eleven",
    "name:ko": "세븐일레븐",
    "shop": "convenience",
    "id": "node/7136029886"
  },
  "geometry": {
    "type": "Point",
    "coordinates": [
      127.0022517,
      37.5698658
    ]
  }
},
{
  "type": "Feature",
  "id": "node/7288910987",
  "properties": {
    "description": "1760년 영조시대에 만들어진 인공산",
    "ele": "20",
    "name": "청계천 북쪽 가산",
    "natural": "peak",
    "source": "https://www.sisul.or.kr/open_content/cheonggye/intro/assets5.jsp",
    "id": "node/7288910987"
  },
  "geometry": {
    "type": "Point",
    "coordinates": [
      127.0053455,
      37.5698763
    ]
  }
},
{
  "type": "Feature",
  "id": "node/7505703291",
  "properties": {
    "crossing": "marked",
    "crossing:markings": "zebra",
    "highway": "crossing",
    "id": "node/7505703291"
  },
  "geometry": {
    "type": "Point",
    "coordinates": [
      126.9791406,
      37.568985
    ]
  }
},
{
  "type": "Feature",
  "id": "node/7505703292",
  "properties": {
    "crossing": "marked",
    "crossing:markings": "zebra",
    "highway": "crossing",
    "id": "node/7505703292"
  },
  "geometry": {
    "type": "Point",
    "coordinates": [
      126.9794041,
      37.5689617
    ]
  }
},
{
  "type": "Feature",
  "id": "node/7810771015",
  "properties": {
    "artwork_type": "statue",
    "name": "광교 축소 복원 모형",
    "tourism": "artwork",
    "id": "node/7810771015"
  },
  "geometry": {
    "type": "Point",
    "coordinates": [
      126.9829342,
      37.5685661
    ]
  }
},
{
  "type": "Feature",
  "id": "node/7832708686",
  "properties": {
    "name": "평안상사",
    "shop": "hardware",
    "id": "node/7832708686"
  },
  "geometry": {
    "type": "Point",
    "coordinates": [
      126.9923155,
      37.5685105
    ]
  }
},
{
  "type": "Feature",
  "id": "node/8072916817",
  "properties": {
    "amenity": "pharmacy",
    "healthcare": "pharmacy",
    "name": "광교약국",
    "id": "node/8072916817"
  },
  "geometry": {
    "type": "Point",
    "coordinates": [
      126.9831056,
      37.569131
    ]
  }
},
{
  "type": "Feature",
  "id": "node/8299072641",
  "properties": {
    "amenity": "bank",
    "brand": "하나은행",
    "brand:en": "Korea Exchange Bank",
    "brand:ko": "하나은행",
    "brand:wikidata": "Q484047",
    "brand:wikipedia": "en:Korea Exchange Bank",
    "name": "하나은행",
    "name:en": "Korea Exchange Bank",
    "name:ko": "하나은행",
    "id": "node/8299072641"
  },
  "geometry": {
    "type": "Point",
    "coordinates": [
      126.9981947,
      37.5692392
    ]
  }
},
{
  "type": "Feature",
  "id": "node/8482825459",
  "properties": {
    "crossing": "marked",
    "crossing:markings": "yes",
    "highway": "crossing",
    "tactile_paving": "yes",
    "id": "node/8482825459"
  },
  "geometry": {
    "type": "Point",
    "coordinates": [
      127.0093568,
      37.5699723
    ]
  }
},
{
  "type": "Feature",
  "id": "node/8482825464",
  "properties": {
    "direction": "anticlockwise",
    "highway": "mini_roundabout",
    "id": "node/8482825464"
  },
  "geometry": {
    "type": "Point",
    "coordinates": [
      126.998055,
      37.5690093
    ]
  }
},
{
  "type": "Feature",
  "id": "node/9066179065",
  "properties": {
    "addr:city": "서울특별시",
    "addr:district": "중구",
    "addr:housenumber": "12",
    "addr:postcode": "04546",
    "addr:street": "창경궁로8길",
    "addr:subdistrict": "주교동",
    "amenity": "restaurant",
    "cuisine": "asian;korean;yakiniku",
    "diet:meat": "yes",
    "name": "보건옥(BogeonOak)",
    "phone": "02-2275-3743",
    "id": "node/9066179065"
  },
  "geometry": {
    "type": "Point",
    "coordinates": [
      126.9987615,
      37.5685393
    ]
  }
},
{
  "type": "Feature",
  "id": "node/9066179077",
  "properties": {
    "addr:city": "서울특별시",
    "addr:district": "중구",
    "id": "node/9066179077"
  },
  "geometry": {
    "type": "Point",
    "coordinates": [
      126.9986622,
      37.5685867
    ]
  }
},
{
  "type": "Feature",
  "id": "node/9066179078",
  "properties": {
    "addr:city": "서울특별시",
    "addr:district": "중구",
    "id": "node/9066179078"
  },
  "geometry": {
    "type": "Point",
    "coordinates": [
      126.9984459,
      37.568534
    ]
  }
},
{
  "type": "Feature",
  "id": "node/9066179079",
  "properties": {
    "addr:city": "서울특별시",
    "addr:district": "중구",
    "id": "node/9066179079"
  },
  "geometry": {
    "type": "Point",
    "coordinates": [
      126.9984204,
      37.5685997
    ]
  }
},
{
  "type": "Feature",
  "id": "node/9066179080",
  "properties": {
    "addr:city": "서울특별시",
    "addr:district": "중구",
    "id": "node/9066179080"
  },
  "geometry": {
    "type": "Point",
    "coordinates": [
      126.9984673,
      37.5686111
    ]
  }
},
{
  "type": "Feature",
  "id": "node/9066179081",
  "properties": {
    "addr:city": "서울특별시",
    "addr:district": "중구",
    "id": "node/9066179081"
  },
  "geometry": {
    "type": "Point",
    "coordinates": [
      126.9984602,
      37.5686295
    ]
  }
},
{
  "type": "Feature",
  "id": "node/9066179082",
  "properties": {
    "addr:city": "서울특별시",
    "addr:district": "중구",
    "id": "node/9066179082"
  },
  "geometry": {
    "type": "Point",
    "coordinates": [
      126.9985241,
      37.5686451
    ]
  }
},
{
  "type": "Feature",
  "id": "node/9066179083",
  "properties": {
    "addr:city": "서울특별시",
    "addr:district": "중구",
    "id": "node/9066179083"
  },
  "geometry": {
    "type": "Point",
    "coordinates": [
      126.9985291,
      37.5686323
    ]
  }
},
{
  "type": "Feature",
  "id": "node/9066179084",
  "properties": {
    "addr:city": "서울특별시",
    "addr:district": "중구",
    "id": "node/9066179084"
  },
  "geometry": {
    "type": "Point",
    "coordinates": [
      126.9986345,
      37.5686581
    ]
  }
},
{
  "type": "Feature",
  "id": "node/9066218656",
  "properties": {
    "highway": "crossing",
    "id": "node/9066218656"
  },
  "geometry": {
    "type": "Point",
    "coordinates": [
      126.9951055,
      37.5686173
    ]
  }
},
{
  "type": "Feature",
  "id": "node/9077981406",
  "properties": {
    "entrance": "yes",
    "id": "node/9077981406"
  },
  "geometry": {
    "type": "Point",
    "coordinates": [
      126.9992975,
      37.5689308
    ]
  }
},
{
  "type": "Feature",
  "id": "node/9319406589",
  "properties": {
    "landuse": "residential",
    "name": "힐스테이트 세운 2단지",
    "residential": "apartments",
    "id": "node/9319406589"
  },
  "geometry": {
    "type": "Point",
    "coordinates": [
      126.9941736,
      37.5680399
    ]
  }
},
{
  "type": "Feature",
  "id": "node/9735670916",
  "properties": {
    "country": "IL",
    "diplomatic": "embassy",
    "embassy": "yes",
    "name": "이스라엘 대사관",
    "name:en": "Embassy of Israel",
    "name:fr": "Ambassade d'Israël",
    "name:he": "שגרירות ישראל",
    "name:ja": "イスラエル大使館",
    "name:ru": "Посольство Израиля",
    "office": "diplomatic",
    "phone": "02 3210 8500",
    "target": "KR",
    "website": "https://embassies.gov.il/seoul",
    "wikidata": "Q111976796",
    "id": "node/9735670916"
  },
  "geometry": {
    "type": "Point",
    "coordinates": [
      126.9786388,
      37.5694183
    ]
  }
},
{
  "type": "Feature",
  "id": "node/9766024572",
  "properties": {
    "highway": "elevator",
    "wheelchair": "yes",
    "id": "node/9766024572"
  },
  "geometry": {
    "type": "Point",
    "coordinates": [
      126.98727,
      37.5681711
    ]
  }
},
{
  "type": "Feature",
  "id": "node/9768620472",
  "properties": {
    "ford": "yes",
    "id": "node/9768620472"
  },
  "geometry": {
    "type": "Point",
    "coordinates": [
      126.9852214,
      37.5684594
    ]
  }
},
{
  "type": "Feature",
  "id": "node/9768620473",
  "properties": {
    "ford": "yes",
    "id": "node/9768620473"
  },
  "geometry": {
    "type": "Point",
    "coordinates": [
      126.9801836,
      37.5690719
    ]
  }
},
{
  "type": "Feature",
  "id": "node/9768620474",
  "properties": {
    "ford": "yes",
    "id": "node/9768620474"
  },
  "geometry": {
    "type": "Point",
    "coordinates": [
      126.9834423,
      37.568811
    ]
  }
},
{
  "type": "Feature",
  "id": "node/9768620475",
  "properties": {
    "ford": "yes",
    "id": "node/9768620475"
  },
  "geometry": {
    "type": "Point",
    "coordinates": [
      126.988469,
      37.5680902
    ]
  }
},
{
  "type": "Feature",
  "id": "node/9768620476",
  "properties": {
    "ford": "yes",
    "id": "node/9768620476"
  },
  "geometry": {
    "type": "Point",
    "coordinates": [
      126.9909605,
      37.5682116
    ]
  }
},
{
  "type": "Feature",
  "id": "node/9768620477",
  "properties": {
    "ford": "yes",
    "id": "node/9768620477"
  },
  "geometry": {
    "type": "Point",
    "coordinates": [
      127.003151,
      37.5695969
    ]
  }
},
{
  "type": "Feature",
  "id": "node/9768620478",
  "properties": {
    "ford": "yes",
    "id": "node/9768620478"
  },
  "geometry": {
    "type": "Point",
    "coordinates": [
      127.008417,
      37.5697478
    ]
  }
},
{
  "type": "Feature",
  "id": "node/9768620488",
  "properties": {
    "ford": "yes",
    "id": "node/9768620488"
  },
  "geometry": {
    "type": "Point",
    "coordinates": [
      126.9930783,
      37.5683708
    ]
  }
},
{
  "type": "Feature",
  "id": "node/9768620490",
  "properties": {
    "ford": "yes",
    "id": "node/9768620490"
  },
  "geometry": {
    "type": "Point",
    "coordinates": [
      127.0062675,
      37.5696422
    ]
  }
},
{
  "type": "Feature",
  "id": "node/10080353476",
  "properties": {
    "crossing": "marked",
    "crossing:markings": "yes",
    "highway": "crossing",
    "tactile_paving": "yes",
    "id": "node/10080353476"
  },
  "geometry": {
    "type": "Point",
    "coordinates": [
      127.0093642,
      37.5699486
    ]
  }
},
{
  "type": "Feature",
  "id": "node/10248136945",
  "properties": {
    "natural": "tree",
    "id": "node/10248136945"
  },
  "geometry": {
    "type": "Point",
    "coordinates": [
      126.9989317,
      37.5688825
    ]
  }
},
{
  "type": "Feature",
  "id": "node/10248136946",
  "properties": {
    "natural": "tree",
    "id": "node/10248136946"
  },
  "geometry": {
    "type": "Point",
    "coordinates": [
      126.9987894,
      37.5688552
    ]
  }
},
{
  "type": "Feature",
  "id": "node/10248136947",
  "properties": {
    "natural": "tree",
    "id": "node/10248136947"
  },
  "geometry": {
    "type": "Point",
    "coordinates": [
      126.9986644,
      37.5688302
    ]
  }
},
{
  "type": "Feature",
  "id": "node/10248136948",
  "properties": {
    "natural": "tree",
    "id": "node/10248136948"
  },
  "geometry": {
    "type": "Point",
    "coordinates": [
      126.9985171,
      37.5687963
    ]
  }
},
{
  "type": "Feature",
  "id": "node/10289896622",
  "properties": {
    "entrance": "yes",
    "ref": "1",
    "id": "node/10289896622"
  },
  "geometry": {
    "type": "Point",
    "coordinates": [
      127.0018051,
      37.5697851
    ]
  }
},
{
  "type": "Feature",
  "id": "node/10289896629",
  "properties": {
    "entrance": "yes",
    "ref": "2",
    "id": "node/10289896629"
  },
  "geometry": {
    "type": "Point",
    "coordinates": [
      127.0022865,
      37.5698381
    ]
  }
},
{
  "type": "Feature",
  "id": "node/10289896643",
  "properties": {
    "entrance": "yes",
    "ref": "남1문 South 1 Gate",
    "id": "node/10289896643"
  },
  "geometry": {
    "type": "Point",
    "coordinates": [
      127.0014328,
      37.5698134
    ]
  }
},
{
  "type": "Feature",
  "id": "node/10293313789",
  "properties": {
    "entrance": "yes",
    "ref": "중상2번",
    "id": "node/10293313789"
  },
  "geometry": {
    "type": "Point",
    "coordinates": [
      126.9992872,
      37.5693659
    ]
  }
},
{
  "type": "Feature",
  "id": "node/10293330548",
  "properties": {
    "entrance": "yes",
    "id": "node/10293330548"
  },
  "geometry": {
    "type": "Point",
    "coordinates": [
      126.9989536,
      37.5694623
    ]
  }
},
{
  "type": "Feature",
  "id": "node/10293330550",
  "properties": {
    "entrance": "yes",
    "ref": "의류부자재 전문상가",
    "id": "node/10293330550"
  },
  "geometry": {
    "type": "Point",
    "coordinates": [
      126.9988228,
      37.5692817
    ]
  }
},
{
  "type": "Feature",
  "id": "node/10293422732",
  "properties": {
    "amenity": "clock",
    "id": "node/10293422732"
  },
  "geometry": {
    "type": "Point",
    "coordinates": [
      127.0066016,
      37.5693605
    ]
  }
},
{
  "type": "Feature",
  "id": "node/10293422733",
  "properties": {
    "artwork_type": "statue",
    "name": "피노키오",
    "name:en": "Pinocchio",
    "name:ja": "ピノキオ",
    "name:ko": "피노키오",
    "tourism": "artwork",
    "id": "node/10293422733"
  },
  "geometry": {
    "type": "Point",
    "coordinates": [
      127.0065576,
      37.5693615
    ]
  }
},
{
  "type": "Feature",
  "id": "node/10293422734",
  "properties": {
    "artwork_type": "statue",
    "name": "피노키오",
    "name:en": "Pinocchio",
    "name:ja": "ピノキオ",
    "name:ko": "피노키오",
    "tourism": "artwork",
    "id": "node/10293422734"
  },
  "geometry": {
    "type": "Point",
    "coordinates": [
      127.0066402,
      37.5693608
    ]
  }
},
{
  "type": "Feature",
  "id": "node/10296354651",
  "properties": {
    "crossing:signals": "yes",
    "highway": "crossing",
    "tactile_paving": "yes",
    "id": "node/10296354651"
  },
  "geometry": {
    "type": "Point",
    "coordinates": [
      127.0018725,
      37.5694102
    ]
  }
},
{
  "type": "Feature",
  "id": "node/10296354655",
  "properties": {
    "crossing:signals": "yes",
    "highway": "crossing",
    "tactile_paving": "yes",
    "id": "node/10296354655"
  },
  "geometry": {
    "type": "Point",
    "coordinates": [
      127.0022707,
      37.5694553
    ]
  }
},
{
  "type": "Feature",
  "id": "node/10296354658",
  "properties": {
    "button_operated": "yes",
    "crossing:signals": "yes",
    "highway": "crossing",
    "tactile_paving": "yes",
    "traffic_signals:sound": "yes",
    "traffic_signals:vibration": "no",
    "id": "node/10296354658"
  },
  "geometry": {
    "type": "Point",
    "coordinates": [
      127.0022844,
      37.569787
    ]
  }
},
{
  "type": "Feature",
  "id": "node/10296582814",
  "properties": {
    "addr:city": "서울특별시",
    "addr:district": "중구",
    "id": "node/10296582814"
  },
  "geometry": {
    "type": "Point",
    "coordinates": [
      126.9981786,
      37.5687232
    ]
  }
},
{
  "type": "Feature",
  "id": "node/10300468654",
  "properties": {
    "addr:city": "서울특별시",
    "addr:district": "중구",
    "id": "node/10300468654"
  },
  "geometry": {
    "type": "Point",
    "coordinates": [
      126.9985888,
      37.568776
    ]
  }
},
{
  "type": "Feature",
  "id": "node/10300468655",
  "properties": {
    "addr:city": "서울특별시",
    "addr:district": "중구",
    "id": "node/10300468655"
  },
  "geometry": {
    "type": "Point",
    "coordinates": [
      126.9984998,
      37.5687544
    ]
  }
},
{
  "type": "Feature",
  "id": "node/10300468656",
  "properties": {
    "addr:city": "서울특별시",
    "addr:district": "중구",
    "id": "node/10300468656"
  },
  "geometry": {
    "type": "Point",
    "coordinates": [
      126.9985456,
      37.5686363
    ]
  }
},
{
  "type": "Feature",
  "id": "node/10300468657",
  "properties": {
    "addr:city": "서울특별시",
    "addr:district": "중구",
    "entrance": "yes",
    "wheelchair": "no",
    "id": "node/10300468657"
  },
  "geometry": {
    "type": "Point",
    "coordinates": [
      126.9985078,
      37.5687563
    ]
  }
},
{
  "type": "Feature",
  "id": "node/10300468676",
  "properties": {
    "addr:city": "서울특별시",
    "addr:district": "중구",
    "id": "node/10300468676"
  },
  "geometry": {
    "type": "Point",
    "coordinates": [
      126.9981879,
      37.5687041
    ]
  }
},
{
  "type": "Feature",
  "id": "node/10300468677",
  "properties": {
    "addr:city": "서울특별시",
    "addr:district": "중구",
    "id": "node/10300468677"
  },
  "geometry": {
    "type": "Point",
    "coordinates": [
      126.9981242,
      37.5686186
    ]
  }
},
{
  "type": "Feature",
  "id": "node/10300468678",
  "properties": {
    "addr:city": "서울특별시",
    "addr:district": "중구",
    "id": "node/10300468678"
  },
  "geometry": {
    "type": "Point",
    "coordinates": [
      126.9981409,
      37.568609
    ]
  }
},
{
  "type": "Feature",
  "id": "node/10300468679",
  "properties": {
    "addr:city": "서울특별시",
    "addr:district": "중구",
    "id": "node/10300468679"
  },
  "geometry": {
    "type": "Point",
    "coordinates": [
      126.9982053,
      37.5686978
    ]
  }
},
{
  "type": "Feature",
  "id": "node/10316966917",
  "properties": {
    "artwork_type": "statue",
    "name:en": "swimming whale statue",
    "name:ja": "泳ぐクジラ像",
    "name:ko": "헤엄치는 고래",
    "tourism": "artwork",
    "id": "node/10316966917"
  },
  "geometry": {
    "type": "Point",
    "coordinates": [
      126.9878833,
      37.5677231
    ]
  }
},
{
  "type": "Feature",
  "id": "node/10316978017",
  "properties": {
    "artwork_type": "statue",
    "name:en": "Wall of Berlin",
    "name:ja": "ベルリンの壁",
    "name:ko": "베를린 장벽",
    "tourism": "artwork",
    "id": "node/10316978017"
  },
  "geometry": {
    "type": "Point",
    "coordinates": [
      126.9872675,
      37.5678577
    ]
  }
},
{
  "type": "Feature",
  "id": "node/10316978018",
  "properties": {
    "artwork_type": "sculpture",
    "name:en": "German blue bear statue",
    "name:ko": "푸른 곰 조각상",
    "tourism": "artwork",
    "id": "node/10316978018"
  },
  "geometry": {
    "type": "Point",
    "coordinates": [
      126.9872718,
      37.5677242
    ]
  }
},
{
  "type": "Feature",
  "id": "node/10316978024",
  "properties": {
    "amenity": "bench",
    "backrest": "yes",
    "material": "wood",
    "id": "node/10316978024"
  },
  "geometry": {
    "type": "Point",
    "coordinates": [
      126.9872677,
      37.5677908
    ]
  }
},
{
  "type": "Feature",
  "id": "node/10574930972",
  "properties": {
    "entrance": "yes",
    "id": "node/10574930972"
  },
  "geometry": {
    "type": "Point",
    "coordinates": [
      127.0078374,
      37.5700226
    ]
  }
},
{
  "type": "Feature",
  "id": "node/10574930973",
  "properties": {
    "entrance": "yes",
    "id": "node/10574930973"
  },
  "geometry": {
    "type": "Point",
    "coordinates": [
      127.0077408,
      37.5700184
    ]
  }
},
{
  "type": "Feature",
  "id": "node/11012831526",
  "properties": {
    "name": "BLACK YAK",
    "shop": "outdoor",
    "id": "node/11012831526"
  },
  "geometry": {
    "type": "Point",
    "coordinates": [
      127.003836,
      37.5699176
    ]
  }
},
{
  "type": "Feature",
  "id": "node/11232928672",
  "properties": {
    "branch": "종로청계천본점",
    "brand": "세븐일레븐",
    "brand:en": "7-Eleven",
    "brand:ko": "세븐일레븐",
    "brand:wikidata": "Q259340",
    "int_name": "7-Eleven",
    "name": "세븐일레븐",
    "name:en": "7-Eleven",
    "name:ja": "セブン-イレブン",
    "name:ko": "세븐일레븐",
    "operator": "코리아세븐",
    "operator:en": "KOREA SEVEN",
    "payment:american_express": "yes",
    "payment:cash": "yes",
    "payment:coins": "yes",
    "payment:credit_cards": "yes",
    "payment:debit_cards": "yes",
    "payment:diners_club": "yes",
    "payment:discover_card": "yes",
    "payment:jcb": "yes",
    "payment:mastercard": "yes",
    "payment:notes": "yes",
    "payment:unionpay": "yes",
    "payment:visa": "yes",
    "shop": "convenience",
    "smoking": "no",
    "website": "http://www.7-eleven.co.kr/",
    "id": "node/11232928672"
  },
  "geometry": {
    "type": "Point",
    "coordinates": [
      126.9885974,
      37.5683799
    ]
  }
},
{
  "type": "Feature",
  "id": "node/11233010307",
  "properties": {
    "amenity": "restaurant",
    "cuisine": "Tripe_(Gopchang)",
    "name": "황소고집",
    "id": "node/11233010307"
  },
  "geometry": {
    "type": "Point",
    "coordinates": [
      126.986163,
      37.5685621
    ]
  }
},
{
  "type": "Feature",
  "id": "node/11233010319",
  "properties": {
    "air_conditioning": "yes",
    "amenity": "cafe",
    "brand": "Hollys",
    "brand:wikidata": "Q12624386",
    "cuisine": "coffee_shop",
    "indoor_seating": "yes",
    "name": "Hollys",
    "opening_hours": "Mo-Fr 08:00-23:00; Sa,Su 09:00-23:00",
    "outdoor_seating": "no",
    "payment:credit_cards": "yes",
    "payment:debit_cards": "yes",
    "smoking": "no",
    "takeaway": "yes",
    "wheelchair": "yes",
    "id": "node/11233010319"
  },
  "geometry": {
    "type": "Point",
    "coordinates": [
      126.9865767,
      37.5685674
    ]
  }
},
{
  "type": "Feature",
  "id": "node/11233049666",
  "properties": {
    "amenity": "restaurant",
    "cuisine": "Chicken_Soup_with_ginseng_(and_other_ingredients)",
    "name": "종로삼계탕",
    "name:en": "Jongno Samgyetang",
    "id": "node/11233049666"
  },
  "geometry": {
    "type": "Point",
    "coordinates": [
      126.9841105,
      37.5690995
    ]
  }
},
{
  "type": "Feature",
  "id": "node/11233049687",
  "properties": {
    "amenity": "restaurant",
    "cuisine": "Slightly_Sliced_Beef_&_Chopped_Noodles",
    "name": "등촌샤브칼국수",
    "name:en": "Deungchon Chave Kalguksu",
    "id": "node/11233049687"
  },
  "geometry": {
    "type": "Point",
    "coordinates": [
      126.983851,
      37.5691419
    ]
  }
},
{
  "type": "Feature",
  "id": "node/11233049741",
  "properties": {
    "name": "류영헤어투비",
    "shop": "hairdresser",
    "id": "node/11233049741"
  },
  "geometry": {
    "type": "Point",
    "coordinates": [
      126.9850377,
      37.5688885
    ]
  }
},
{
  "type": "Feature",
  "id": "node/11233114424",
  "properties": {
    "entrance": "yes",
    "ref": "1",
    "id": "node/11233114424"
  },
  "geometry": {
    "type": "Point",
    "coordinates": [
      126.9786427,
      37.5692437
    ]
  }
},
{
  "type": "Feature",
  "id": "node/11233114434",
  "properties": {
    "entrance": "yes",
    "ref": "4",
    "id": "node/11233114434"
  },
  "geometry": {
    "type": "Point",
    "coordinates": [
      126.9800485,
      37.5689685
    ]
  }
},
{
  "type": "Feature",
  "id": "node/11233115438",
  "properties": {
    "highway": "crossing",
    "id": "node/11233115438"
  },
  "geometry": {
    "type": "Point",
    "coordinates": [
      126.9792862,
      37.5690224
    ]
  }
},
{
  "type": "Feature",
  "id": "node/11233115446",
  "properties": {
    "highway": "crossing",
    "id": "node/11233115446"
  },
  "geometry": {
    "type": "Point",
    "coordinates": [
      126.9810187,
      37.5691802
    ]
  }
},
{
  "type": "Feature",
  "id": "node/11233115484",
  "properties": {
    "highway": "crossing",
    "id": "node/11233115484"
  },
  "geometry": {
    "type": "Point",
    "coordinates": [
      126.9792757,
      37.5688656
    ]
  }
},
{
  "type": "Feature",
  "id": "node/11233115485",
  "properties": {
    "highway": "crossing",
    "id": "node/11233115485"
  },
  "geometry": {
    "type": "Point",
    "coordinates": [
      126.9798126,
      37.5688956
    ]
  }
},
{
  "type": "Feature",
  "id": "node/11233115525",
  "properties": {
    "highway": "crossing",
    "id": "node/11233115525"
  },
  "geometry": {
    "type": "Point",
    "coordinates": [
      126.9825267,
      37.5687553
    ]
  }
},
{
  "type": "Feature",
  "id": "node/11233115532",
  "properties": {
    "highway": "crossing",
    "id": "node/11233115532"
  },
  "geometry": {
    "type": "Point",
    "coordinates": [
      126.9811017,
      37.5688031
    ]
  }
},
{
  "type": "Feature",
  "id": "node/11233115533",
  "properties": {
    "highway": "crossing",
    "id": "node/11233115533"
  },
  "geometry": {
    "type": "Point",
    "coordinates": [
      126.9820487,
      37.5687474
    ]
  }
},
{
  "type": "Feature",
  "id": "node/11233115540",
  "properties": {
    "crossing:signals": "yes",
    "highway": "crossing",
    "id": "node/11233115540"
  },
  "geometry": {
    "type": "Point",
    "coordinates": [
      126.9827046,
      37.5686034
    ]
  }
},
{
  "type": "Feature",
  "id": "node/11233115541",
  "properties": {
    "highway": "crossing",
    "id": "node/11233115541"
  },
  "geometry": {
    "type": "Point",
    "coordinates": [
      126.9829825,
      37.568697
    ]
  }
},
{
  "type": "Feature",
  "id": "node/11288845016",
  "properties": {
    "addr:city": "서울특별시",
    "addr:district": "종로구",
    "addr:housenumber": "37",
    "addr:postcode": "03191",
    "addr:street": "종로16길",
    "addr:subdistrict": "관수동",
    "amenity": "restaurant",
    "check_date": "2023-10-23",
    "level": "0",
    "name": "대련집",
    "phone": "02-2265-5349",
    "id": "node/11288845016"
  },
  "geometry": {
    "type": "Point",
    "coordinates": [
      126.9889355,
      37.5684022
    ]
  }
},
{
  "type": "Feature",
  "id": "node/11822673694",
  "properties": {
    "name:en": "Overpass packing",
    "name:ko": "육교 박킹",
    "shop": "radiotechnics",
    "id": "node/11822673694"
  },
  "geometry": {
    "type": "Point",
    "coordinates": [
      126.9954577,
      37.5688661
    ]
  }
},
{
  "type": "Feature",
  "id": "node/11863221136",
  "properties": {
    "amenity": "toilets",
    "id": "node/11863221136"
  },
  "geometry": {
    "type": "Point",
    "coordinates": [
      126.993299,
      37.568795
    ]
  }
},
{
  "type": "Feature",
  "id": "node/11881600804",
  "properties": {
    "books": "philosophy",
    "contact:instagram": "soyoseoga",
    "facebook": "soyoseoga",
    "level": "3",
    "name": "소요서가",
    "name:en": "SOYOSEOGA",
    "shop": "books",
    "id": "node/11881600804"
  },
  "geometry": {
    "type": "Point",
    "coordinates": [
      126.9955093,
      37.5681402
    ]
  }
},
{
  "type": "Feature",
  "id": "node/11913456660",
  "properties": {
    "board_type": "notice",
    "information": "board",
    "tourism": "information",
    "id": "node/11913456660"
  },
  "geometry": {
    "type": "Point",
    "coordinates": [
      126.9870414,
      37.5683523
    ]
  }
},
{
  "type": "Feature",
  "id": "node/11930127393",
  "properties": {
    "amenity": "waste_basket",
    "waste": "trash",
    "id": "node/11930127393"
  },
  "geometry": {
    "type": "Point",
    "coordinates": [
      126.9931028,
      37.5684876
    ]
  }
},
{
  "type": "Feature",
  "id": "node/12053395224",
  "properties": {
    "highway": "elevator",
    "id": "node/12053395224"
  },
  "geometry": {
    "type": "Point",
    "coordinates": [
      127.00939,
      37.5695389
    ]
  }
},
{
  "type": "Feature",
  "id": "node/12053395225",
  "properties": {
    "highway": "elevator",
    "id": "node/12053395225"
  },
  "geometry": {
    "type": "Point",
    "coordinates": [
      127.0025845,
      37.5694067
    ]
  }
},
{
  "type": "Feature",
  "id": "node/12062275887",
  "properties": {
    "addr:city": "서울특별시",
    "addr:district": "종로구",
    "addr:housenumber": "99",
    "addr:postcode": "03191",
    "addr:street": "청계천로",
    "addr:subdistrict": "관철동",
    "amenity": "restaurant",
    "cuisine": "asian",
    "name": "포탈라",
    "id": "node/12062275887"
  },
  "geometry": {
    "type": "Point",
    "coordinates": [
      126.9886557,
      37.568414
    ]
  }
},
{
  "type": "Feature",
  "id": "node/12069155215",
  "properties": {
    "brand": "세븐일레븐",
    "brand:en": "7-Eleven",
    "brand:ko": "세븐일레븐",
    "brand:wikidata": "Q259340",
    "name": "세븐일레븐",
    "name:en": "7-Eleven",
    "name:ko": "세븐일레븐",
    "shop": "convenience",
    "id": "node/12069155215"
  },
  "geometry": {
    "type": "Point",
    "coordinates": [
      126.9783082,
      37.5688293
    ]
  }
},
{
  "type": "Feature",
  "id": "node/12069155222",
  "properties": {
    "country": "HN",
    "diplomatic": "embassy",
    "embassy": "yes",
    "name": "주한온두라스대사관",
    "name:ja": "在韓ホンジュラス大使館",
    "office": "diplomatic",
    "target": "KR",
    "id": "node/12069155222"
  },
  "geometry": {
    "type": "Point",
    "coordinates": [
      126.9788071,
      37.5695691
    ]
  }
},
{
  "type": "Feature",
  "id": "node/12069181097",
  "properties": {
    "amenity": "cafe",
    "cuisine": "coffee_shop",
    "name": "드림라이크커피",
    "id": "node/12069181097"
  },
  "geometry": {
    "type": "Point",
    "coordinates": [
      126.979112,
      37.5695384
    ]
  }
},
{
  "type": "Feature",
  "id": "node/12069181098",
  "properties": {
    "brand": "CU",
    "brand:wikidata": "Q12580836",
    "name": "CU",
    "shop": "convenience",
    "id": "node/12069181098"
  },
  "geometry": {
    "type": "Point",
    "coordinates": [
      126.9790422,
      37.5693726
    ]
  }
},
{
  "type": "Feature",
  "id": "node/12069181103",
  "properties": {
    "air_conditioning": "yes",
    "amenity": "cafe",
    "bar": "no",
    "brand": "투썸플레이스",
    "brand:en": "A Twosome Place",
    "brand:ko": "투썸플레이스",
    "brand:wikidata": "Q12621301",
    "check_date": "2026-04-02",
    "cuisine": "coffee_shop",
    "drive_through": "no",
    "name": "투썸플레이스",
    "name:en": "A Twosome Place",
    "name:ko": "투썸플레이스",
    "outdoor_seating": "no",
    "takeaway": "yes",
    "toilets": "yes",
    "id": "node/12069181103"
  },
  "geometry": {
    "type": "Point",
    "coordinates": [
      126.9794526,
      37.5694108
    ]
  }
},
{
  "type": "Feature",
  "id": "node/12069181104",
  "properties": {
    "leisure": "park",
    "name": "청계천이보이는쉼터",
    "name:ko": "청계천이 보이는 쉼터",
    "id": "node/12069181104"
  },
  "geometry": {
    "type": "Point",
    "coordinates": [
      126.9803243,
      37.5694045
    ]
  }
},
{
  "type": "Feature",
  "id": "node/12069229722",
  "properties": {
    "amenity": "restaurant",
    "name": "영덕회식당",
    "id": "node/12069229722"
  },
  "geometry": {
    "type": "Point",
    "coordinates": [
      126.9793703,
      37.5687748
    ]
  }
},
{
  "type": "Feature",
  "id": "node/12069229723",
  "properties": {
    "amenity": "restaurant",
    "name": "고바우",
    "id": "node/12069229723"
  },
  "geometry": {
    "type": "Point",
    "coordinates": [
      126.9795688,
      37.5687621
    ]
  }
},
{
  "type": "Feature",
  "id": "node/12069239694",
  "properties": {
    "amenity": "restaurant",
    "name": "헌터스위크",
    "id": "node/12069239694"
  },
  "geometry": {
    "type": "Point",
    "coordinates": [
      126.9819265,
      37.5685324
    ]
  }
},
{
  "type": "Feature",
  "id": "node/12069304627",
  "properties": {
    "brand": "이마트24",
    "brand:en": "emart24",
    "brand:ko": "이마트24",
    "brand:wikidata": "Q16219674",
    "name": "이마트24",
    "name:en": "emart24",
    "name:ko": "이마트24",
    "shop": "convenience",
    "id": "node/12069304627"
  },
  "geometry": {
    "type": "Point",
    "coordinates": [
      126.9814398,
      37.5692601
    ]
  }
},
{
  "type": "Feature",
  "id": "node/12069304628",
  "properties": {
    "amenity": "restaurant",
    "name": "안동국시",
    "name:ko": "안동국시 호면정",
    "id": "node/12069304628"
  },
  "geometry": {
    "type": "Point",
    "coordinates": [
      126.9813744,
      37.5693859
    ]
  }
},
{
  "type": "Feature",
  "id": "node/12069304632",
  "properties": {
    "amenity": "restaurant",
    "name": "평가옥",
    "id": "node/12069304632"
  },
  "geometry": {
    "type": "Point",
    "coordinates": [
      126.9830626,
      37.5691731
    ]
  }
},
{
  "type": "Feature",
  "id": "node/12069304633",
  "properties": {
    "amenity": "restaurant",
    "name": "토속정",
    "id": "node/12069304633"
  },
  "geometry": {
    "type": "Point",
    "coordinates": [
      126.9832144,
      37.569186
    ]
  }
},
{
  "type": "Feature",
  "id": "node/12069304634",
  "properties": {
    "amenity": "cafe",
    "cuisine": "coffee_shop",
    "name": "프롬하츠커피",
    "id": "node/12069304634"
  },
  "geometry": {
    "type": "Point",
    "coordinates": [
      126.9836067,
      37.5690195
    ]
  }
},
{
  "type": "Feature",
  "id": "node/12069304635",
  "properties": {
    "amenity": "restaurant",
    "name": "명가양꼬치",
    "id": "node/12069304635"
  },
  "geometry": {
    "type": "Point",
    "coordinates": [
      126.9838518,
      37.5690028
    ]
  }
},
{
  "type": "Feature",
  "id": "node/12069304636",
  "properties": {
    "amenity": "restaurant",
    "name": "오봉집",
    "id": "node/12069304636"
  },
  "geometry": {
    "type": "Point",
    "coordinates": [
      126.9838472,
      37.5691897
    ]
  }
},
{
  "type": "Feature",
  "id": "node/12069365471",
  "properties": {
    "amenity": "restaurant",
    "name": "영지인",
    "id": "node/12069365471"
  },
  "geometry": {
    "type": "Point",
    "coordinates": [
      126.9840503,
      37.5689528
    ]
  }
},
{
  "type": "Feature",
  "id": "node/12069365476",
  "properties": {
    "amenity": "restaurant",
    "name": "아지트",
    "id": "node/12069365476"
  },
  "geometry": {
    "type": "Point",
    "coordinates": [
      126.9843492,
      37.5690546
    ]
  }
},
{
  "type": "Feature",
  "id": "node/12069365477",
  "properties": {
    "amenity": "restaurant",
    "name": "샐러디",
    "id": "node/12069365477"
  },
  "geometry": {
    "type": "Point",
    "coordinates": [
      126.9843492,
      37.5690139
    ]
  }
},
{
  "type": "Feature",
  "id": "node/12069365478",
  "properties": {
    "brand": "세븐일레븐",
    "brand:en": "7-Eleven",
    "brand:ko": "세븐일레븐",
    "brand:wikidata": "Q259340",
    "name": "세븐일레븐",
    "name:en": "7-Eleven",
    "name:ko": "세븐일레븐",
    "shop": "convenience",
    "id": "node/12069365478"
  },
  "geometry": {
    "type": "Point",
    "coordinates": [
      126.9843492,
      37.5689713
    ]
  }
},
{
  "type": "Feature",
  "id": "node/12069377343",
  "properties": {
    "amenity": "restaurant",
    "name": "더피자필",
    "id": "node/12069377343"
  },
  "geometry": {
    "type": "Point",
    "coordinates": [
      126.9844986,
      37.5689751
    ]
  }
},
{
  "type": "Feature",
  "id": "node/12069377344",
  "properties": {
    "amenity": "restaurant",
    "name": "공평동꼼장어",
    "id": "node/12069377344"
  },
  "geometry": {
    "type": "Point",
    "coordinates": [
      126.9845126,
      37.5688955
    ]
  }
},
{
  "type": "Feature",
  "id": "node/12069377345",
  "properties": {
    "amenity": "restaurant",
    "name": "해물점1978",
    "id": "node/12069377345"
  },
  "geometry": {
    "type": "Point",
    "coordinates": [
      126.9846107,
      37.5688344
    ]
  }
},
{
  "type": "Feature",
  "id": "node/12069377346",
  "properties": {
    "name": "엠지 호텔 종각",
    "tourism": "hotel",
    "id": "node/12069377346"
  },
  "geometry": {
    "type": "Point",
    "coordinates": [
      126.9847438,
      37.5689454
    ]
  }
},
{
  "type": "Feature",
  "id": "node/12069377347",
  "properties": {
    "amenity": "restaurant",
    "name": "유명갈비",
    "id": "node/12069377347"
  },
  "geometry": {
    "type": "Point",
    "coordinates": [
      126.9846971,
      37.5689158
    ]
  }
},
{
  "type": "Feature",
  "id": "node/12069419821",
  "properties": {
    "amenity": "restaurant",
    "name": "녹지",
    "id": "node/12069419821"
  },
  "geometry": {
    "type": "Point",
    "coordinates": [
      126.984745,
      37.5688288
    ]
  }
},
{
  "type": "Feature",
  "id": "node/12069419822",
  "properties": {
    "amenity": "restaurant",
    "name": "플레이크",
    "id": "node/12069419822"
  },
  "geometry": {
    "type": "Point",
    "coordinates": [
      126.9849294,
      37.5688353
    ]
  }
},
{
  "type": "Feature",
  "id": "node/12069419823",
  "properties": {
    "amenity": "restaurant",
    "brand": "김밥천국",
    "brand:ko": "김밥천국",
    "brand:wikidata": "Q12587435",
    "cuisine": "gimbap",
    "name": "김밥천국",
    "name:ko": "김밥천국",
    "id": "node/12069419823"
  },
  "geometry": {
    "type": "Point",
    "coordinates": [
      126.9850392,
      37.5688316
    ]
  }
},
{
  "type": "Feature",
  "id": "node/12069419824",
  "properties": {
    "amenity": "restaurant",
    "name": "본도시락",
    "id": "node/12069419824"
  },
  "geometry": {
    "type": "Point",
    "coordinates": [
      126.9851338,
      37.5688298
    ]
  }
},
{
  "type": "Feature",
  "id": "node/12069419826",
  "properties": {
    "amenity": "restaurant",
    "name": "청계천 휴",
    "id": "node/12069419826"
  },
  "geometry": {
    "type": "Point",
    "coordinates": [
      126.9855821,
      37.5687243
    ]
  }
},
{
  "type": "Feature",
  "id": "node/12070979767",
  "properties": {
    "brand": "세븐일레븐",
    "brand:en": "7-Eleven",
    "brand:ko": "세븐일레븐",
    "brand:wikidata": "Q259340",
    "name": "세븐일레븐",
    "name:en": "7-Eleven",
    "name:ko": "세븐일레븐",
    "shop": "convenience",
    "id": "node/12070979767"
  },
  "geometry": {
    "type": "Point",
    "coordinates": [
      126.9867322,
      37.5685598
    ]
  }
},
{
  "type": "Feature",
  "id": "node/12070979768",
  "properties": {
    "amenity": "cafe",
    "brand": "The Coffee Bean & Tea Leaf",
    "brand:wikidata": "Q1141384",
    "cuisine": "coffee_shop",
    "name": "The Coffee Bean & Tea Leaf",
    "takeaway": "yes",
    "id": "node/12070979768"
  },
  "geometry": {
    "type": "Point",
    "coordinates": [
      126.9867348,
      37.5684705
    ]
  }
},
{
  "type": "Feature",
  "id": "node/12070982771",
  "properties": {
    "amenity": "restaurant",
    "name": "이강순실비집",
    "id": "node/12070982771"
  },
  "geometry": {
    "type": "Point",
    "coordinates": [
      126.9860536,
      37.5686045
    ]
  }
},
{
  "type": "Feature",
  "id": "node/12070982772",
  "properties": {
    "amenity": "restaurant",
    "cuisine": "chinese",
    "name": "불이아",
    "id": "node/12070982772"
  },
  "geometry": {
    "type": "Point",
    "coordinates": [
      126.9858497,
      37.5686661
    ]
  }
},
{
  "type": "Feature",
  "id": "node/12070982773",
  "properties": {
    "brand": "CU",
    "brand:wikidata": "Q12580836",
    "name": "CU",
    "shop": "convenience",
    "id": "node/12070982773"
  },
  "geometry": {
    "type": "Point",
    "coordinates": [
      126.9858444,
      37.5687533
    ]
  }
},
{
  "type": "Feature",
  "id": "node/12070982775",
  "properties": {
    "amenity": "restaurant",
    "name": "나무그늘",
    "id": "node/12070982775"
  },
  "geometry": {
    "type": "Point",
    "coordinates": [
      126.9859838,
      37.5687427
    ]
  }
},
{
  "type": "Feature",
  "id": "node/12070982777",
  "properties": {
    "amenity": "restaurant",
    "name": "고량주관",
    "id": "node/12070982777"
  },
  "geometry": {
    "type": "Point",
    "coordinates": [
      126.986303,
      37.5686172
    ]
  }
},
{
  "type": "Feature",
  "id": "node/12070982778",
  "properties": {
    "amenity": "restaurant",
    "name": "강원횟집",
    "id": "node/12070982778"
  },
  "geometry": {
    "type": "Point",
    "coordinates": [
      126.9863057,
      37.5685534
    ]
  }
},
{
  "type": "Feature",
  "id": "node/12070982779",
  "properties": {
    "amenity": "restaurant",
    "name": "우육면관",
    "id": "node/12070982779"
  },
  "geometry": {
    "type": "Point",
    "coordinates": [
      126.9863057,
      37.5684897
    ]
  }
},
{
  "type": "Feature",
  "id": "node/12071172814",
  "properties": {
    "amenity": "restaurant",
    "name": "종로참치",
    "id": "node/12071172814"
  },
  "geometry": {
    "type": "Point",
    "coordinates": [
      126.9884983,
      37.5684605
    ]
  }
},
{
  "type": "Feature",
  "id": "node/12071172815",
  "properties": {
    "amenity": "restaurant",
    "name": "곤지암할매소머리국밥",
    "id": "node/12071172815"
  },
  "geometry": {
    "type": "Point",
    "coordinates": [
      126.988432,
      37.568422
    ]
  }
},
{
  "type": "Feature",
  "id": "node/12071172816",
  "properties": {
    "amenity": "restaurant",
    "name": "1988옛날통닭",
    "id": "node/12071172816"
  },
  "geometry": {
    "type": "Point",
    "coordinates": [
      126.9883573,
      37.5683903
    ]
  }
},
{
  "type": "Feature",
  "id": "node/12073371519",
  "properties": {
    "addr:city": "서울특별시",
    "addr:district": "종로구",
    "amenity": "restaurant",
    "name": "대련집",
    "id": "node/12073371519"
  },
  "geometry": {
    "type": "Point",
    "coordinates": [
      126.9893086,
      37.5685213
    ]
  }
},
{
  "type": "Feature",
  "id": "node/12074610766",
  "properties": {
    "addr:city": "서울특별시",
    "addr:district": "중구",
    "addr:housenumber": "51-10",
    "addr:postcode": "04546",
    "addr:street": "을지로35길",
    "addr:subdistrict": "주교동",
    "amenity": "restaurant",
    "name": "의정부식당",
    "id": "node/12074610766"
  },
  "geometry": {
    "type": "Point",
    "coordinates": [
      127.0007921,
      37.5690125
    ]
  }
},
{
  "type": "Feature",
  "id": "node/12082096403",
  "properties": {
    "addr:city": "서울특별시",
    "addr:district": "중구",
    "addr:floor": "3",
    "addr:housenumber": "172-1",
    "addr:postcode": "04545",
    "addr:street": "청계천로",
    "addr:subdistrict": "주교동",
    "amenity": "restaurant",
    "name": "루이스의 사물들",
    "id": "node/12082096403"
  },
  "geometry": {
    "type": "Point",
    "coordinates": [
      126.996801,
      37.5684201
    ]
  }
},
{
  "type": "Feature",
  "id": "node/12192245778",
  "properties": {
    "addr:city": "서울특별시",
    "addr:district": "종로구",
    "addr:floor": "1",
    "addr:housenumber": "201-1",
    "addr:postcode": "03195",
    "addr:street": "청계천로",
    "addr:subdistrict": "예지동",
    "amenity": "restaurant",
    "name": "새벽다리 콩나물밥집",
    "id": "node/12192245778"
  },
  "geometry": {
    "type": "Point",
    "coordinates": [
      127.0000533,
      37.569561
    ]
  }
},
{
  "type": "Feature",
  "id": "node/12192248138",
  "properties": {
    "addr:city": "서울특별시",
    "addr:district": "종로구",
    "addr:housenumber": "187",
    "addr:postcode": "03195",
    "addr:street": "청계천로",
    "addr:subdistrict": "예지동",
    "amenity": "restaurant",
    "name": "바다극장매점",
    "id": "node/12192248138"
  },
  "geometry": {
    "type": "Point",
    "coordinates": [
      126.9984885,
      37.5693164
    ]
  }
},
{
  "type": "Feature",
  "id": "node/12192700295",
  "properties": {
    "name:en": "Asea packing",
    "name:ko": "아세아 박킹",
    "shop": "radiotechnics",
    "id": "node/12192700295"
  },
  "geometry": {
    "type": "Point",
    "coordinates": [
      126.9954528,
      37.5689176
    ]
  }
},
{
  "type": "Feature",
  "id": "node/12372982550",
  "properties": {
    "access": "customers",
    "amenity": "bicycle_rental",
    "authentication:app": "true",
    "bicycle_rental": "docking_station",
    "brand": "서울자전거 따릉이",
    "brand:en": "Seoul Bike",
    "brand:ko": "서울자전거 따릉이",
    "brand:website": "https://www.bikeseoul.com/",
    "brand:wikidata": "Q28127084",
    "capacity": "16",
    "fee": "yes",
    "name": "청계2가 사거리 옆",
    "name:ko": "청계2가 사거리 옆",
    "network": "서울자전거 따릉이",
    "network:en": "Seoul Bike",
    "network:ko": "서울자전거 따릉이",
    "operator": "서울시설공단",
    "operator:en": "Seoul Facilities Corporation",
    "operator:ko": "서울시설공단",
    "operator:type": "public",
    "payment:app": "yes",
    "ref": "329",
    "id": "node/12372982550"
  },
  "geometry": {
    "type": "Point",
    "coordinates": [
      126.9878845,
      37.5684853
    ]
  }
},
{
  "type": "Feature",
  "id": "node/12372982912",
  "properties": {
    "access": "customers",
    "amenity": "bicycle_rental",
    "authentication:app": "yes",
    "bicycle_rental": "docking_station",
    "brand": "서울자전거 따릉이",
    "brand:en": "Seoul Bike",
    "brand:ko": "서울자전거 따릉이",
    "brand:website": "https://www.bikeseoul.com/",
    "brand:wikidata": "Q28127084",
    "capacity": "12",
    "fee": "yes",
    "name": "동대문역 8번 출구",
    "name:ko": "동대문역 8번 출구",
    "network": "서울자전거 따릉이",
    "network:en": "Seoul Bike",
    "network:ko": "서울자전거 따릉이",
    "operator": "서울시설공단",
    "operator:en": "Seoul Facilities Corporation",
    "operator:ko": "서울시설공단",
    "operator:type": "public",
    "payment:app": "yes",
    "ref": "393",
    "id": "node/12372982912"
  },
  "geometry": {
    "type": "Point",
    "coordinates": [
      127.0093765,
      37.5701408
    ]
  }
},
{
  "type": "Feature",
  "id": "node/12372984135",
  "properties": {
    "access": "customers",
    "amenity": "bicycle_rental",
    "authentication:app": "yes",
    "bicycle_rental": "docking_station",
    "brand": "서울자전거 따릉이",
    "brand:en": "Seoul Bike",
    "brand:ko": "서울자전거 따릉이",
    "brand:website": "https://www.bikeseoul.com/",
    "brand:wikidata": "Q28127084",
    "capacity": "5",
    "fee": "yes",
    "name": "청계3가 사거리",
    "name:ko": "청계3가 사거리",
    "network": "서울자전거 따릉이",
    "network:en": "Seoul Bike",
    "network:ko": "서울자전거 따릉이",
    "operator": "서울시설공단",
    "operator:en": "Seoul Facilities Corporation",
    "operator:ko": "서울시설공단",
    "operator:type": "public",
    "payment:app": "yes",
    "ref": "4707",
    "id": "node/12372984135"
  },
  "geometry": {
    "type": "Point",
    "coordinates": [
      126.9921188,
      37.5685577
    ]
  }
},
{
  "type": "Feature",
  "id": "node/12372984527",
  "properties": {
    "access": "customers",
    "amenity": "bicycle_rental",
    "authentication:app": "true",
    "bicycle_rental": "docking_station",
    "brand": "서울자전거 따릉이",
    "brand:en": "Seoul Bike",
    "brand:ko": "서울자전거 따릉이",
    "brand:website": "https://www.bikeseoul.com/",
    "brand:wikidata": "Q28127084",
    "capacity": "12",
    "fee": "yes",
    "name": "삼일교(시그니쳐 타워)",
    "name:ko": "삼일교(시그니쳐 타워)",
    "network": "서울자전거 따릉이",
    "network:en": "Seoul Bike",
    "network:ko": "서울자전거 따릉이",
    "operator": "서울시설공단",
    "operator:en": "Seoul Facilities Corporation",
    "operator:ko": "서울시설공단",
    "operator:type": "public",
    "payment:app": "yes",
    "ref": "472",
    "id": "node/12372984527"
  },
  "geometry": {
    "type": "Point",
    "coordinates": [
      126.9884033,
      37.5678711
    ]
  }
},
{
  "type": "Feature",
  "id": "node/12440365568",
  "properties": {
    "amenity": "restaurant",
    "cuisine": "sushi;seafood",
    "name": "일식삼원",
    "id": "node/12440365568"
  },
  "geometry": {
    "type": "Point",
    "coordinates": [
      126.9796348,
      37.5687776
    ]
  }
},
{
  "type": "Feature",
  "id": "node/12595684820",
  "properties": {
    "addr:city": "서울특별시",
    "addr:district": "중구",
    "addr:housenumber": "172-1",
    "addr:postcode": "04545",
    "addr:street": "청계천로",
    "addr:subdistrict": "주교동",
    "name": "Gallery The Soso",
    "name:en": "Gallery The Soso",
    "name:ko": "갤러리 더 소소",
    "tourism": "gallery",
    "id": "node/12595684820"
  },
  "geometry": {
    "type": "Point",
    "coordinates": [
      126.9968256,
      37.5683379
    ]
  }
},
{
  "type": "Feature",
  "id": "node/12756733815",
  "properties": {
    "amenity": "cafe",
    "check_date": "2025-04-15",
    "cuisine": "coffee_shop;cake;dessert",
    "name": "Milkflo Cafe",
    "name:ko": "미크플로 총로점",
    "payment:cash": "yes",
    "payment:credit_cards": "yes",
    "payment:debit_cards": "yes",
    "toilets": "yes",
    "toilets:menstrual_products": "no",
    "id": "node/12756733815"
  },
  "geometry": {
    "type": "Point",
    "coordinates": [
      127.001802,
      37.569806
    ]
  }
},
{
  "type": "Feature",
  "id": "node/12764581736",
  "properties": {
    "direction": "85",
    "tourism": "viewpoint",
    "id": "node/12764581736"
  },
  "geometry": {
    "type": "Point",
    "coordinates": [
      126.9955441,
      37.5685699
    ]
  }
},
{
  "type": "Feature",
  "id": "node/12764581737",
  "properties": {
    "direction": "260",
    "tourism": "viewpoint",
    "id": "node/12764581737"
  },
  "geometry": {
    "type": "Point",
    "coordinates": [
      126.9950919,
      37.5685331
    ]
  }
},
{
  "type": "Feature",
  "id": "node/12896940701",
  "properties": {
    "amenity": "atm",
    "opening_hours": "24/7",
    "operator": "Hyosung",
    "id": "node/12896940701"
  },
  "geometry": {
    "type": "Point",
    "coordinates": [
      126.9843579,
      37.568929
    ]
  }
},
{
  "type": "Feature",
  "id": "node/12998604501",
  "properties": {
    "addr:city": "서울특별시",
    "addr:district": "종로구",
    "addr:housenumber": "201",
    "addr:postcode": "03195",
    "addr:street": "청계천로",
    "addr:subdistrict": "예지동",
    "name": "아베베 베이커리 서울",
    "name:en": "Abebe Bakery - Seoul",
    "name:ko": "아베베 베이커리 서울",
    "shop": "pastry",
    "id": "node/12998604501"
  },
  "geometry": {
    "type": "Point",
    "coordinates": [
      126.9999714,
      37.5695467
    ]
  }
},
{
  "type": "Feature",
  "id": "node/13132533958",
  "properties": {
    "bus": "yes",
    "highway": "bus_stop",
    "name": "청계2가교차로",
    "public_transport": "platform",
    "id": "node/13132533958"
  },
  "geometry": {
    "type": "Point",
    "coordinates": [
      126.9878126,
      37.5684922
    ]
  }
},
{
  "type": "Feature",
  "id": "node/13133112759",
  "properties": {
    "bus": "yes",
    "highway": "bus_stop",
    "name": "청계2가.삼일교",
    "public_transport": "platform",
    "id": "node/13133112759"
  },
  "geometry": {
    "type": "Point",
    "coordinates": [
      126.9871528,
      37.5683797
    ]
  }
},
{
  "type": "Feature",
  "id": "node/13335630090",
  "properties": {
    "historic": "archaeological_site",
    "name:en": "Haranggyo Bridge site",
    "name:ko": "하랑교 터",
    "id": "node/13335630090"
  },
  "geometry": {
    "type": "Point",
    "coordinates": [
      126.9937342,
      37.5685611
    ]
  }
},
{
  "type": "Feature",
  "id": "node/13335630091",
  "properties": {
    "historic": "archaeological_site",
    "name:en": "Hyogyeonggyo brudge Site",
    "name:ko": "효경교 터",
    "id": "node/13335630091"
  },
  "geometry": {
    "type": "Point",
    "coordinates": [
      126.9962899,
      37.5686962
    ]
  }
},
{
  "type": "Feature",
  "id": "node/13732389928",
  "properties": {
    "crossing:signals": "yes",
    "highway": "crossing",
    "id": "node/13732389928"
  },
  "geometry": {
    "type": "Point",
    "coordinates": [
      126.9828025,
      37.5686048
    ]
  }
},
{
  "type": "Feature",
  "id": "node/13833498701",
  "properties": {
    "historic": "monument",
    "name": "광통교",
    "name:en": "Gwangtonggyo Bridge",
    "id": "node/13833498701"
  },
  "geometry": {
    "type": "Point",
    "coordinates": [
      126.9829195,
      37.5685023
    ]
  }
},
{
  "type": "Feature",
  "id": "node/13833611001",
  "properties": {
    "tourism": "artwork",
    "id": "node/13833611001"
  },
  "geometry": {
    "type": "Point",
    "coordinates": [
      126.9823583,
      37.5686056
    ]
  }
},
{
  "type": "Feature",
  "id": "node/13851759862",
  "properties": {
    "addr:city": "중구",
    "addr:housenumber": "400",
    "addr:province": "서울특별시",
    "addr:street": "청계천로",
    "addr:suburb": "황학동, 롯데캐슬베네치아",
    "addr:unit": "메가몰동 지하1층 B1067호",
    "amenity": "restaurant",
    "name": "제주흑돈",
    "id": "node/13851759862"
  },
  "geometry": {
    "type": "Point",
    "coordinates": [
      126.9782323,
      37.5688181
    ]
  }
},
{
  "type": "Feature",
  "id": "node/13851759891",
  "properties": {
    "addr:city": "중구",
    "addr:housenumber": "260-9",
    "addr:province": "서울특별시",
    "addr:street": "청계천로",
    "addr:unit": "(을지로6가)",
    "amenity": "restaurant",
    "name": "한식이야기",
    "id": "node/13851759891"
  },
  "geometry": {
    "type": "Point",
    "coordinates": [
      126.9816235,
      37.5685567
    ]
  }
},
{
  "type": "Feature",
  "id": "node/13851759896",
  "properties": {
    "addr:city": "중구",
    "addr:housenumber": "24",
    "addr:province": "서울특별시",
    "addr:street": "청계천로",
    "addr:suburb": "다동",
    "addr:unit": "지하1층",
    "amenity": "restaurant",
    "name": "한성식당",
    "id": "node/13851759896"
  },
  "geometry": {
    "type": "Point",
    "coordinates": [
      127.0080852,
      37.5694646
    ]
  }
},
{
  "type": "Feature",
  "id": "node/13851759907",
  "properties": {
    "addr:city": "중구",
    "addr:housenumber": "188",
    "addr:province": "서울특별시",
    "addr:street": "청계천로",
    "addr:suburb": "주교동",
    "addr:unit": "1층",
    "amenity": "restaurant",
    "name": "주교네순대",
    "id": "node/13851759907"
  },
  "geometry": {
    "type": "Point",
    "coordinates": [
      127.0005864,
      37.5690634
    ]
  }
},
{
  "type": "Feature",
  "id": "node/13851759908",
  "properties": {
    "addr:city": "중구",
    "addr:housenumber": "184",
    "addr:province": "서울특별시",
    "addr:street": "청계천로",
    "addr:suburb": "주교동",
    "addr:unit": "남강빌딩 2층",
    "amenity": "restaurant",
    "name": "버거바이트",
    "id": "node/13851759908"
  },
  "geometry": {
    "type": "Point",
    "coordinates": [
      127.0005864,
      37.5690634
    ]
  }
},
{
  "type": "Feature",
  "id": "node/13851759909",
  "properties": {
    "addr:city": "중구",
    "addr:housenumber": "180-2",
    "addr:province": "서울특별시",
    "addr:street": "청계천로",
    "addr:suburb": "주교동, 2층",
    "amenity": "restaurant",
    "name": "우리식당",
    "id": "node/13851759909"
  },
  "geometry": {
    "type": "Point",
    "coordinates": [
      127.0003439,
      37.5690348
    ]
  }
},
{
  "type": "Feature",
  "id": "node/13851759911",
  "properties": {
    "addr:city": "중구",
    "addr:housenumber": "172",
    "addr:province": "서울특별시",
    "addr:street": "청계천로",
    "addr:suburb": "주교동",
    "addr:unit": "1층 105호",
    "amenity": "restaurant",
    "name": "정우패키지(비타카페+83)",
    "id": "node/13851759911"
  },
  "geometry": {
    "type": "Point",
    "coordinates": [
      126.9988937,
      37.5687992
    ]
  }
},
{
  "type": "Feature",
  "id": "node/13851759912",
  "properties": {
    "addr:city": "중구",
    "addr:housenumber": "160",
    "addr:province": "서울특별시",
    "addr:street": "청계천로",
    "addr:suburb": "산림동",
    "addr:unit": "세운청계상가 3층 바열 315,316호",
    "amenity": "restaurant",
    "name": "동서옥",
    "id": "node/13851759912"
  },
  "geometry": {
    "type": "Point",
    "coordinates": [
      126.9985152,
      37.5686368
    ]
  }
},
{
  "type": "Feature",
  "id": "node/13851759913",
  "properties": {
    "addr:city": "중구",
    "addr:housenumber": "160",
    "addr:province": "서울특별시",
    "addr:street": "청계천로",
    "addr:suburb": "산림동",
    "addr:unit": "3층 바열 301호,302호",
    "amenity": "restaurant",
    "name": "웜비어위캔드",
    "id": "node/13851759913"
  },
  "geometry": {
    "type": "Point",
    "coordinates": [
      126.9981889,
      37.5686169
    ]
  }
},
{
  "type": "Feature",
  "id": "node/13851759914",
  "properties": {
    "addr:city": "중구",
    "addr:housenumber": "14",
    "addr:province": "서울특별시",
    "addr:street": "청계천로",
    "addr:suburb": "무교동",
    "addr:unit": "1층",
    "amenity": "restaurant",
    "name": "스카이",
    "id": "node/13851759914"
  },
  "geometry": {
    "type": "Point",
    "coordinates": [
      126.9977301,
      37.5685083
    ]
  }
},
{
  "type": "Feature",
  "id": "node/13851759917",
  "properties": {
    "addr:city": "중구",
    "addr:housenumber": "100",
    "addr:province": "서울특별시",
    "addr:street": "청계천로",
    "addr:suburb": "수표동",
    "addr:unit": "시그니쳐타워 지하1층",
    "amenity": "restaurant",
    "name": "술24 청계천4가점",
    "id": "node/13851759917"
  },
  "geometry": {
    "type": "Point",
    "coordinates": [
      126.9967183,
      37.5684419
    ]
  }
},
{
  "type": "Feature",
  "id": "node/13851759920",
  "properties": {
    "addr:city": "중구",
    "addr:housenumber": "100",
    "addr:province": "서울특별시",
    "addr:street": "청계천로",
    "addr:suburb": "수표동",
    "addr:unit": "시그니쳐타워 지하 1층",
    "amenity": "restaurant",
    "name": "펠트 청계천점",
    "id": "node/13851759920"
  },
  "geometry": {
    "type": "Point",
    "coordinates": [
      126.9788197,
      37.5687923
    ]
  }
},
{
  "type": "Feature",
  "id": "node/13851759921",
  "properties": {
    "addr:city": "중구",
    "addr:housenumber": "100",
    "addr:province": "서울특별시",
    "addr:street": "청계천로",
    "addr:suburb": "수표동",
    "addr:unit": "시그니쳐타워 지하 1층",
    "amenity": "restaurant",
    "name": "브루클린더버거조인트 청계천점",
    "id": "node/13851759921"
  },
  "geometry": {
    "type": "Point",
    "coordinates": [
      126.9788197,
      37.5687923
    ]
  }
},
{
  "type": "Feature",
  "id": "node/13851759931",
  "properties": {
    "addr:city": "중구",
    "addr:housenumber": "22-7",
    "addr:province": "서울특별시",
    "addr:street": "창경궁로8길",
    "addr:suburb": "주교동",
    "addr:unit": "1층",
    "amenity": "restaurant",
    "name": "굿맘할매순대국",
    "id": "node/13851759931"
  },
  "geometry": {
    "type": "Point",
    "coordinates": [
      126.99835,
      37.5685538
    ]
  }
},
{
  "type": "Feature",
  "id": "node/13851759932",
  "properties": {
    "addr:city": "중구",
    "addr:housenumber": "22-5",
    "addr:province": "서울특별시",
    "addr:street": "창경궁로8길",
    "addr:suburb": "주교동",
    "amenity": "restaurant",
    "name": "섯다갈비",
    "id": "node/13851759932"
  },
  "geometry": {
    "type": "Point",
    "coordinates": [
      126.9998315,
      37.5687877
    ]
  }
},
{
  "type": "Feature",
  "id": "node/13851759935",
  "properties": {
    "addr:city": "중구",
    "addr:housenumber": "02-01",
    "addr:province": "서울특별시",
    "addr:street": "창경궁로8길",
    "addr:suburb": "주교동",
    "addr:unit": "1층",
    "amenity": "restaurant",
    "name": "임실 정육식당",
    "id": "node/13851759935"
  },
  "geometry": {
    "type": "Point",
    "coordinates": [
      126.9995794,
      37.5687102
    ]
  }
},
{
  "type": "Feature",
  "id": "node/13851759936",
  "properties": {
    "addr:city": "중구",
    "addr:housenumber": "02-01",
    "addr:province": "서울특별시",
    "addr:street": "창경궁로8길",
    "addr:suburb": "주교동,(지상1층",
    "addr:unit": ")",
    "amenity": "restaurant",
    "name": "은주정황금관",
    "id": "node/13851759936"
  },
  "geometry": {
    "type": "Point",
    "coordinates": [
      126.9995794,
      37.5687102
    ]
  }
},
{
  "type": "Feature",
  "id": "node/13851759943",
  "properties": {
    "addr:city": "중구",
    "addr:housenumber": "7",
    "addr:province": "서울특별시",
    "addr:street": "창경궁로5길",
    "addr:unit": "1층 (을지로4가)",
    "amenity": "restaurant",
    "name": "청수복국",
    "id": "node/13851759943"
  },
  "geometry": {
    "type": "Point",
    "coordinates": [
      126.9988553,
      37.5685886
    ]
  }
},
{
  "type": "Feature",
  "id": "node/13851759944",
  "properties": {
    "addr:city": "중구",
    "addr:housenumber": "5",
    "addr:province": "서울특별시",
    "addr:street": "창경궁로5길",
    "addr:unit": "5층 (을지로4가)",
    "amenity": "restaurant",
    "name": "보건옥 불고기쎈타",
    "id": "node/13851759944"
  },
  "geometry": {
    "type": "Point",
    "coordinates": [
      126.9987577,
      37.5685271
    ]
  }
},
{
  "type": "Feature",
  "id": "node/13851759945",
  "properties": {
    "addr:city": "중구",
    "addr:housenumber": "5",
    "addr:province": "서울특별시",
    "addr:street": "창경궁로5길",
    "addr:unit": "2층 201호 (을지로4가)",
    "amenity": "restaurant",
    "name": "제일식당",
    "id": "node/13851759945"
  },
  "geometry": {
    "type": "Point",
    "coordinates": [
      126.9986862,
      37.5686458
    ]
  }
},
{
  "type": "Feature",
  "id": "node/13851759974",
  "properties": {
    "addr:city": "중구",
    "addr:housenumber": "6",
    "addr:province": "서울특별시",
    "addr:street": "창경궁로",
    "addr:unit": "(충무로5가,부성빌딩)",
    "amenity": "restaurant",
    "name": "최가네 맛집",
    "id": "node/13851759974"
  },
  "geometry": {
    "type": "Point",
    "coordinates": [
      126.9982635,
      37.5685363
    ]
  }
},
{
  "type": "Feature",
  "id": "node/13851759976",
  "properties": {
    "addr:city": "중구",
    "addr:housenumber": "May-40",
    "addr:province": "서울특별시",
    "addr:street": "창경궁로",
    "addr:unit": "1층 (을지로4가)",
    "amenity": "restaurant",
    "name": "본고향맛집",
    "id": "node/13851759976"
  },
  "geometry": {
    "type": "Point",
    "coordinates": [
      126.9976723,
      37.5683428
    ]
  }
},
{
  "type": "Feature",
  "id": "node/13851760423",
  "properties": {
    "addr:city": "중구",
    "addr:housenumber": "40",
    "addr:province": "서울특별시",
    "addr:street": "을지로33길",
    "addr:suburb": "주교동",
    "amenity": "restaurant",
    "name": "을지반점",
    "id": "node/13851760423"
  },
  "geometry": {
    "type": "Point",
    "coordinates": [
      127.0009838,
      37.5690483
    ]
  }
},
{
  "type": "Feature",
  "id": "node/13851760428",
  "properties": {
    "addr:city": "중구",
    "addr:housenumber": "31",
    "addr:province": "서울특별시",
    "addr:street": "을지로33길",
    "addr:unit": "(을지로4가, 명신빌딩 1층 104호)",
    "amenity": "restaurant",
    "name": "삼보호프",
    "id": "node/13851760428"
  },
  "geometry": {
    "type": "Point",
    "coordinates": [
      126.99991,
      37.569007
    ]
  }
},
{
  "type": "Feature",
  "id": "node/13851760447",
  "properties": {
    "addr:city": "중구",
    "addr:housenumber": "32-22",
    "addr:province": "서울특별시",
    "addr:street": "을지로27길",
    "addr:suburb": "주교동",
    "addr:unit": "1층",
    "amenity": "restaurant",
    "name": "계영배",
    "id": "node/13851760447"
  },
  "geometry": {
    "type": "Point",
    "coordinates": [
      126.9989509,
      37.5687424
    ]
  }
},
{
  "type": "Feature",
  "id": "node/13851760448",
  "properties": {
    "addr:city": "중구",
    "addr:housenumber": "32-20",
    "addr:province": "서울특별시",
    "addr:street": "을지로27길",
    "addr:suburb": "주교동",
    "amenity": "restaurant",
    "name": "삼영",
    "id": "node/13851760448"
  },
  "geometry": {
    "type": "Point",
    "coordinates": [
      126.9989509,
      37.5687424
    ]
  }
},
{
  "type": "Feature",
  "id": "node/13851760454",
  "properties": {
    "addr:city": "중구",
    "addr:housenumber": "27",
    "addr:province": "서울특별시",
    "addr:street": "을지로27길",
    "addr:suburb": "주교동",
    "addr:unit": "2층",
    "amenity": "restaurant",
    "name": "한우집",
    "id": "node/13851760454"
  },
  "geometry": {
    "type": "Point",
    "coordinates": [
      127.0002626,
      37.5690072
    ]
  }
},
{
  "type": "Feature",
  "id": "node/13851760455",
  "properties": {
    "addr:city": "중구",
    "addr:housenumber": "27",
    "addr:province": "서울특별시",
    "addr:street": "을지로27길",
    "addr:suburb": "주교동",
    "addr:unit": "1층",
    "amenity": "restaurant",
    "name": "대성식당",
    "id": "node/13851760455"
  },
  "geometry": {
    "type": "Point",
    "coordinates": [
      127.0002626,
      37.5690072
    ]
  }
},
{
  "type": "Feature",
  "id": "node/13851760456",
  "properties": {
    "addr:city": "중구",
    "addr:housenumber": "19",
    "addr:province": "서울특별시",
    "addr:street": "을지로27길",
    "addr:suburb": "주교동",
    "amenity": "restaurant",
    "name": "언니분식",
    "id": "node/13851760456"
  },
  "geometry": {
    "type": "Point",
    "coordinates": [
      127.0002626,
      37.5690072
    ]
  }
},
{
  "type": "Feature",
  "id": "node/13851760457",
  "properties": {
    "addr:city": "중구",
    "addr:housenumber": "18-2",
    "addr:province": "서울특별시",
    "addr:street": "을지로27길",
    "addr:suburb": "주교동,(지상1층",
    "addr:unit": ")",
    "amenity": "restaurant",
    "name": "이모네",
    "id": "node/13851760457"
  },
  "geometry": {
    "type": "Point",
    "coordinates": [
      127.0002626,
      37.5690072
    ]
  }
},
{
  "type": "Feature",
  "id": "node/13851760458",
  "properties": {
    "addr:city": "중구",
    "addr:housenumber": "1",
    "addr:province": "서울특별시",
    "addr:street": "을지로27길",
    "addr:unit": "(을지로4가, 1층)",
    "amenity": "restaurant",
    "name": "소민식당",
    "id": "node/13851760458"
  },
  "geometry": {
    "type": "Point",
    "coordinates": [
      127.0003204,
      37.5690802
    ]
  }
},
{
  "type": "Feature",
  "id": "node/13851760521",
  "properties": {
    "addr:city": "중구",
    "addr:housenumber": "28",
    "addr:province": "서울특별시",
    "addr:street": "을지로14길",
    "addr:suburb": "초동",
    "amenity": "restaurant",
    "name": "윤참치",
    "id": "node/13851760521"
  },
  "geometry": {
    "type": "Point",
    "coordinates": [
      126.9943906,
      37.5680645
    ]
  }
},
{
  "type": "Feature",
  "id": "node/13851760522",
  "properties": {
    "addr:city": "중구",
    "addr:housenumber": "27",
    "addr:province": "서울특별시",
    "addr:street": "을지로14길",
    "addr:suburb": "초동",
    "addr:unit": "1층",
    "amenity": "restaurant",
    "name": "세운식당",
    "id": "node/13851760522"
  },
  "geometry": {
    "type": "Point",
    "coordinates": [
      126.9943906,
      37.5680645
    ]
  }
},
{
  "type": "Feature",
  "id": "node/13851760594",
  "properties": {
    "addr:city": "중구",
    "addr:housenumber": "18",
    "addr:province": "서울특별시",
    "addr:street": "을지로11길",
    "addr:unit": "(을지로3가,(1층))",
    "amenity": "bar",
    "name": "하이드 미, 플리즈(Hide me, Please)",
    "id": "node/13851760594"
  },
  "geometry": {
    "type": "Point",
    "coordinates": [
      126.99074,
      37.5679006
    ]
  }
},
{
  "type": "Feature",
  "id": "node/13851760595",
  "properties": {
    "addr:city": "중구",
    "addr:housenumber": "14",
    "addr:province": "서울특별시",
    "addr:street": "을지로11길",
    "addr:unit": "5층 (을지로3가)",
    "amenity": "cafe",
    "name": "신도시",
    "id": "node/13851760595"
  },
  "geometry": {
    "type": "Point",
    "coordinates": [
      126.9907361,
      37.5678105
    ]
  }
},
{
  "type": "Feature",
  "id": "node/13851760880",
  "properties": {
    "addr:city": "중구",
    "addr:housenumber": "61",
    "addr:province": "서울특별시",
    "addr:street": "수표로",
    "addr:unit": "(을지로2가, 지하1층)",
    "amenity": "restaurant",
    "name": "대지",
    "id": "node/13851760880"
  },
  "geometry": {
    "type": "Point",
    "coordinates": [
      126.9904887,
      37.5677964
    ]
  }
},
{
  "type": "Feature",
  "id": "node/13851761678",
  "properties": {
    "addr:city": "중구",
    "addr:housenumber": "363",
    "addr:province": "서울특별시",
    "addr:street": "삼일대로",
    "addr:suburb": "장교동, 3층",
    "amenity": "restaurant",
    "name": "나무",
    "id": "node/13851761678"
  },
  "geometry": {
    "type": "Point",
    "coordinates": [
      126.9878711,
      37.5678948
    ]
  }
},
{
  "type": "Feature",
  "id": "node/13851761718",
  "properties": {
    "addr:city": "중구",
    "addr:housenumber": "32",
    "addr:province": "서울특별시",
    "addr:street": "무교로",
    "addr:suburb": "무교동,(효령B/D 지상1층",
    "addr:unit": ")",
    "amenity": "restaurant",
    "name": "남산복집",
    "id": "node/13851761718"
  },
  "geometry": {
    "type": "Point",
    "coordinates": [
      126.9795815,
      37.5687354
    ]
  }
},
{
  "type": "Feature",
  "id": "node/13851761719",
  "properties": {
    "addr:city": "중구",
    "addr:housenumber": "28",
    "addr:province": "서울특별시",
    "addr:street": "무교로",
    "addr:suburb": "무교동",
    "addr:unit": "시그너스빌딩 1층",
    "amenity": "restaurant",
    "name": "제이에이치 텍사스",
    "id": "node/13851761719"
  },
  "geometry": {
    "type": "Point",
    "coordinates": [
      126.9795815,
      37.5687354
    ]
  }
},
{
  "type": "Feature",
  "id": "node/13851763238",
  "properties": {
    "addr:city": "중구",
    "addr:housenumber": "117",
    "addr:province": "서울특별시",
    "addr:street": "남대문로",
    "addr:suburb": "다동",
    "addr:unit": "지하1층 13,13-1호",
    "amenity": "restaurant",
    "name": "오늘의 식당",
    "id": "node/13851763238"
  },
  "geometry": {
    "type": "Point",
    "coordinates": [
      126.9819191,
      37.5688311
    ]
  }
},
{
  "type": "Feature",
  "id": "node/13900498845",
  "properties": {
    "addr:city": "서울특별시",
    "addr:country": "KR",
    "addr:district": "종로구",
    "addr:housenumber": "67",
    "addr:street": "청계천로",
    "name": "류영헤어투비 종각역점",
    "shop": "hairdresser",
    "id": "node/13900498845"
  },
  "geometry": {
    "type": "Point",
    "coordinates": [
      126.985104,
      37.568798
    ]
  }
},
{
  "type": "Feature",
  "id": "node/13900525301",
  "properties": {
    "addr:city": "서울특별시",
    "addr:country": "KR",
    "addr:district": "종로구",
    "addr:housenumber": "266",
    "addr:street": "종로",
    "name": "규수방커텐",
    "shop": "hairdresser",
    "id": "node/13900525301"
  },
  "geometry": {
    "type": "Point",
    "coordinates": [
      127.008258,
      37.57018
    ]
  }
},
{
  "type": "Feature",
  "id": "node/13911616390",
  "properties": {
    "addr:city": "서울특별시",
    "addr:district": "종로구",
    "addr:housenumber": "215-1,",
    "addr:postcode": "03195",
    "addr:street": "청계천로",
    "name": "CU 종로광장시장점",
    "shop": "convenience",
    "id": "node/13911616390"
  },
  "geometry": {
    "type": "Point",
    "coordinates": [
      127.001598,
      37.569862
    ]
  }
},
{
  "type": "Feature",
  "id": "node/13947202189",
  "properties": {
    "addr:city": "서울특별시",
    "addr:district": "중구",
    "addr:housenumber": "32",
    "addr:street": "무교로",
    "name": "뷰태 에스테틱",
    "shop": "beauty",
    "id": "node/13947202189"
  },
  "geometry": {
    "type": "Point",
    "coordinates": [
      126.979562,
      37.568766
    ]
  }
},
{
  "type": "Feature",
  "id": "node/13947203552",
  "properties": {
    "addr:city": "서울특별시",
    "addr:district": "종로구",
    "addr:housenumber": "35",
    "addr:street": "청계천로",
    "name": "넘버텐",
    "shop": "beauty",
    "id": "node/13947203552"
  },
  "geometry": {
    "type": "Point",
    "coordinates": [
      126.981377,
      37.569338
    ]
  }
},
{
  "type": "Feature",
  "id": "node/13986369143",
  "properties": {
    "name": "데일리라이크",
    "shop": "fabric",
    "id": "node/13986369143"
  },
  "geometry": {
    "type": "Point",
    "coordinates": [
      127.0080853,
      37.5701495
    ]
  }
},
{
  "type": "Feature",
  "id": "node/13986369144",
  "properties": {
    "name": "무신사 스튜디오 동대문종합시장점",
    "shop": "clothes",
    "id": "node/13986369144"
  },
  "geometry": {
    "type": "Point",
    "coordinates": [
      127.0080156,
      37.5699737
    ]
  }
},
{
  "type": "Feature",
  "id": "node/13986369145",
  "properties": {
    "name": "충남주단",
    "shop": "clothes",
    "id": "node/13986369145"
  },
  "geometry": {
    "type": "Point",
    "coordinates": [
      127.0084877,
      37.5700007
    ]
  }
},
{
  "type": "Feature",
  "id": "node/13986369147",
  "properties": {
    "name": "부전모사",
    "shop": "clothes",
    "id": "node/13986369147"
  },
  "geometry": {
    "type": "Point",
    "coordinates": [
      127.008468,
      37.5701254
    ]
  }
},
{
  "type": "Feature",
  "id": "node/13986369148",
  "properties": {
    "name": "금강섬유",
    "shop": "clothes",
    "id": "node/13986369148"
  },
  "geometry": {
    "type": "Point",
    "coordinates": [
      127.0082445,
      37.570046
    ]
  }
},
{
  "type": "Feature",
  "id": "node/13986369149",
  "properties": {
    "name": "미림사",
    "shop": "clothes",
    "id": "node/13986369149"
  },
  "geometry": {
    "type": "Point",
    "coordinates": [
      127.0079369,
      37.57008
    ]
  }
},
{
  "type": "Feature",
  "id": "node/13986369160",
  "properties": {
    "amenity": "cafe",
    "brand": "공차",
    "brand:en": "Gong Cha",
    "brand:ko": "공차",
    "brand:wikidata": "Q5581670",
    "brand:zh": "貢茶",
    "cuisine": "bubble_tea",
    "name": "공차",
    "name:en": "Gong Cha",
    "name:ko": "공차",
    "name:zh": "貢茶",
    "takeaway": "yes",
    "id": "node/13986369160"
  },
  "geometry": {
    "type": "Point",
    "coordinates": [
      127.0069535,
      37.5699567
    ]
  }
},
{
  "type": "Feature",
  "id": "node/13986369163",
  "properties": {
    "amenity": "fast_food",
    "cuisine": "donut",
    "name": "던킨",
    "id": "node/13986369163"
  },
  "geometry": {
    "type": "Point",
    "coordinates": [
      127.0074434,
      37.5699978
    ]
  }
},
{
  "type": "Feature",
  "id": "node/13986369164",
  "properties": {
    "amenity": "cafe",
    "brand": "메가MGC커피",
    "brand:en": "Mega Coffee",
    "brand:ko": "메가MGC커피",
    "brand:wikidata": "Q120998343",
    "cuisine": "coffee_shop",
    "name": "메가MGC커피",
    "name:en": "Mega Coffee",
    "name:ko": "메가MGC커피",
    "short_name": "MGC",
    "takeaway": "yes",
    "id": "node/13986369164"
  },
  "geometry": {
    "type": "Point",
    "coordinates": [
      127.0072521,
      37.570114
    ]
  }
},
{
  "type": "Feature",
  "id": "node/13986369165",
  "properties": {
    "amenity": "restaurant",
    "name": "동대문시장육개장",
    "id": "node/13986369165"
  },
  "geometry": {
    "type": "Point",
    "coordinates": [
      127.0072235,
      37.5700488
    ]
  }
},
{
  "type": "Feature",
  "id": "node/13986369166",
  "properties": {
    "name": "안성수예",
    "shop": "clothes",
    "id": "node/13986369166"
  },
  "geometry": {
    "type": "Point",
    "coordinates": [
      127.0071251,
      37.5699326
    ]
  }
},
{
  "type": "Feature",
  "id": "node/13986369167",
  "properties": {
    "name": "콤마",
    "shop": "clothes",
    "id": "node/13986369167"
  },
  "geometry": {
    "type": "Point",
    "coordinates": [
      127.0073451,
      37.569934
    ]
  }
},
{
  "type": "Feature",
  "id": "node/13986369168",
  "properties": {
    "name": "칠성상사",
    "shop": "clothes",
    "id": "node/13986369168"
  },
  "geometry": {
    "type": "Point",
    "coordinates": [
      127.0075739,
      37.5699496
    ]
  }
},
{
  "type": "Feature",
  "id": "node/13986369169",
  "properties": {
    "name": "대영상사",
    "shop": "clothes",
    "id": "node/13986369169"
  },
  "geometry": {
    "type": "Point",
    "coordinates": [
      127.0076973,
      37.5699638
    ]
  }
},
{
  "type": "Feature",
  "id": "node/13986369170",
  "properties": {
    "name": "엑스제곱",
    "shop": "clothes",
    "id": "node/13986369170"
  },
  "geometry": {
    "type": "Point",
    "coordinates": [
      127.0076777,
      37.5701353
    ]
  }
},
{
  "type": "Feature",
  "id": "node/13998645984",
  "properties": {
    "emergency": "fire_hydrant",
    "fire_hydrant:position": "sidewalk",
    "fire_hydrant:type": "pillar",
    "id": "node/13998645984"
  },
  "geometry": {
    "type": "Point",
    "coordinates": [
      126.9923555,
      37.568044
    ]
  }
},
{
  "type": "Feature",
  "id": "node/13998651335",
  "properties": {
    "emergency": "fire_hydrant",
    "fire_hydrant:position": "sidewalk",
    "fire_hydrant:type": "pillar",
    "id": "node/13998651335"
  },
  "geometry": {
    "type": "Point",
    "coordinates": [
      126.9895016,
      37.567914
    ]
  }
},
{
  "type": "Feature",
  "id": "node/13998655818",
  "properties": {
    "emergency": "fire_hydrant",
    "fire_hydrant:position": "sidewalk",
    "fire_hydrant:type": "pillar",
    "id": "node/13998655818"
  },
  "geometry": {
    "type": "Point",
    "coordinates": [
      126.9858514,
      37.5679986
    ]
  }
},
{
  "type": "Feature",
  "id": "node/13998656203",
  "properties": {
    "emergency": "fire_hydrant",
    "fire_hydrant:position": "sidewalk",
    "fire_hydrant:type": "pillar",
    "id": "node/13998656203"
  },
  "geometry": {
    "type": "Point",
    "coordinates": [
      126.9889154,
      37.5678456
    ]
  }
},
{
  "type": "Feature",
  "id": "node/13998656204",
  "properties": {
    "emergency": "fire_hydrant",
    "fire_hydrant:type": "pillar",
    "id": "node/13998656204"
  },
  "geometry": {
    "type": "Point",
    "coordinates": [
      126.9923555,
      37.568044
    ]
  }
},
{
  "type": "Feature",
  "id": "node/14002851861",
  "properties": {
    "amenity": "restaurant",
    "cuisine": "mexican",
    "name": "더타코부스 서울종각역점",
    "id": "node/14002851861"
  },
  "geometry": {
    "type": "Point",
    "coordinates": [
      126.984055,
      37.5690553
    ]
  }
}
]
}
